style,0,1,2,3,4,5,6,7,8,9,10,11,12,13,14,15,16,17,18,19,20,21,22,23,24,25,26,27,28,29,30,31
Experimental,0.0057458063,-0.028914213,0.23238902,0.34154737,0.055945694,-0.009055963,0.5632643,-0.022636626,0.15413739,-0.39103803,0.25005502,-0.38031897,-0.2251765,0.036841415,-0.19587241,-0.10215687,-0.1870339,-0.0382843,-0.23746836,0.124904804,0.40783623,0.16063604,0.4034617,-0.1370524,0.053930745,0.14579326,-0.20538567,0.07467283,-0.3194036,-0.33062994,0.03396153,0.061917283
Pop_Rock,-0.06375199,-0.20049962,0.2897946,0.035331,0.27969816,-0.20486823,-0.08911674,-0.10200564,0.098170385,-0.1319957,-0.06973591,-0.22997624,0.06270796,-0.22110416,-0.15226921,0.44001758,-0.004624118,0.2194331,-0.03994404,0.39599735,0.16982101,0.39111876,0.3383243,-0.12029474,0.073437974,0.10553985,-0.23295209,0.1582353,0.02018121,-0.36109725,0.1460278,-0.1072245
Ambient,0.08334525,-0.13835289,0.19878101,0.36293387,0.13743007,-0.17656906,0.78904605,-0.040741783,0.049091402,-0.21187828,0.26761475,-0.39068252,-0.085777715,0.10232741,-0.24181272,-0.07389501,-0.316458,0.014323453,-0.054547388,0.16434999,0.36929592,0.13507386,0.2630858,-0.13303801,-0.046266146,0.34099647,-0.21535389,0.041142706,-0.2929452,-0.15094061,0.069705114,0.10055726
House,-0.40182424,-0.13659833,0.19783153,0.55883574,0.35275543,-0.17469479,0.45509684,-0.10538819,-0.08109235,-0.13112155,0.251792,-0.703106,-0.23138666,-0.24120037,-0.07836863,0.054867513,-0.10549591,-0.081293486,0.06959573,0.3658583,-0.026454173,0.45610514,0.29165563,-0.20662025,0.112479396,-0.0883014,0.04194521,0.117342666,-0.011245401,0.18233386,0.09364053,-0.13520281
Synth-pop,-0.058379106,-0.29210183,0.23760107,0.29845345,0.3807402,-0.035273474,0.19213499,-0.17850111,0.12554768,-0.08654497,0.25393498,-0.33760333,0.09562212,-0.20122865,-0.31380224,0.3632576,0.0011637625,-0.0013581289,0.022835432,0.37978286,0.13087747,0.2447781,0.35689285,-0.15725774,0.12348964,-0.09013098,-0.06531348,0.3073443,-0.08320271,-0.17871948,0.23535277,-0.15874553
Techno,-0.44304398,-0.20576301,0.15067066,0.51984745,0.27817556,-0.20470294,0.55780834,0.08197466,0.08425899,-0.19782163,0.21582147,-0.6124462,-0.13911545,-0.04636803,-0.05793974,-0.048658058,-0.28684673,-0.27223778,-0.07731733,0.17812575,0.16954002,0.22167116,0.422014,-0.22169404,0.020085609,0.07731772,-0.00762184,0.3555296,-0.18768749,0.13217954,0.26633707,-0.036821753
Vocal,0.21549635,-0.17337827,0.019308697,-0.017800895,0.28395367,-0.2854292,-0.022165587,-0.20296203,-0.06938363,-0.011790053,-0.041789502,-0.17313221,-0.033543494,-0.2090323,-0.0037799857,0.62142664,-0.124763094,0.2951338,-0.13973379,0.31167957,0.27700508,0.3719421,0.31533515,0.25578967,-0.05638426,0.12756045,-0.040007655,0.10319986,0.061997667,-0.1506638,0.26583946,-0.20674866
Punk,-0.04365747,-0.11696244,0.6938812,0.20057528,-0.14066696,-0.06882534,0.06664662,0.18456414,0.057340324,-0.09379585,-0.19015063,-0.21250574,-0.19531173,-0.0651289,0.007727383,0.106315784,-0.013768523,-0.26194072,-0.5222397,0.12538642,0.23599519,0.34280962,0.69314295,-0.45690894,0.21136402,0.025443546,-0.29107228,0.45605794,0.014761133,-0.3388264,-0.03317753,-0.21814542
Ballad,-0.036435273,-0.24813706,0.035162296,0.1156687,0.3013455,-0.16015676,-0.028486637,-0.13143282,-0.08477508,-0.10813552,0.121315986,-0.0722833,0.00062936515,-0.24413852,0.00207128,0.5947171,0.007924865,0.35718468,-0.07141143,0.3539843,0.14000854,0.44031698,0.3164841,0.15023838,-0.03028923,0.1302164,-0.14595595,0.17493153,0.07563093,-0.24968101,0.39477122,-0.15740694
Electro,-0.09446657,-0.18284671,0.16808604,0.43926007,0.2840142,-0.0560127,0.40210256,-0.06507923,0.097600594,-0.32404122,0.29360414,-0.531397,-0.100128606,-0.035148226,-0.14871632,-0.02544793,-0.23530829,-0.07528389,0.035490375,0.3055636,0.0653736,0.21848376,0.4360234,-0.24213539,0.12994199,0.007843494,-0.0057783457,0.32530048,-0.11098394,-0.004754848,0.16804892,-0.08406193
Alternative_Rock,0.09994543,-0.2622079,0.57747895,0.118792325,0.24404147,-0.17866571,0.116203174,0.039859656,-0.0026704457,-0.22634624,-0.17407161,-0.14214283,-0.02259516,0.03017345,-0.25724936,0.19510522,0.00024682083,-0.05903931,-0.29502028,0.25471294,0.34022358,0.2719222,0.30366206,-0.5218515,0.15067635,0.05500026,-0.33505294,0.05796597,0.0025824523,-0.41740707,0.05425846,-0.15502633
Downtempo,-0.14295615,-0.20434174,0.17410421,0.22955409,0.11213289,-0.23412646,0.73820597,-0.16101444,-0.070602216,-0.39618865,0.28559643,-0.32130876,-0.18620901,-0.111470595,-0.17838363,0.13319156,-0.2444199,0.09268816,0.15025659,0.27613634,0.13183422,0.3421015,0.31299552,-0.1737128,0.0010316531,0.027917603,-0.012637705,0.08481214,-0.18727642,-0.04647544,-0.085529104,0.0013824558
Hardcore,-0.21226661,-0.16242158,0.7552594,0.39507002,-0.17716324,-0.22668226,0.2528895,0.3245297,0.111952685,-0.019072581,0.18442416,-0.3635003,-0.3111771,0.11187543,0.11857428,0.079566,0.021174548,-0.32133904,-0.68635905,-0.070144355,-0.0006503921,0.5072451,0.69126284,-0.27082527,0.07761741,0.31613415,-0.34766543,0.42189378,-0.0018687854,-0.10647259,-0.107059956,-0.25744906
Indie_Rock,0.1409949,-0.26167482,0.5082922,0.07610994,0.29452366,-0.26076317,0.02047131,0.14339845,0.08340615,-0.2917441,-0.13977374,-0.14875679,-0.1913446,0.00024155038,-0.42023405,0.13099337,-0.0862003,0.03193291,-0.2368213,0.1323411,0.44769326,0.35482693,0.3608985,-0.42537618,0.14566493,-0.076112814,-0.50432307,0.09954221,0.101710655,-0.32047123,-0.017240833,-0.12995334
Disco,-0.076930486,-0.34572124,0.07760068,0.11918498,0.22481817,0.02898533,0.15451132,-0.32845506,-0.14775689,-0.061304465,0.053944316,-0.5711317,0.045431647,-0.1990326,-0.23712058,0.36862344,0.09424453,0.03401218,0.1653301,0.40345612,-0.17458065,0.39227614,0.46160102,-0.14748305,-0.011947214,0.021940045,-0.008328854,0.19290523,-0.14324117,-0.04304324,0.26914045,-0.12765221
Soul,0.100702345,-0.30640608,0.058463767,-0.1197473,0.1466851,0.028260658,0.04757042,-0.34727368,-0.19055958,-0.11826689,-0.20016395,-0.41517398,-0.00037301806,-0.33600965,-0.108017154,0.32597938,-0.053974032,0.1922774,0.060239572,0.42282772,-0.21528949,0.53393334,0.32692322,-0.14717977,-0.1774307,0.22537924,-0.021505103,0.21506566,-0.33656654,-0.14636482,0.2737776,-0.104238845
Folk,0.29431745,-0.21916005,-0.14122191,0.08854645,0.01716785,-0.35468602,0.046360638,0.15471388,-0.4139522,0.030350057,0.13028625,-0.2695309,-0.18550326,0.012382426,-0.05236491,0.26189488,-0.19998819,0.56253856,-0.31678084,0.19622684,0.22426258,0.13407217,0.19831418,0.02178626,0.2400092,0.06588889,-0.28365898,0.09251081,0.10216708,-0.4161337,0.1401466,-0.13705476
Psychedelic_Rock,0.23720302,-0.069205984,0.3552809,0.16714987,0.18489325,-0.22744033,-0.0010425275,0.062031664,0.15050903,-0.06141048,-0.19076945,-0.321255,-0.070890926,-0.10823357,-0.17420982,0.027582834,0.25876275,0.010490103,-0.029917505,0.24766268,0.56818235,0.52679527,0.12754025,-0.43844283,-0.08829023,0.17731997,-0.2916639,0.411848,-0.15988798,-0.5203857,-0.01381965,-0.0061823237
Industrial,0.111467876,-0.05877856,0.21112269,0.5714655,0.18798102,-0.034578346,0.45001012,-0.055103447,0.3882219,-0.16450201,0.39343473,-0.40961862,-0.15495528,0.05303627,-0.19642009,-0.0729444,-0.29883736,-0.21707916,-0.3014595,0.08711241,0.30976588,-0.0362695,0.4961978,-0.16949978,0.08651775,0.24634413,-0.2482886,0.3081575,-0.29216313,-0.32940856,0.16534089,0.09522467
Noise,0.06954712,-0.028127912,0.26388812,0.4527422,0.035479218,0.20105982,0.4424818,0.08073551,0.30668932,-0.20240448,0.29133892,-0.38896576,-0.26846907,-0.01151195,-0.12146209,-0.08228433,-0.19826578,-0.1588038,-0.42815888,0.017764287,0.4745929,0.20612791,0.43430808,-0.17546663,-0.06287824,0.26061288,-0.38000706,0.09549223,-0.39856914,-0.37583733,0.02584259,-0.056331888
Funk,0.1583793,-0.3142601,-0.07237437,-0.033814922,0.09815476,0.17798789,-0.0121156685,-0.32081568,-0.20120525,-0.24086493,-0.16092154,-0.5039796,-0.12547429,-0.28236368,-0.23574182,0.21145153,-0.062931545,0.00083909056,0.18189594,0.3826886,-0.23023354,0.5552416,0.44406903,-0.100657515,-0.09211237,0.16157672,-0.085051306,0.14423092,-0.20235366,-0.13391183,0.29760242,-0.11475636
Rock_&_Roll,-0.01037462,0.12384247,0.23034896,-0.118198186,0.23885368,-0.042901225,-0.041211944,-0.029009147,-0.044282563,-0.035230007,-0.5102078,-0.23094119,0.002465622,-0.38801107,0.1004933,0.29360384,-0.18469223,0.102207005,-0.20661052,0.3785538,0.18979795,0.3563365,0.50678945,-0.07596637,0.23947515,0.12848443,-0.15147817,0.56430006,-0.040630143,-0.5589174,0.07157143,-0.08516958
Abstract,-0.09037434,-0.074674286,0.13683061,0.36577207,0.015472218,-0.0074730567,0.726919,0.036623344,0.14729103,-0.40820664,0.2322546,-0.41315332,-0.16796319,0.05235213,-0.1361691,-0.046890516,-0.31513405,-0.03896606,-0.017585767,0.0718044,0.4282544,0.09882684,0.37125593,-0.1525854,0.014234757,0.15284787,-0.20196448,0.07893624,-0.3737104,-0.27761185,0.08921041,-0.025923898
Folk_Rock,0.17325753,-0.18607299,0.23339449,0.040217347,0.18567316,-0.26133543,-0.028426226,0.20505011,-0.017646827,-0.117790274,-0.1279573,-0.3575441,-0.08455493,-0.15449397,-0.16834581,0.3388567,0.05164568,0.40185615,-0.16690923,0.25946632,0.28104672,0.25833172,0.23037092,-0.29570153,0.073685355,-0.03461217,-0.36290646,0.15723334,-0.100843646,-0.5172066,-0.028053679,0.0556119
Soundtrack,0.32985207,-0.19296142,0.3498249,-0.21791522,-0.04393189,-0.10485852,0.30082,0.22156595,-0.37257072,-0.4404577,0.22567946,-0.46460882,0.36851335,-0.27039066,-0.2608981,0.3605399,-0.023906168,-0.1628408,-0.14907552,0.08248201,0.5427637,0.037363414,0.21227229,0.26782164,-0.09727368,0.556555,0.09300076,0.1159285,0.16679376,-0.047857217,0.5055687,-0.09619998
Trance,-0.65595245,-0.20460184,-0.11143456,0.4350441,0.4177298,-0.40902448,0.5309624,-0.044237897,0.09622154,-0.25914478,0.3114457,-0.6928452,0.0677613,-0.27482948,-0.07794771,0.15123278,-0.1288638,-0.21321611,-0.5376365,0.21600522,0.0919611,0.3632103,0.4142078,-0.40446213,-0.24351385,0.030349614,-0.00020170564,0.128776,0.08420831,0.2639908,0.04994428,0.09099612
Romantic,0.3055939,-0.20732959,0.22387475,0.09874629,-0.4482069,-0.4647921,0.060543355,-0.24519603,-0.02457708,0.10306154,-0.11505453,-0.57501817,0.039629765,0.3122688,-0.1577091,0.963389,-0.9146064,-0.056763988,-0.24901916,-0.09033601,0.75596666,0.54694515,-0.17941341,0.30976707,0.4160479,0.22164454,0.67053366,-0.22830935,0.07646992,-0.5110207,0.44432983,0.017839054
Minimal,-0.20011856,-0.1857338,0.09980001,0.49717793,0.26868933,-0.1028262,0.58596504,0.25945663,0.25208178,-0.18818492,0.15100674,-0.65055233,-0.17389125,-0.037519734,-0.20819761,-0.088297404,-0.32464805,-0.11023096,0.10633635,0.27553552,0.35812142,0.14485666,0.33801904,-0.20046589,0.18841958,0.14915137,0.017745988,0.06156132,-0.42127788,0.058099255,0.20079316,-0.12634887
Hard_Rock,0.021505557,0.052563168,0.56361467,0.1972078,-0.059538335,-0.33959872,-0.27145463,0.16529785,0.15457971,0.047701504,-0.062265463,-0.35867262,-0.0152450865,0.064828314,-0.08907821,0.28583622,0.1757674,-0.05721454,0.07210699,0.44705987,0.13627608,0.37225494,0.53651893,-0.5200011,-0.04596676,0.5328054,-0.36133072,0.27224675,0.13148452,-0.6180013,0.04859062,0.1152808
New_Wave,0.110875785,-0.20444329,0.45310947,0.20946078,0.29963621,-0.09274973,-0.030832132,0.069667265,0.22276977,-0.19611032,0.112171255,-0.27648777,0.040276658,-0.05761444,-0.380284,0.20161082,-0.036357053,-0.06893447,-0.05813609,0.29943907,0.18127975,0.26369426,0.7055403,-0.37302768,0.35042492,-0.065476954,-0.0077116233,0.30205512,-0.12213385,-0.21198548,0.07191225,-0.16287899
Deep_House,-0.42502394,-0.15930605,0.212774,0.5378227,0.33915508,-0.0794696,0.57833093,-0.022288036,-0.09161417,-0.14479537,0.13905755,-0.83966607,-0.31872812,-0.30907315,-0.040134408,-0.118734516,-0.19901277,-0.09079141,0.19119337,0.4666268,0.029223246,0.4782537,0.3331078,-0.102264635,0.197919,-0.046121288,0.053444564,-0.021864599,-0.030929869,0.20876653,-0.0037715945,-0.028556334
Drone,-0.080528654,0.12673393,0.13278405,0.3058148,0.089547366,-0.013323905,0.77217877,0.026382387,0.14130129,-0.20484005,0.38866562,-0.42242435,-0.15593533,0.046956357,-0.22628084,-0.07461683,-0.35220978,-0.05727693,-0.031068452,0.048318975,0.60106283,0.11336306,0.32357034,-0.18794313,0.00021311287,0.24509495,-0.36746395,0.081869654,-0.45551527,-0.38777924,-0.038882036,0.03687177
Euro_House,-0.69208,-0.09912966,0.29229012,0.3657078,0.47745335,-0.37863773,0.341473,-0.35412303,-0.16905038,-0.07649582,0.37728608,-0.64907366,0.20739442,-0.110598505,-0.09194464,0.4200518,0.067156166,-0.01557476,-0.20554936,0.13846005,-0.032765094,0.43081626,0.2238462,-0.24904741,0.047895573,-0.07799873,-0.08011744,0.19920611,-0.26514357,0.102730885,0.08180484,-0.09049167
Tech_House,-0.482209,-0.15246184,0.1954479,0.75620615,0.3756809,-0.19972591,0.6069792,0.1275089,0.06427453,-0.17704518,0.19143164,-0.6551911,-0.06593987,-0.19369796,0.09977187,-0.199778,-0.26577732,-0.12811443,0.1539237,0.44648513,0.2366531,0.36935902,0.3007463,-0.2829892,0.13712399,0.049533837,0.20714074,0.04109717,-0.256843,0.21748146,0.29387376,-0.07563508
Easy_Listening,0.37328705,-0.24938153,0.05020186,-0.26697183,0.19369383,-0.3068273,0.09335222,-0.15155292,-0.10507051,-0.23387109,-0.09885925,-0.22555311,-0.10680401,-0.21776876,0.3297397,0.8050726,-0.19431043,0.0013454747,-0.030885482,0.20141569,0.43125963,0.0354813,0.4117245,0.22901429,-0.1726504,0.17489935,0.08461578,0.16984856,-0.20389198,-0.05368449,0.31069547,-0.19539022
Breakbeat,-0.31346682,-0.30384246,0.47883913,0.40278178,0.012810553,-0.22079512,0.5001138,0.0069689527,-0.113635704,-0.57018757,0.2750716,-0.5319318,-0.26313832,0.027096326,0.12004295,0.0020744158,-0.19356395,-0.2011613,-0.1215166,0.18666479,-0.031745642,0.3720449,0.431774,-0.08870229,0.007188983,-0.117617436,-0.073180474,0.38989606,0.046382457,0.03509444,-0.100441776,0.12765463
IDM,-0.059809335,-0.1893752,0.22871041,0.36888012,0.14954595,-0.07450631,0.867914,-0.03726509,0.23501137,-0.41177025,0.33607718,-0.54282963,-0.20263888,0.07743643,-0.0036834578,-0.08153835,-0.30195972,-0.026073845,0.031620093,0.07565279,0.29434726,0.19782795,0.2823725,-0.16175061,-0.06876286,0.20413263,-0.13478033,0.2930095,-0.097184144,-0.15321344,0.023146287,0.050738055
Prog_Rock,0.16598299,-0.12116107,0.3880205,0.24934244,0.18581022,-0.3521585,-0.06444444,-0.0698192,0.051046453,-0.1357861,-0.23465881,-0.42571113,-0.14821443,0.04636825,-0.23617768,0.32547957,0.37238005,-0.04097299,0.015373331,0.2541286,0.38516223,0.1922438,0.3148559,-0.2786505,-0.039949283,0.31594086,-0.37983805,-0.021847315,-0.17500791,-0.63901955,0.07452812,0.43863598
Garage_Rock,-0.0022820714,-0.03959953,0.38868943,0.00041983963,0.08258248,-0.075128354,-0.013788226,0.085562825,0.087664425,-0.07830087,-0.48823085,-0.14514165,-0.0036795917,-0.39189562,-0.13317813,0.10805323,-0.08121097,-0.029784078,-0.2863725,0.062437482,0.39473125,0.61167663,0.43023348,-0.41055325,0.20124763,0.14789109,-0.058420286,0.45478776,-0.10808042,-0.56729215,-0.115639016,-0.15146357
Chanson,0.080374986,-0.08701021,0.08635445,0.10928188,0.20444088,-0.25647995,-0.2483176,-0.2450192,-0.1863267,-0.087774195,0.08615873,-0.1461839,-0.0067554843,-0.22843929,-0.03216631,0.4969439,-0.07257052,0.36594844,-0.044717535,0.22402856,0.4148006,0.41236314,0.41934124,0.28644568,0.007189237,0.11985037,0.0103566125,0.22830674,0.066912435,-0.14850673,0.16375785,-0.18377315
Rhythm_&_Blues,0.155188,-0.058107264,0.11792536,-0.25544152,0.26384038,0.09389388,-0.046562646,-0.24001858,-0.15747738,-0.06625019,-0.45889288,-0.3273517,-0.09696394,-0.31853172,0.058357995,0.15168387,-0.17834145,0.32567298,-0.264912,0.48549634,-0.10736173,0.6056737,0.35917732,-0.13013002,-0.08127723,0.405045,0.18980347,0.50954735,-0.18589664,-0.33339986,0.09676144,-0.16118954
Soft_Rock,-0.05392771,-0.113184586,0.16428223,0.038083572,0.2734326,-0.25956437,-0.1444726,0.017602712,0.13531561,-0.023363419,-0.017874582,-0.22459966,0.023781328,-0.19023581,-0.21372597,0.505474,-0.06971552,0.303421,0.012346067,0.42847523,0.09442845,0.53859705,0.3712009,-0.06577962,0.017139472,0.14573468,-0.19584545,0.021815827,-0.0022499806,-0.36877528,0.19481087,-0.0754894
Europop,-0.4788793,0.03263927,0.1589813,0.13829432,0.38186598,-0.28762525,-0.023893572,-0.31747118,-0.16397311,0.010834817,0.32923076,-0.3244994,-0.010097957,-0.22946295,-0.11582546,0.45533523,0.049531978,0.22903074,-0.11341609,0.38281298,0.108548425,0.42042503,0.37530467,-0.05894321,0.053801294,0.009652672,-0.1210358,0.19089274,0.06920372,-0.06258244,0.2812549,-0.15828468
Heavy_Metal,0.035859533,0.20649412,0.6421728,0.52070844,-0.27985758,-0.31865376,0.061919615,0.21259633,0.112912305,0.10819746,-0.1754176,-0.37167317,0.08855981,-0.054034635,0.025678758,0.47641367,0.16834013,-0.3788145,-0.21332373,0.5432303,0.050288547,0.20898615,0.5764447,-0.3526472,-0.03888254,0.27048698,-0.42455462,0.018528847,0.10289945,-0.7868127,0.07776361,0.34724712
Classical,0.42063755,-0.32379666,-0.060804777,0.094440304,-0.3126503,-0.49414513,0.082498,-0.14165401,0.04422693,-0.014763601,-0.17689823,-0.56739193,-0.016268598,0.3922876,-0.16553183,0.77695113,-0.85519934,-0.25276923,-0.31145436,-0.06973755,0.5772602,0.5006083,-0.07773092,0.3214995,0.3373746,0.22250317,0.50775546,-0.19779378,0.024102645,-0.3648647,0.50244683,-0.023919862
Acoustic,0.09176168,-0.14675462,0.18772075,0.103125,0.1985608,-0.24121724,0.03293641,0.17136271,-0.001988226,-0.07225135,-0.11235491,-0.20497103,-0.16624652,-0.032093372,-0.18358858,0.27776065,-0.13130185,0.39712045,-0.21816084,0.20069364,0.34314317,0.25767854,0.33213207,-0.29051715,0.09991062,0.10607246,-0.32669067,0.053038653,0.06779796,-0.37705958,0.099001564,-0.037653953
Blues_Rock,-0.05904102,-0.06913529,0.23389219,-0.007697211,0.23955952,-0.106748186,-0.2752667,0.24383818,0.032310084,-0.14336072,-0.3291983,-0.43837467,0.070732914,-0.021128083,0.0010665911,0.30565792,0.04156189,0.3069585,-0.08944393,0.4054682,0.19068646,0.34315214,0.2626724,-0.47033128,-0.014516072,0.4102517,-0.1787406,0.35327303,-0.15309444,-0.59063435,0.089370504,0.15345119
Dub,-0.2608386,-0.48052692,0.31491622,0.40998885,-0.36593968,-0.013631277,0.34549063,-0.344638,0.18496752,-0.42957044,0.16398738,-0.3085915,-0.19638115,-0.052076165,-0.123807654,0.13588074,-0.32489786,0.32743016,0.047923837,0.54297763,0.45612365,0.12497852,0.19774158,-0.51406765,-0.005160721,0.15705392,-0.01317217,0.28668237,-0.33964187,0.35971147,-0.116810985,-0.020084005
Dark_Ambient,0.17934863,0.0033774998,0.19147944,0.4689036,0.070556276,0.037245,0.74396783,0.06412595,0.24214876,-0.15693857,0.31943238,-0.42108864,-0.08422255,0.027867833,-0.3786511,0.07162966,-0.4172215,-0.01612802,-0.26606056,0.03867524,0.3971819,-0.016899843,0.37891796,-0.11259078,0.008820996,0.24091808,-0.2946086,0.09577165,-0.3770205,-0.3296863,0.021883575,0.1539295
Country,0.30665237,-0.0880299,-0.030747242,-0.12758137,0.14946038,-0.27091956,-0.043932345,0.17897177,-0.117960095,0.14029542,-0.33268774,-0.731527,0.04449508,-0.12833038,0.16861358,0.30035028,-0.30146435,0.76673204,-0.43293473,0.32471535,0.15657423,0.09831849,0.28407136,0.14613846,0.1971374,-0.31735262,-0.48625287,0.32049105,0.10945261,-0.30698776,0.29031742,-0.13054806
Baroque,0.6594692,-0.17463347,-0.11531382,0.007970859,-0.2632921,-0.5127064,0.20343655,-0.36547965,-0.017412018,0.21360204,-0.046642832,-0.6357723,0.025147762,0.5641158,-0.07477074,0.7973525,-0.89510924,-0.2446141,-0.5201858,0.14574863,0.46129367,0.65020037,-0.2375356,0.21075432,0.5466678,0.4228432,0.46874198,-0.2549423,0.04136505,-0.43976632,0.29655814,-0.05746702
Schlager,-0.024513219,-0.06568717,0.08185504,0.09080422,0.3679315,-0.46737066,-0.18152924,-0.2597855,-0.35915217,0.14991239,0.06634366,-0.06304152,0.013174171,-0.01859691,-0.11622192,0.4470626,-0.1619907,0.403972,-0.08527651,0.38393214,0.31348228,0.32356462,0.62057954,0.4864961,0.11810614,0.21025218,0.030441208,0.33700117,0.024447128,-0.10922063,0.1957179,-0.17622514
Progressive_House,-0.55748725,-0.18263969,0.039463423,0.61047226,0.48726648,-0.3802787,0.56619865,0.0636215,-0.116506316,-0.31683657,0.21557462,-0.6957077,0.03486998,-0.38534743,0.011104404,0.13068718,-0.29818624,-0.15017907,-0.15997775,0.3680528,-0.015914513,0.32979214,0.3287257,-0.3623502,-0.12288608,-0.015358451,0.11822264,-0.030446457,0.16811396,0.19447139,-0.07040588,0.10321467
Acid,-0.48089373,-0.34407815,0.11019594,0.59157854,0.16466239,-0.32692024,0.56495744,0.07505777,0.18673499,-0.20937966,0.2065533,-0.68524796,-0.28214467,-0.1357065,-0.013557143,-0.23059899,-0.18821596,-0.33464187,-0.19057687,0.115894355,0.15240602,0.27498955,0.47612703,-0.100334845,0.005364032,0.17024416,-0.02582381,0.43171808,-0.15436631,0.20283145,0.22713621,-0.10996271
Black_Metal,0.39123994,0.46421242,0.71568674,0.7487633,-0.25361845,0.03543936,0.6307383,0.2291812,-0.044995196,0.24930218,0.0828701,-0.25285617,-0.27914205,-0.15042216,-0.16746618,0.43016317,0.009883282,-0.2375949,-0.58091813,0.3199402,0.19323333,0.28104162,0.6057359,-0.21412855,-0.23749468,0.11919387,-0.44415826,0.10948142,-0.20493484,-0.4117257,-0.10354883,0.39199206
Classic_Rock,-0.043048233,-0.11252494,0.38530573,0.041858666,0.22605139,-0.23801088,-0.2086252,0.055622093,0.04349823,-0.047878884,-0.24780263,-0.39028382,0.22828001,0.014885854,-0.109342135,0.49656624,0.10770821,0.2673716,0.033904716,0.39928025,0.21173136,0.34168777,0.24481462,-0.41481084,0.017453015,0.3307777,-0.20623495,0.2548324,0.017597878,-0.6290602,0.022869023,0.20620276
Drum_n_Bass,-0.10177176,-0.32319307,0.5550692,0.31694683,-0.0038821828,-0.13105254,0.52809554,0.00407419,0.005951171,-0.77002615,0.5045165,-0.49355432,-0.2058822,0.07841958,0.13832848,-0.01500844,-0.24803962,0.016498325,-0.25004643,0.07680892,-0.06679325,0.4882429,0.27378508,-0.040632855,0.014537785,0.12380046,-0.13864614,0.4058928,-0.010661111,0.12627667,-0.18960945,0.12897088
Avantgarde,0.20088139,-0.027976558,0.3760452,0.29720968,0.1329491,-0.0648598,0.27947095,-0.054051585,0.120266005,-0.31261492,-0.09729256,-0.33060077,-0.16151059,0.0834568,-0.32513773,-0.02261371,-0.019153759,-0.052765578,-0.35032403,0.21708225,0.48764077,0.25167537,0.37198853,-0.16337243,0.03789991,0.11117011,-0.26751962,-0.111276604,-0.29502797,-0.35991782,0.07114017,0.26188305
Leftfield,-0.13422267,-0.19518101,0.23413058,0.26916188,0.12760995,-0.033085488,0.6208359,-0.013334147,-0.028237462,-0.3817387,0.1402978,-0.41583255,-0.17044538,0.0013421918,-0.10984848,-0.06999982,-0.21022397,0.02197735,0.1162554,0.21685924,0.344262,0.24853244,0.32164934,-0.18303598,0.034760606,-0.031235753,-0.0859814,0.22339132,-0.22436918,-0.31090996,-0.04214955,-0.027337227
Post-Punk,0.4105404,-0.32909724,0.4870538,0.29958403,0.262508,-0.09874736,0.08252578,0.16210896,0.16658565,-0.21787229,0.15160514,-0.16167705,-0.13178962,-0.024819816,-0.3780918,0.05695984,-0.042783305,-0.21454693,-0.350283,0.18576917,0.30493286,0.2174907,0.62007153,-0.56501186,0.30195066,-0.2704545,0.027312329,0.31119043,-0.14771569,-0.29277948,0.017049775,-0.0030789624
Modern,0.3458104,-0.20317711,0.049770303,0.14900854,-0.42827994,-0.3087309,0.21063782,-0.057451595,0.06505649,0.079940856,-0.12245314,-0.54940486,-0.015397333,0.39662543,-0.36685142,0.7717777,-0.79119927,-0.11935402,-0.29670334,-0.06033515,0.7825456,0.4996869,-0.09092423,0.16442631,0.39285922,0.37528136,0.6221737,-0.4049515,0.052957054,-0.41530094,0.529709,0.0141450325
Breaks,-0.33032262,-0.15557097,0.23663619,0.3916717,0.16861011,-0.24982402,0.600771,0.03243276,-0.116111636,-0.57354975,0.22902076,-0.4426486,-0.22089338,-0.07344622,0.05693694,0.07559203,-0.30651876,-0.13145831,0.060216267,0.26801467,-0.021829989,0.38271663,0.41082624,-0.14465657,-0.030146433,-0.059271313,-0.09895387,0.2938202,0.022169225,0.03542202,-0.065493636,0.09477286
Indie_Pop,0.25815323,-0.36513254,0.433393,0.14930433,0.40793815,-0.10584563,0.2100947,0.111630276,-0.096533686,-0.18387195,0.03540276,-0.09348535,-0.11151026,-0.14384465,-0.4561593,0.19025874,-0.077680625,0.18282731,-0.065578274,0.12661605,0.3570005,0.4051655,0.30289248,-0.3891818,0.17053035,-0.25384596,-0.2862108,0.050985664,0.25346553,-0.26875368,0.15603551,-0.22851317
Lo-Fi,0.13175961,-0.046362244,0.3547519,0.19667599,0.2027797,-0.06891066,0.36687216,0.11885791,0.0715701,-0.2790594,-0.19766878,-0.18358792,-0.12442423,-0.024094379,-0.38519472,0.05863906,-0.13415179,0.07750339,-0.23923402,0.06119805,0.4297954,0.2774458,0.4157386,-0.43393424,0.070684545,-0.044150792,-0.40582368,0.23318496,-0.021885978,-0.4119438,0.0026840656,-0.14528094
Swing,0.5361087,-0.08833073,0.104236215,-0.16843204,0.4581856,0.011490587,-0.19320823,-0.18240091,-0.10609567,-0.2270447,-0.08738808,-0.3897442,-0.58346534,-0.06405216,0.34819058,0.8312836,-0.11221648,0.29009983,-0.2691047,0.21841323,0.49259862,0.09970409,0.51171744,0.12160848,-0.42310554,0.37434855,0.19488975,0.12540276,0.24866302,0.2617187,0.23576857,-0.40398526
Death_Metal,0.3523236,0.4665334,0.7605953,0.730519,-0.47101122,-0.03985022,0.45025063,0.34185615,0.11581747,0.15177262,0.15157384,-0.19900416,-0.1724331,-0.01079022,-0.012704217,0.19092616,0.3069421,-0.34876618,-0.70109445,0.68477,0.19686747,0.55910444,0.6361797,-0.25048268,-0.11593922,0.10126801,-0.3622041,0.14024411,-0.29994416,-0.45015073,0.024620535,0.08004029
Art_Rock,0.015453056,-0.2724709,0.4240512,0.2294511,0.26711175,-0.23120403,-0.007567918,-0.014451204,0.13551606,-0.25884354,-0.17737192,-0.3052925,-0.183132,0.087600954,-0.34754062,0.13256626,0.14319468,-0.08386944,-0.07294359,0.19596843,0.45012823,0.24953215,0.43912694,-0.33527648,0.04405036,0.020828776,-0.33157352,0.03773612,-0.20647185,-0.4817805,0.037100453,0.09453731
Country_Rock,0.09941363,0.02130194,0.1976354,-0.08669894,0.19008571,-0.29023135,-0.16545914,0.22866687,0.027126845,-0.20529875,-0.35187712,-0.53378665,0.017827328,-0.18316345,-0.091530904,0.1940213,0.027956886,0.6440744,-0.25562087,0.2612616,0.2707958,0.29054818,0.31512755,-0.23876166,0.20166774,0.026944289,-0.39738294,0.25194564,0.0865103,-0.36746198,0.21966451,0.08279327
Orchestra,0.569592,0.043232538,-0.07450626,0.1427245,-0.4073351,-0.28509253,0.16692315,-0.16123691,0.08594828,0.23636054,-0.37470835,-0.66213334,-0.23354703,0.39223152,-0.1570677,0.6845927,-1.3187177,-0.31383422,-0.24054512,0.26287928,0.70006543,0.6973869,-0.07772637,0.29758558,0.5082306,0.1854978,0.5758247,-0.23181334,0.26502708,-0.48575267,0.6407989,-0.2383111
Dance-pop,-0.30372107,-0.16413386,0.18472211,0.34840167,0.4902383,-0.0013623375,0.29974425,-0.35271293,-0.05050511,-0.18737786,0.4445122,-0.32834536,0.097029075,-0.2833267,-0.09974982,0.47698173,-0.079316996,0.10095642,-0.08875781,0.21463777,-0.08087,0.47391486,0.14322117,-0.2518814,-0.03184341,-0.099459685,-0.109212175,0.11371503,0.06281189,-0.12634732,0.27192765,-0.24851839
Big_Band,0.38874018,-0.23667403,0.09432815,-0.22994132,0.47683474,0.05631571,-0.057025455,-0.25249287,-0.29223633,-0.23911816,-0.29566607,-0.2566984,-0.46624926,-0.13153926,0.31932208,0.895889,-0.17421213,0.05500429,-0.17103417,0.2380329,0.44269413,-0.026220944,0.5135209,0.14419961,-0.25178406,0.40614268,0.038082086,-0.05702057,-0.11204025,0.11280462,0.25904167,-0.29947233
Bolero,0.4205941,0.10578736,-0.55550593,0.4355705,0.09118339,-0.09912522,-0.20362276,-0.092726946,-0.74336547,-0.29508218,-0.06410959,-0.015046591,-0.10503597,-0.38521695,0.60786146,0.9260646,-0.19493341,0.23903216,0.24014655,-0.13168651,0.47291014,0.6038307,0.45197704,-0.5186383,0.30243126,0.014887048,-0.16209906,0.19754423,-0.26149228,0.26105887,0.78347194,0.19473669
Pop_Rap,-0.26807946,0.10051946,0.40431717,0.36467704,0.17762327,-0.45527714,0.09565036,-0.52387726,-0.19922413,-0.45140725,0.18102705,-0.42274064,0.14953203,-0.39110824,-0.23243162,0.1672839,-0.1796401,0.1629933,-0.072187625,0.07509484,-0.1266066,0.31615782,0.16484272,-0.25187638,-0.27946785,-0.0126758395,0.0013279998,0.02326526,-0.15990613,-0.2399115,0.332116,-0.5200086
Post_Rock,0.1436571,-0.04838262,0.60418445,0.25771317,0.16305783,-0.16861728,0.45194256,0.112927586,0.047960192,-0.1424248,0.017904393,-0.24149542,-0.36085826,0.12567973,-0.27874112,0.0078434,-0.10219871,-0.15511455,-0.15725133,0.30269918,0.6418402,0.25015453,0.17396007,-0.3652042,-0.051822975,-0.0002686912,-0.47553498,0.012416865,-0.2228052,-0.26904398,0.0031925063,-0.007702879
Thrash,0.14290757,0.18815337,0.8052264,0.5834219,-0.5104679,0.05358789,0.24327558,0.30605513,0.14500384,0.20609522,0.017358897,-0.41694513,-0.33519116,-0.22897588,0.014544666,0.34982702,0.1775509,-0.3856115,-0.50643253,0.38572973,0.06388124,0.2799931,0.704389,-0.24492213,-0.1486898,0.15343797,-0.60106415,0.13116227,0.1501389,-0.6044427,0.15014666,0.21634346
Hip_Hop,-0.21088538,-0.0020717788,0.33694112,0.3962815,-0.007841944,-0.16647068,0.4003891,-0.34567806,-0.12955067,-0.5722665,0.22535156,-0.406623,-0.19162108,-0.13809201,-0.03693591,0.1543753,-0.20863667,0.13364,0.06472884,0.13008586,0.029068476,0.34339738,0.22907987,-0.25138324,-0.17674163,-0.14281215,0.05807435,0.1790853,-0.14296001,-0.17708029,0.018876974,-0.1316599
Theme,0.27894005,-0.14182004,0.275562,-0.34752232,0.05435928,-0.1348697,0.15758905,0.1478794,-0.07809455,-0.4536697,0.2667626,-0.29111227,0.30552828,-0.14627326,0.014792711,0.45370695,-0.009581844,-0.15190555,-0.026059672,0.5160746,0.41995335,0.33590415,0.23536588,0.38227713,-0.2368937,0.37865984,0.01877193,0.15045023,0.0006008838,-0.058729503,0.6125625,-0.29800043
Jazz-Funk,0.27263728,-0.32340384,-0.14447576,-0.28118673,0.12212388,-0.23218909,-0.04429211,-0.21290703,-0.15900798,-0.5981289,-0.12808669,-0.60753924,-0.563382,-0.27688032,-0.09273865,0.35207078,0.18231732,-0.14207639,0.19593327,0.40538433,0.05718328,0.31255287,0.49307224,0.062170107,-0.29162574,0.13336115,0.09853095,-0.008484,-0.44051287,-0.0834747,0.089686,0.011009114
Doom_Metal,0.43427828,0.1884656,0.6954054,0.80061233,-0.06373601,-0.05795435,0.33607322,0.26364294,0.05449465,0.3183956,0.023887618,-0.36118886,-0.16822675,0.09681199,-0.009279654,0.17914356,0.25459823,-0.1851984,-0.4753592,0.55257004,0.51547134,0.31809622,0.16602,-0.46653184,-0.5203101,-0.07419665,-0.4230883,0.38462228,-0.35153565,-0.4882685,-0.0018583263,0.2345976
Fusion,0.27232397,-0.2781804,-0.14519636,-0.15973242,-0.03268744,-0.3376921,-0.097582325,-0.14338323,-0.2213887,-0.4715655,-0.0009245003,-0.6086942,-0.7527903,-0.2248193,-0.12580267,0.2673035,0.34759963,-0.02984241,0.051207755,0.196439,0.2482273,0.19607127,0.47934523,-0.039566163,-0.21443245,0.3093585,0.12611762,-0.18881738,-0.3953343,-0.22511652,0.04875311,0.25798613
Instrumental,0.23708512,0.31939456,0.13825808,0.038767062,-0.048720196,-0.41218823,0.31415716,-0.47459188,-0.12915576,-0.4922531,-0.13818847,-0.23392174,-0.40992078,0.040087152,-0.0078700725,0.15108462,-0.6643614,-0.006540851,0.1448885,0.07569661,0.20592539,0.17191404,0.37362897,0.14792734,-0.4120487,0.0638469,0.077094935,0.42012733,-0.026211567,-0.2082349,0.27467602,-0.22475643
Holiday,0.5898016,-0.11880844,-0.06352014,-0.018939348,0.093615234,-0.4775644,-0.02948636,-0.35357785,-0.091114916,0.04153399,-0.1723062,-0.3831419,0.1556146,-0.0012866902,0.2833262,0.36561272,-0.38123193,0.16375916,-0.22085431,0.3861943,0.16239777,0.47879398,0.22735725,0.35189253,0.3769096,0.120179884,-0.2336177,-0.024515955,0.018845862,-0.059591208,0.008763768,-0.32170546
Contemporary,0.26320693,0.016015412,0.08802427,-0.060585227,-0.24243872,-0.36036772,0.2961727,-0.07845692,0.17458016,-0.20374778,0.009108657,-0.6658821,-0.05477205,0.34178612,-0.24001707,0.41539508,-0.5247691,-0.058683243,-0.20131332,0.04255842,0.55860466,0.22834568,-0.027917657,0.25080663,0.3430273,0.38000426,0.109480225,-0.35670918,-0.11800439,-0.24576762,0.44749042,0.12436395
Modern_Classical,0.021798989,-0.017323902,0.18299362,0.07787572,-0.004938339,-0.13999861,0.6554483,0.15623315,0.084630825,-0.29809386,0.3485121,-0.46766502,0.008312503,0.084044926,-0.48887882,0.13280933,-0.36757773,-0.0176434,-0.033679232,0.08963049,0.40697476,0.112937495,0.3199033,-0.018231746,0.09189527,0.37675616,-0.09916234,0.03715671,-0.23153539,-0.18653421,0.12916723,0.15925182
Trip_Hop,-0.0016436768,-0.1584545,0.34740627,0.13041876,0.043302506,-0.29657367,0.6242105,-0.2024036,-0.037290763,-0.4941315,0.23191446,-0.40537345,-0.2564213,0.002790856,0.007573441,0.10174622,-0.31002736,0.07216988,0.15807529,0.25201973,0.15883417,0.26153028,0.30467317,-0.27841717,-0.23708592,-0.102010794,0.03789651,0.28987586,-0.12468662,-0.052636072,-0.17813554,-0.12724447
Contemporary_R&B,-0.035803486,-0.1330658,0.25867328,0.32020333,0.32664898,-0.026895816,0.15186027,-0.28800058,-0.047423054,-0.28481132,0.17849645,-0.40096065,0.05134971,-0.5601899,-0.17216243,0.15577504,-0.24930505,0.2803888,0.0033964403,0.21393502,-0.30919898,0.6271367,0.10843281,-0.23036781,-0.22863168,0.20750989,-0.06211015,-0.14137389,-0.10710094,-0.14538836,0.30821627,-0.49235898
Shoegaze,0.36698684,-0.28812653,0.54141825,0.2595125,0.3805658,-0.23539299,0.4895228,0.118479036,0.064522505,-0.3095894,-0.09081179,-0.07471585,-0.21830198,0.1882386,-0.5032878,0.015067256,-0.011528041,0.033041984,-0.3293183,0.23380363,0.43187973,0.24825385,0.31901166,-0.58223903,-0.031038096,-0.31546438,-0.39938956,0.14213884,-0.13160934,-0.31982392,0.09523063,-0.1208695
Progressive_Trance,-0.7298287,0.0032580344,-0.25602606,0.40387025,0.5395758,-0.53788626,0.43855977,-0.07342099,-0.079584844,-0.28284308,0.31559867,-0.5499517,-0.047533643,-0.3631839,-0.22402292,-0.096268274,-0.5683645,-0.4039952,-0.58367205,0.4620901,-0.056288462,0.57880133,0.37146503,-0.30805293,-0.15194155,0.32830307,-0.06868008,0.14421639,0.17190783,0.32531348,-0.20443738,0.31304324
Score,0.13407156,0.12940723,0.26477355,-0.5422884,-0.1251154,-0.21968284,0.24213125,0.23674534,-0.33488604,-0.44718263,0.2530152,-0.4740159,0.30968884,-0.06435653,-0.32381305,0.51054114,-0.37671176,-0.26351133,-0.10308961,0.24331808,0.5636101,0.026056912,0.14408906,0.20897523,0.10747984,0.43634495,0.05331861,0.09692892,-0.20922942,-0.042098835,0.4372948,-0.026517814
Salsa,0.42774475,0.28119245,-0.40797323,0.23914105,-0.099958986,-0.10811272,-0.22483708,-0.33538046,-0.6534985,-0.51447266,-0.0287239,-0.16155641,-0.09363359,-0.41074374,0.41578662,0.6967128,-0.10939672,0.1597365,0.3291856,-0.20896462,0.30859986,0.95272934,0.62875396,-0.5154253,0.29492128,0.21508908,-0.41237205,0.07542628,-0.18027608,0.57235974,0.703791,0.1593692
Tribal,-0.20028794,-0.25629026,-0.024564479,0.53532887,0.112975895,-0.47726902,0.63114256,-0.20773417,-0.07068862,0.07771534,0.16326424,-0.49455327,-0.398577,-0.12996837,-0.19054642,-0.30447257,-0.22374511,-0.27718392,-0.08778661,0.10428315,0.307376,0.230077,0.37056994,-0.07872901,0.002171847,0.34691256,-0.22929701,0.35381782,-0.05075389,0.13573591,0.056731913,0.05590014
EBM,0.20184419,-0.08061938,0.10541911,0.6382061,0.4200503,0.08945519,0.32761958,0.071361825,0.3952682,-0.28038278,0.52415097,-0.5107714,0.060299456,-0.02942778,-0.16912416,0.107229106,-0.3101115,-0.29694942,-0.18403617,0.24072184,0.102917045,-0.14540736,0.6161784,-0.3798991,0.2700111,-0.075061925,-0.016495595,0.43821347,-0.20556036,-0.1921737,0.2126557,0.0747399
Religious,0.61147785,-0.38027066,-0.27040595,0.053554654,-0.060831886,-0.43615207,0.08020225,-0.145221,-0.15848061,0.27499098,-0.18850484,-0.64059013,0.19911246,0.0057284194,0.2336593,0.3645002,-0.48922285,0.08843423,-0.07511713,0.16898414,0.19245768,0.52205956,-0.051518198,0.32717687,0.3811655,0.28938302,-0.20512968,-0.30646536,-0.083287604,-0.39975172,-0.06800314,-0.4683313
Reggae,-0.30361256,-0.53440464,0.20439906,0.37526435,-0.54196155,0.045696437,-0.23626377,-0.59313744,0.031253837,-0.5331068,-0.056229375,-0.41615552,-0.1644454,-0.2531411,-0.3335936,0.3807777,-0.2693498,0.34937155,-0.039935563,0.53212553,0.2522936,-0.02445636,0.2386103,-0.38515738,0.14521012,0.21633223,-0.26721728,0.4644546,-0.3101088,0.47448185,-0.06184479,-0.0041471277
Contemporary_Jazz,0.23783025,-0.047272045,-0.051748056,-0.3411239,0.18668357,-0.20084958,0.03229742,-0.09802095,-0.15016861,-0.36443552,0.14905934,-0.5768478,-0.7798756,-0.19239965,0.15030247,0.46482232,0.046976857,-0.019350657,-0.03310708,0.30648038,0.31100363,0.19002391,0.43071753,0.100379765,-0.05569219,0.17851314,0.18715912,-0.32318377,-0.6145142,-0.1915815,-0.018846186,-0.05905373
Hard_Trance,-0.7726787,-0.3636429,-0.20794436,0.472482,0.3118649,-0.3723506,0.5594152,-0.004688144,0.06530918,-0.2221131,0.29502064,-0.79448974,0.020319108,-0.0008172622,-0.12515306,0.20688058,0.13788688,-0.29954875,-0.8032121,0.012951609,-0.092650056,0.5088153,0.4241022,-0.5073872,-0.3570991,-0.11366706,0.105959445,0.43374428,-0.039156508,0.23416509,0.24804913,-0.008228642
Beat,0.053624664,0.016858077,0.1378418,0.13970669,0.24074131,-0.14068343,-0.12832047,-0.10887365,0.081336625,0.030324668,-0.52004004,-0.031597886,-0.022008387,-0.58902884,-0.07016634,0.26436004,0.06793919,0.26014304,0.0017813892,0.16196956,0.4868762,0.712653,0.298131,-0.12551613,0.07456835,0.35065296,0.105519,0.63981867,-0.038530752,-0.42001107,0.116776705,-0.102673076
Latin_Jazz,0.4480785,-0.010591554,-0.25211424,-0.16010115,0.17998895,-0.2179934,-0.1729886,-0.09707896,-0.3401895,-0.37899792,0.020583633,-0.3773237,-0.48739433,-0.5241726,0.23131694,0.7127339,-0.06975611,-0.092673704,0.25326422,-0.06338592,0.3690858,0.5315113,0.57730865,-0.10946825,-0.246269,0.12728965,-0.014122139,-0.058960225,-0.44420516,0.35772192,0.22269551,0.26410988
Choral,0.8114424,-0.3731184,-0.19859421,0.1664983,-0.11741849,-0.5239482,0.32361534,-0.19357753,-0.037641216,0.30422607,-0.3463471,-0.67290354,0.12881576,0.2737235,0.19786936,0.7061902,-0.62425685,-0.15168293,-0.23283616,0.20959514,0.3056549,0.555149,-0.3283049,0.2658842,0.61670965,0.27960238,0.2696208,-0.29405692,-0.06517905,-0.42260653,0.23717947,-0.5165574
Spoken_Word,0.25157034,-0.3008018,-0.16778724,0.492892,0.017103078,0.13967156,0.020545442,0.067339756,-0.15850735,-0.36151868,-0.12298054,-0.511637,0.44298193,0.1700919,0.05941725,0.082963444,-0.32056335,0.18256272,-0.22781989,0.05239522,0.6892961,0.3008776,0.61392814,0.21432681,-0.29221436,0.076336406,-0.05905657,-0.3396634,-0.19508387,-0.42350045,-0.34462985,-0.27860907
Darkwave,0.36603516,-0.15208727,0.26700124,0.5038095,0.32375115,-0.07868788,0.26234627,0.10297062,0.32994688,-0.26772448,0.5060608,-0.34592083,0.059726246,0.04013412,-0.5186702,-0.01675585,-0.29866678,-0.23752613,-0.19766967,0.35309854,0.17903325,-0.0024546455,0.65754235,-0.39779136,0.35409203,-0.1538353,0.14935426,0.34746867,-0.24113233,-0.14871083,0.22578494,0.12847006
Gospel,0.62044364,-0.2716066,-0.11993766,-0.19601844,0.1259589,-0.26811236,-0.025532162,-0.41067666,-0.013261614,0.072090656,-0.21930866,-0.6601214,0.08265235,-0.21963593,0.24806921,0.12728834,-0.31800675,0.51112556,-0.39366767,0.32233498,-0.25612706,0.44955167,0.25394455,0.020328924,0.28047192,0.006331147,-0.33942807,-0.102481194,0.10262483,-0.27045587,0.20123671,-0.20736003
Power_Pop,-0.07056215,-0.16791286,0.58966994,0.05711349,0.14158453,-0.060796484,-0.024694055,0.08642707,0.101963446,-0.04972873,-0.18364593,-0.0900198,0.0039213393,-0.314384,-0.22114682,0.1984544,0.109935224,0.024841418,-0.16165486,0.103380546,0.30036026,0.53549427,0.5628058,-0.4813634,0.25788084,0.20257458,-0.08557691,0.24944517,0.11247692,-0.45877647,0.15883544,-0.37065908
New_Age,0.020435734,-0.23221746,-0.20834123,0.11629304,0.010838632,-0.38562417,0.7978268,-0.06696959,-0.14372975,0.0041623847,0.21105729,-0.3714586,-0.16342744,0.18936051,-0.25601164,0.1031582,-0.28102222,-0.045937497,0.1017083,0.14976408,0.32577863,0.13300502,0.45114517,-0.1663296,0.03163684,0.3680978,-0.16484019,-0.013740166,-0.2232669,-0.22306158,-0.19611666,0.053036295
Soul-Jazz,0.291517,-0.11442058,-0.07849072,-0.33490488,0.15543588,-0.07148909,-0.11255927,-0.16807126,-0.24315085,-0.4759318,-0.024176659,-0.4818269,-0.63326216,-0.4137526,0.0066573774,0.4221002,0.021245738,0.01660213,0.033025082,0.38019192,0.0925747,0.36249897,0.52013177,0.032128904,-0.24836399,0.3126586,0.31240565,-0.08352073,-0.45592484,-0.0649866,0.016637325,-0.11467525
African,0.18313293,-0.65076894,-0.20820889,-0.14462283,-0.3404562,0.20488262,-0.1128668,-0.704936,-0.59641755,-0.10204377,0.34519714,-0.44569674,-0.2760375,-0.43538493,0.5950568,-0.12443928,-0.2608958,0.036182463,0.12942441,0.11450828,0.32120058,0.19590913,0.41882572,-0.7038397,0.43450797,0.16323997,-0.19167922,-0.17680626,0.08189229,-0.15296102,0.30832654,0.13745151
Glitch,-0.088819094,-0.09597481,0.19598566,0.4138889,0.13993673,0.08767196,0.80283153,-0.07480549,0.18732153,-0.53080726,0.32514635,-0.34188414,-0.25008458,0.050124522,0.013169603,-0.04769621,-0.2951317,0.0613434,-0.041018866,-0.0011633596,0.34807694,0.2404279,0.2733163,-0.13502635,-0.06427615,0.13672449,-0.17442168,0.14845884,-0.26067162,-0.30879557,0.17158207,0.14437263
Jazz-Rock,0.1826471,-0.18030739,-0.019758787,-0.19228281,0.11391189,-0.1947251,-0.1604539,-0.08024995,-0.14171916,-0.4335415,-0.27011144,-0.53370416,-0.41595963,-0.12882155,-0.111483,0.43856835,0.365485,-0.11070119,-0.030751633,0.35080078,0.34457418,0.10380299,0.5403606,-0.20680475,-0.13455282,0.08731416,-0.062375885,-0.17971249,-0.514139,-0.45485047,0.011260616,0.26080447
Jungle,-0.20839652,-0.5184713,0.488388,0.4628531,-0.07980677,-0.24971588,0.6709034,0.18291113,0.01623469,-0.7154162,0.40585068,-0.5483332,-0.30114272,0.0068251356,0.27824283,0.27577183,-0.30183917,-0.11600063,-0.25966433,0.0058800094,-0.2692832,0.3677203,0.111945376,0.021991048,0.043168206,-0.09934123,-0.34846058,0.6217272,-0.22021736,0.014613882,-0.33417606,0.10015178
Cha-Cha,0.39494395,0.2072409,-0.39861453,0.0782443,0.14713366,-0.08996364,-0.088484176,-0.32465658,-0.66085035,-0.26283228,-0.046857838,-0.09184872,0.0006061278,-0.5659863,0.69143045,0.8400046,-0.37384915,0.12074769,0.28431803,-0.21018867,0.45848075,0.62013423,0.5449207,-0.37881488,0.23227076,0.3902982,-0.31105092,0.23431243,-0.1829371,0.36091495,0.42226955,0.25625038
Emo,-0.14097282,-0.30682105,0.788255,0.079475895,0.101927646,-0.1605771,0.27254927,0.31066763,-0.30259937,-0.20446505,-0.2723833,-0.02246529,-0.36734125,0.1268247,-0.07403762,0.15895829,-0.04562731,-0.33558038,-0.6038881,0.06557199,0.18707168,0.29591966,0.549949,-0.6249607,0.19943085,-0.09467149,-0.5670162,0.12650256,-0.11920178,-0.33004656,0.061673116,-0.3595548
Grindcore,-0.01985383,0.17632662,0.5920251,0.6414004,-0.2483875,0.24083082,0.2315298,0.38257042,0.093718156,0.038471848,0.13090037,-0.3829116,-0.38020334,-0.31469184,0.053302336,0.24950093,0.08126979,-0.59819835,-0.87906325,0.2499731,0.20407033,0.38124722,0.42258894,-0.12290125,0.0097900955,-0.13122685,-0.56043947,0.29283533,-0.4261437,-0.593426,-0.12559994,-0.10809818
Dubstep,-0.3065458,-0.30098382,0.4177665,0.70693016,0.1956943,-0.02686695,0.6496625,-0.0544513,0.13235953,-0.9026024,0.29302156,-0.41394225,-0.34775433,-0.13777095,0.07302788,0.1385928,-0.2894844,0.013442972,-0.19481951,0.2073709,0.013417286,0.1769616,0.064572744,-0.15168758,-0.0401883,0.020817645,0.14485425,0.28076512,0.073184825,-0.17016375,-0.07656007,0.058275122
Stoner_Rock,0.21123314,0.38108677,0.52600133,0.2789435,0.09471384,-0.11310376,-0.047873773,0.17014885,0.045915026,0.11327422,-0.06731935,-0.55894756,-0.11286812,0.046887953,-0.013959358,0.06674271,0.12043711,-0.34704155,-0.17705078,0.6336794,0.5808735,0.5312164,0.015173431,-0.51391304,-0.26078632,-0.018025873,-0.6641638,0.4520591,-0.2104727,-0.55072796,-0.3068194,0.14147882
Synthwave,0.2362171,0.1333942,0.1920611,0.3908184,0.2856255,0.03359879,0.5668175,-0.011294261,0.14735287,-0.2928674,0.49857184,-0.4408344,0.023545703,0.10945767,-0.6263497,0.27590954,-0.15658559,-0.13816236,0.09357128,-0.00012195956,0.077749625,0.18385747,0.6054532,-0.40108538,0.20391296,0.11914586,0.1533492,0.50117165,-0.18333848,-0.107141286,0.01562913,-0.0022509405
Rockabilly,0.20335639,0.007925566,0.49141505,-0.146223,0.06159053,-0.12202291,0.09290175,-0.030465895,0.1415942,0.064231314,-0.50398904,-0.39126745,0.13637787,-0.5915155,0.32573855,0.19561207,-0.18969594,0.5578378,-0.34713155,0.09989231,0.14516932,0.22755632,0.760702,-0.08654335,0.10985852,-0.053268973,0.020731281,0.6727729,-0.007152195,-0.48937675,0.2205871,-0.040315907
Field_Recording,0.14871912,-0.28017724,-0.3297433,0.41276956,-0.029759282,0.061364606,0.5821522,-0.09188311,-0.10408108,-0.16039601,0.10386268,-0.3330726,0.049691137,0.19220048,-0.123033874,-0.19328848,-0.4158298,0.014687313,-0.26478118,-0.032044627,0.6008423,0.18436114,0.4139006,-0.0446297,-0.11937661,0.37461615,-0.39278835,-0.30084085,-0.115500234,-0.43972787,-0.049895544,-0.04287295
Piano,0.20733339,-0.23230417,-0.14562719,-0.129429,-0.6225583,-0.2697684,0.21113697,-0.27685148,0.0049795,0.24496427,-0.21452372,-0.73413616,-0.27832216,0.554478,-0.2958148,0.96899134,-1.1522702,-0.46331757,-0.35225415,0.09925177,0.90563077,0.84021133,-0.038975164,0.4079261,0.40004778,0.14946745,0.43050855,-0.23814304,0.22872567,-0.46003887,0.5453452,0.10213364
Eurodance,-0.7366889,-0.098244876,0.21854775,0.3014679,0.4396153,-0.28746718,0.2769327,-0.53211355,-0.11086008,-0.00758421,0.5904294,-0.64096874,0.17581242,-0.11019531,-0.08321617,0.4372668,0.17424187,0.027389437,-0.37934083,0.14666423,0.07368223,0.45833528,0.16438708,-0.316096,-0.13154444,-0.16929297,-0.14125784,0.16660744,-0.10407405,0.044325437,0.17778441,-0.07639816
Concerto,0.44296455,-0.18685491,-0.0680331,0.11012779,-0.52648205,-0.31041676,0.28097555,-0.22649273,0.09335952,0.17173158,-0.14024548,-0.6366656,-0.17595704,0.36885628,-0.056011673,0.83937204,-1.1236479,-0.23219894,-0.24705388,0.094861746,0.74631286,0.75261897,-0.25242573,0.23175903,0.37059268,0.016703473,0.71627146,-0.1242327,0.25551838,-0.6869316,0.6520235,-0.088475265
Goth_Rock,0.56086284,-0.16042762,0.58728343,0.39700186,0.29966715,-0.12845269,-0.021787232,0.14963843,0.2786904,-0.028420301,0.24787275,-0.36106288,0.1644137,-0.072733186,-0.38297337,0.17167108,0.005248101,-0.18901639,-0.37019292,0.30605718,0.34963492,0.065307304,0.68398166,-0.6194728,0.19871454,-0.19314906,0.04473121,0.24361977,0.03985447,-0.2660915,0.057267968,0.22007343
Future_Jazz,-0.062469363,-0.17529894,0.30075055,0.19229463,0.0914904,-0.06264893,0.72532815,-0.08130669,-0.19795981,-0.33332288,0.20006533,-0.5893292,-0.5454418,-0.3355217,-0.007802511,0.1618411,-0.17617755,0.12955517,0.25600782,0.17554466,0.13413735,0.44199505,0.33114547,-0.07166803,-0.12325677,-0.18018888,0.12333874,0.06089505,-0.2002214,0.08718867,-0.20670694,0.14889428
Cumbia,0.229157,0.2453917,-0.59419316,0.44672588,-0.24967632,-0.12601642,-0.0010737259,-0.3120029,-0.91811067,-0.39119694,-0.28276655,-0.058361907,-0.07015113,-0.12433146,0.39894092,0.65440226,0.11019822,0.23085362,0.22696537,0.08417219,0.40375116,0.9404551,0.38431525,-0.46871558,0.3306146,-0.15176436,-0.36746594,0.54366183,-0.44369918,0.40666282,0.4491513,0.13856745
Opera,0.40452415,-0.0991676,0.007994841,0.13900459,-0.39243528,-0.60180056,-0.18803848,-0.19648224,0.20558392,0.2140539,0.042168505,-0.62469566,-0.004257135,0.34796315,-0.14495893,0.80719227,-0.8838048,-0.06180308,-0.106311284,-0.028464343,0.7492572,0.37524888,-0.10932079,0.19455712,0.12892728,0.24134086,0.6146944,0.08964212,0.046334613,-0.3543563,0.46829557,-0.10322586
Samba,0.342077,-0.33268756,0.023798278,-0.049653873,0.21535654,-0.16945249,-0.42484078,0.057122737,-0.7261007,0.02809734,0.33898652,-0.19340467,-0.2411715,-0.6515517,0.305976,0.5525873,-0.5555565,0.07434883,0.24762596,-0.12527272,0.3309575,0.5465645,0.28695104,-0.22459921,-0.31793326,0.0733005,-0.20964855,0.36251333,-0.5602936,0.3066952,0.44010317,0.55724907
Ska,-0.282582,-0.27621415,0.50716704,0.11102501,-0.4433235,0.03457679,-0.15696745,-0.22041945,0.030295674,-0.112480946,-0.23576269,-0.08622495,-0.056199864,-0.16421002,-0.1900573,0.40134954,-0.13676701,0.11414376,-0.34805182,0.4152977,0.29135036,0.13363303,0.62525105,-0.6777936,0.36425096,0.1989173,-0.17681564,0.37105915,-0.4328657,0.2019085,0.05262432,-0.2197917
Garage_House,-0.40941224,-0.38708127,0.5423373,0.60086656,0.37394604,-0.047665693,0.56591237,-0.04902324,-0.10639546,-0.16447659,0.05760136,-0.8236372,-0.047233157,-0.4388946,0.055844825,0.16665073,-0.065444976,-0.051822454,0.25714025,0.34063601,-0.091178685,0.5878175,0.11306237,-0.23807819,0.1554729,-0.18989255,0.2308936,-0.08129009,-0.02796906,0.14856659,0.09326671,0.06616485
Glam,-0.11100387,-0.107808255,0.5349662,0.16909145,0.11035077,-0.19493705,-0.11765696,0.006936755,0.16686971,0.02478201,-0.25167704,-0.25973764,0.18839365,-0.18157005,-0.032587368,0.5032566,0.015729569,-0.04013479,0.08336388,0.36003035,0.18603915,0.22683185,0.59484696,-0.38162294,0.075625345,0.30833793,-0.21583508,0.16851816,0.112339854,-0.7008505,0.01972944,0.085844964
Rumba,0.5208722,-0.4483325,-0.2712491,0.103579156,-0.051781576,-0.04570069,-0.11654766,-0.70330435,-0.48174384,-0.12478861,0.26487252,-0.16812938,-0.0935872,-0.37838665,0.8233263,0.43583328,-0.0056760833,0.043271307,0.20832397,-0.18072392,0.5535324,0.4739938,0.4675899,-0.41154286,0.056258194,0.19300318,-0.17206703,0.24716923,0.20691505,0.12788482,0.60312116,0.4234115
Comedy,0.16125168,-0.19486457,0.1384139,0.33384064,0.06488203,0.1360143,-0.3012544,-0.1522015,-0.5318881,-0.2541429,-0.1313989,-0.43293488,0.46389908,0.14978853,0.017530661,0.054320194,-0.39628682,0.17689441,-0.14698982,0.2669814,0.76082736,0.3945938,0.68332916,0.66880214,-0.18274517,-0.017655155,-0.11599553,-0.074021585,0.17338045,-0.30016902,-0.17582382,-0.12772787
Free_Improvisation,0.15781792,0.24000314,0.098277114,-0.20885171,0.009922074,-0.16884358,0.16227907,-0.04061178,0.09621155,-0.39075822,0.21469754,-0.5730837,-0.70069754,0.025983917,0.0031311372,-0.25176302,0.024885397,0.02758265,-0.23948117,0.11251564,0.82008326,0.3783382,0.40365878,0.041188374,0.11974173,0.29456028,0.07201605,-0.3369685,-0.70664346,-0.28677624,-0.037036624,-0.010532543
RnB/Swing,-0.325567,0.04563401,0.48238507,0.31418946,0.24280986,-0.20686752,0.1570836,-0.3969856,-0.15457511,-0.42533082,0.17255226,-0.63598114,0.08963234,-0.39637873,-0.23162597,0.08370081,-0.1362152,0.26094562,-0.036589324,0.11727324,-0.08357905,0.42584535,0.14534466,-0.13728344,-0.27721283,-0.018509395,-0.045422688,0.016787894,-0.08849388,-0.12314074,0.30786803,-0.3593749
Electro_House,-0.47350097,0.0037108776,0.19883025,0.6140777,0.5393587,-0.104662545,0.47321337,-0.08365826,0.06151538,-0.27057493,0.33114046,-0.6324458,-0.1066223,-0.2166819,-0.067922235,0.1576182,-0.19232704,-0.0789963,-0.12611322,0.30550972,-0.038910363,0.464136,0.20310886,-0.39606762,-0.07268812,0.104976185,0.056037456,0.23027639,0.22339346,0.15829962,0.077705435,-0.23301332
Surf,-0.020777293,0.052490696,0.30923796,-0.13413996,0.16794217,-0.046461295,0.029222501,-0.008115896,0.029438622,-0.018618565,-0.4812752,-0.09582647,0.0020450612,-0.44016832,0.060144152,0.36015424,-0.14600858,-0.023066988,-0.12725127,0.24586634,0.55950695,0.39133778,0.37970328,-0.10729239,0.10862824,0.06239899,-0.057804815,0.81034136,-0.07803646,-0.53325534,-0.045858745,-0.20347008
Kayōkyoku,0.00025183288,-0.30515352,-0.23000126,-0.24567114,0.20381352,0.10078564,0.00911845,0.21342543,0.22466925,-0.27764425,0.18979827,-0.13744004,-0.09125424,-0.32283705,-0.28087395,0.5553974,-0.069815576,-0.04951186,-0.042723406,0.7331442,-0.017315678,0.64294815,0.22352059,0.22468464,-0.25836766,0.07774581,-0.42535186,0.26448774,0.041671943,-0.2637115,0.7819562,-0.19820751
String_Instrument,0.4169743,-0.25394425,0.0061876443,-0.059431728,-0.4451387,-0.46403837,0.26110804,-0.22053279,-0.15942761,0.18287082,-0.14364469,-0.76882637,-0.23957491,0.5085954,-0.20177016,0.79998094,-1.1480339,-0.43044373,-0.27290708,0.13667619,0.69148576,0.6981492,-0.22474246,0.28108886,0.3500659,0.032076284,0.687849,-0.17177877,0.1400481,-0.561604,0.56957215,0.1396839
Latin,-0.3022532,-0.03811043,0.21004805,0.21809305,0.2231407,-0.26781136,0.2801151,-0.3342043,-0.34778368,-0.0953867,0.31710577,-0.56115377,0.07399161,-0.40849215,-0.06908884,0.19821708,-0.14386289,0.0725016,0.109061375,0.2152448,0.084586434,0.49079707,0.4480799,-0.31945315,0.032459483,-0.18837628,0.014836797,0.03437148,-0.059328448,0.28916687,0.08844292,0.0887045
Space_Rock,0.2054232,-0.10621781,0.28327715,0.30198646,0.24220333,-0.3985439,0.06489828,-0.043161884,0.20906934,-0.1863243,-0.094418816,-0.4486411,-0.11817353,0.056137897,-0.22918609,-0.18907283,0.29385588,-0.073014334,-0.061570995,0.12829679,0.6178267,0.59045476,0.12399759,-0.31283382,-0.23815648,0.16584404,-0.36334485,0.2901924,-0.3189308,-0.42500654,-0.06708987,0.14108631
Boogie,0.17436057,-0.44023907,-0.026873592,-0.057588622,0.11012065,0.3733898,-0.03275627,-0.24085893,-0.1069754,-0.1572939,0.06000649,-0.53320885,-0.07809857,-0.21808188,-0.3047667,0.24442428,-0.06415918,-0.04282501,0.16671823,0.6534884,-0.4268216,0.5694321,0.45426363,-0.1830611,-0.1549895,0.032421634,-0.15876268,0.1699249,-0.1941993,-0.15356328,0.45854014,-0.13398191
Novelty,0.21539554,-0.18582648,0.257066,0.27021194,0.21761215,-0.070265606,-0.19145645,-0.305711,-0.15424426,-0.050501626,-0.28178948,-0.31896666,0.28960803,-0.123475775,0.1462925,0.20301832,-0.099801615,0.2821672,-0.33350474,0.30559894,0.5522661,0.38543195,0.58638614,0.5386676,-0.016606277,-0.024606865,0.111286014,0.24932162,0.062673725,-0.044946272,0.16207819,-0.15216142
Mambo,0.43773067,0.17239842,-0.33158785,0.16021185,0.14715685,-0.2810673,-0.2690966,-0.35235488,-0.6484512,-0.2982804,-0.09784984,-0.049907472,-0.24478178,-0.5095722,0.5512494,0.8393903,-0.3340971,-0.0059850956,0.32035598,-0.1995516,0.40634638,0.5502321,0.54222405,-0.32476723,0.14185144,0.29014045,-0.36037573,0.23927562,-0.13676412,0.3812094,0.5191157,0.20845737
Merengue,0.2545148,0.19218911,-0.3812187,0.48906198,-0.05274925,-0.15796532,-0.18642022,-0.36719,-0.84794897,-0.41391337,-0.08748748,-0.11858333,-0.07614869,-0.37503156,0.5018738,0.7975265,-0.0789449,0.17883494,0.30448112,-0.2447523,0.4586648,0.8401081,0.38045645,-0.5033684,0.3565637,0.09255712,-0.394334,0.25601983,-0.31802723,0.519267,0.42764732,0.10192073
Conscious,0.03916626,0.25758955,0.2830092,0.3276507,-0.3097962,-0.52811307,0.10946648,-0.60320395,-0.26331234,-0.8282162,0.054550428,-0.57438666,-0.24230729,-0.27722266,-0.12627013,-0.14539954,-0.601373,0.10960152,0.17543076,0.06549032,-0.22067487,0.115851104,0.25124753,-0.5362029,-0.5423733,-0.17887102,-0.08740833,0.03705484,-0.24122354,-0.47529858,0.25070137,-0.734097
Krautrock,0.23687272,-0.21542367,0.29211596,0.19748048,0.26791078,-0.31935206,0.16584902,-0.013937264,0.15711254,-0.2505119,-0.057248026,-0.2938647,-0.20074011,0.054382473,-0.22813559,0.024558472,0.061705936,-0.24824534,0.06116026,0.21254443,0.48554173,0.37077644,0.17615235,-0.3978529,-0.04150916,0.11338552,-0.2042734,0.19439189,-0.38859007,-0.65525174,-0.20349364,0.24404563
J-pop,-0.022849591,-0.13076617,0.5140193,-0.09403516,0.21769649,0.0057084057,0.21592768,-0.040364135,0.14544511,-0.6401721,0.42031476,-0.075891696,0.25194073,-0.2640727,0.11520451,0.30492693,0.027812937,-0.10529946,-0.24947038,0.7056199,0.18822235,0.5154727,0.02967029,-0.0012036359,0.076674275,0.1629266,-0.21274978,-0.060298715,0.09601129,-0.073557,0.6694415,-0.21087293
Happy_Hardcore,-0.7181207,-0.124733984,0.42278382,0.35244927,0.06051641,-0.3302299,0.40864977,-0.047607638,0.014303936,-0.30666667,0.39408493,-0.721375,-0.07025697,0.20467263,0.030386591,0.2543061,0.13201194,-0.3380281,-0.678793,-0.13343589,-0.09798167,0.44612625,0.55121005,-0.20041,-0.0950606,-0.023403354,-0.3289099,0.3960214,0.047890183,0.06857814,0.05871149,-0.22520849
Italo-Disco,-0.15344676,-0.16456561,0.20311348,0.06850492,0.6502773,0.022366619,0.11563787,-0.56582344,-0.055081755,0.11098882,0.40204695,-0.7342357,0.138105,-0.037514463,-0.3646587,0.43660495,0.0056853504,-0.20498125,0.012993642,0.3253008,-0.060716353,0.23107475,0.279918,-0.007331631,0.29617944,-0.21161312,-0.30991474,0.43715692,-0.2766051,-0.10098733,0.23514535,-0.059071455
Breakcore,-0.20058377,-0.19318691,0.50660676,0.42740023,-0.12530662,0.014137186,0.5153041,0.019530093,0.3628519,-0.5734689,0.42168012,-0.49224183,-0.24721308,0.19067726,0.29614952,0.11807302,-0.20895103,-0.29072812,-0.2290832,-0.24592638,0.089063376,0.5086142,0.42047745,-0.01658126,-0.014096729,0.25887373,-0.31039527,0.4779284,-0.16156045,-0.19623509,-0.20344895,-0.040663607
Gabber,-0.43338254,-0.26714355,0.5311844,0.39110303,-0.088521264,-0.1416808,0.5074544,0.095133185,0.045533054,-0.4218488,0.17620951,-0.7871119,-0.26298255,0.25296995,0.14749125,0.29012477,0.14844587,-0.64414513,-0.68788314,-0.2759259,-0.097628035,0.3155789,0.4998171,-0.09954758,0.046594754,0.033442385,-0.4924688,0.5552203,-0.036681388,-0.025753548,-0.1070353,-0.21434419
Free_Jazz,0.26281646,0.1281579,-0.04057253,-0.15682283,0.16691124,-0.11495457,0.03853412,-0.08543864,-0.030612819,-0.5836054,0.13944739,-0.6620694,-0.8376494,-0.057825457,0.15063806,0.037537433,0.27638507,-0.0049441373,-0.28564027,0.096842185,0.65111953,0.22399157,0.4642906,0.0013116954,0.07082514,0.14960451,0.15414421,-0.44600105,-0.78058326,-0.3375279,-0.08863381,-0.027829444
Gangsta,-0.19172844,0.49331954,0.3253194,0.6656291,-0.13499294,-0.57527965,-0.26406518,-0.45577812,-0.31388226,-0.75814635,0.004463779,-0.7816817,0.056150235,-0.33691144,-0.27774635,-0.099641785,-0.6559753,0.00018562817,0.17563608,-0.1749865,-0.3331012,0.0997725,0.27678835,-0.5071964,-0.6518341,0.11364092,0.08260647,0.04336051,-0.2471619,-0.65334374,0.5180286,-0.6823339
Pop_Punk,-0.19127874,-0.235136,0.6086214,0.15131812,0.1486808,-0.10017404,-0.12441566,0.16973294,-0.13347873,-0.116145626,-0.29070505,-0.029184515,-0.2567024,-0.13909821,-0.1709945,0.2776139,-0.11408845,-0.17825907,-0.4123213,0.08515078,0.187602,0.31044272,0.53785324,-0.6414253,0.309053,0.082140274,-0.35875,0.19226788,-0.027592143,-0.3520139,0.010627015,-0.5398325
Smooth_Jazz,0.2928502,-0.23613673,-0.0486874,-0.21967584,0.25490305,-0.36664805,0.17446736,-0.04004838,-0.19272316,-0.29289472,-0.08341131,-0.38554463,-0.6224941,-0.23748563,-0.040810388,0.5431045,0.03874596,0.09037297,-0.029895196,0.11858805,0.06578625,0.27578577,0.47966835,0.14352906,-0.20065977,0.25972036,0.3031725,-0.26269373,-0.38220316,-0.15181834,0.31049305,0.029119523
Parody,0.018260397,-0.14269128,0.32203767,0.3057665,0.21471131,-0.06760551,-0.27863905,-0.35696477,-0.4103848,-0.19248512,-0.15121911,-0.29875943,0.26253977,0.13761877,-0.019861678,0.18151623,0.03885725,0.11858361,-0.15141714,0.363638,0.6099019,0.25987247,0.6300105,0.4464963,0.09531593,-0.09564639,-0.24676307,0.20228179,0.06953745,-0.23552115,0.030509055,0.003917236
Musique_Concrète,0.01760574,0.03469906,0.041999478,0.4232303,-0.035078645,0.14782731,0.6990267,-0.09833372,0.17784342,-0.29704094,0.303243,-0.49489874,-0.096283175,0.23266576,-0.15139998,-0.1239329,-0.33613613,0.048384175,-0.2961301,-0.20326619,0.44383177,0.15984313,0.4814449,-0.13312769,0.05629958,0.37926677,-0.2516843,-0.25479373,-0.35435578,-0.51796585,0.013735929,0.012146523
Broken_Beat,-0.15861093,-0.20863394,0.32814685,0.34687757,0.23369019,0.061737116,0.6968938,-0.1951357,-0.14904663,-0.5038484,0.26981807,-0.5389311,-0.4032667,-0.12228724,0.13379402,0.08883838,-0.28598562,0.029694365,0.17516209,0.15804479,-0.08838508,0.41132042,0.40623173,-0.021119758,-0.027118163,-0.019978918,0.005904116,-0.091145426,-0.14855601,-0.118266515,-0.08734398,0.19546671
Reggae-Pop,-0.40971345,-0.33585075,0.30773392,0.27954993,-0.023130773,-0.12276036,-0.10751077,-0.43647245,-0.06472805,-0.23619993,0.21483484,-0.4050709,0.14303079,-0.2714821,-0.21342136,0.5078186,-0.05769626,0.3372124,-0.055923343,0.3748327,0.08665089,0.08746832,0.18636462,-0.4120648,0.016910724,0.26523605,-0.15794086,0.21031426,-0.30810523,0.10418757,0.09542652,-0.23554285
Psychedelic,0.36607137,-0.19408529,-0.06536718,-0.18569468,0.05360374,0.015616,0.08817684,-0.28646055,-0.17434545,-0.516211,-0.025385778,-0.3496485,-0.1309529,-0.2680611,-0.18295006,0.013776506,0.114822626,0.09237841,0.22775395,0.25702035,0.28572828,0.5042244,0.4077672,-0.30471978,-0.06197207,0.1521564,-0.20033318,0.19078563,-0.25661272,-0.10727884,0.18166754,0.03304957
Acid_House,-0.4863012,-0.1541523,0.31184357,0.57096386,0.36066166,-0.23008086,0.67134583,-0.059251137,-0.057019815,-0.06731882,0.10230198,-0.73643297,-0.13152118,-0.1700069,0.083388105,-0.03773031,-0.119538076,-0.15009172,0.09105151,0.35116446,0.14118516,0.28269872,0.37378442,-0.216938,0.2520959,-0.110602185,-0.035898436,0.1943162,-0.13146615,0.25460717,0.1498376,-0.15865898
Doo_Wop,0.093685105,-0.15536582,0.19224444,-0.17623073,0.30638495,0.005809576,0.037565857,-0.30107006,-0.25606927,-0.14171131,-0.5915067,-0.017846534,0.097748615,-0.49610803,0.13699025,0.3292553,-0.1454522,0.40097788,-0.38241157,0.32667023,-0.04089163,0.56220514,0.43887135,0.12585361,0.17707133,0.28683382,0.09243209,0.478937,-0.38746333,-0.4485039,0.13952592,-0.01077912
AOR,-0.11210939,-0.19437645,0.14028919,0.11522625,0.25250122,-0.12389403,-0.13356592,0.18730521,0.26349485,-0.1529884,-0.098642826,-0.29627475,0.08151117,-0.16516869,0.03539781,0.7719029,-0.02489007,0.066986695,0.29995173,0.5113354,-0.22351778,0.4045583,0.5544789,-0.25398284,-0.119800664,0.364279,-0.43741086,-0.11877088,-0.020945061,-0.6522916,0.22796236,0.18279642
Neo-Classical,0.31383088,-0.0017007147,0.24311593,0.034772206,0.00092976063,-0.21084502,0.43205523,-0.0082938885,0.15255119,0.05819771,0.20602846,-0.48253974,-0.21293241,0.2031727,-0.6268171,0.45629564,-0.70089954,-0.11536839,-0.21715274,0.20703812,0.45930305,0.042859826,0.055723943,0.05538333,0.2988081,0.3668342,0.36957413,-0.15342346,-0.0575279,-0.23576525,0.22601889,0.13860013
City_Pop,0.0074582337,-0.46659115,-0.24733514,-0.16499615,0.13180912,0.24669081,-0.051955182,0.19236884,0.28544843,-0.14468539,0.15572979,-0.1498838,-0.13196515,-0.28118935,-0.36071712,0.5610238,-0.19552937,0.06288362,0.08083995,0.66704893,-0.17734964,0.71917707,0.44256645,0.10625128,-0.41855848,0.111873165,-0.24576813,0.133912,-0.060265675,-0.28239304,0.8548214,-0.13603249
Vaporwave,0.099201,0.1759218,0.08197389,0.39473858,0.25691468,0.07167402,0.94790924,-0.17487898,-0.20246916,-0.41297472,0.3177746,-0.23285303,-0.17180172,0.26181716,-0.49415725,0.2529431,-0.2406294,-0.19978486,0.2443104,-0.16802973,0.008290332,0.27073744,0.5075425,-0.34797835,-0.0483537,0.28663513,-0.07529204,0.38246015,-0.19368513,-0.39348406,-0.17114799,-0.36445364
Sonata,0.25632328,-0.4086961,0.053195383,-0.18988971,-0.5166985,-0.5221303,0.21412455,-0.34280774,-0.06211677,0.2827319,-0.11945959,-0.6419343,-0.17459138,0.5301848,-0.3241125,0.9256762,-1.0997945,-0.31475288,-0.48867455,-0.014471006,0.83601344,0.88262755,-0.23333985,0.3243289,0.4306917,0.013028779,0.5012591,-0.25832844,0.12401183,-0.66049826,0.4691478,0.15071306
Italodance,-0.85130244,-0.028135262,0.08100368,0.2855655,0.48389655,-0.39957038,0.41456938,-0.4573301,-0.13772711,-0.067576535,0.442971,-0.8234405,0.21546489,-0.19451497,-0.30537242,0.44732606,0.23435217,0.048157938,-0.31793162,0.13841239,0.07775444,0.38244984,0.25125283,-0.29585463,-0.0416191,-0.2519771,0.033387568,0.13597044,0.0049949083,0.061419312,0.24881953,0.019569024
Bossa_Nova,0.34610692,-0.34165165,0.13436048,-0.08638884,0.21550508,-0.22804336,-0.16415481,0.12010883,-0.31126922,-0.21266825,0.16385074,-0.24550223,-0.5197693,-0.40147984,0.24908102,0.69567025,-0.27894753,0.12446742,0.25889215,0.16064608,0.31282684,0.33954644,0.44690153,0.20250808,-0.4430959,0.13959597,0.20119202,0.058273166,-0.5434317,0.2220918,0.3205421,0.0471108
Bop,0.37602112,0.008000941,-0.04774331,-0.17218699,0.58539873,0.02318131,-0.21020094,0.012614384,-0.18563697,-0.52123314,-0.10582572,-0.49068516,-0.7857686,-0.25551236,0.38296106,0.97626317,-0.11201455,0.11873721,-0.33378726,0.5035972,0.54691714,-0.049547467,0.43740427,-0.052996345,-0.3042736,0.3608234,0.3846665,-0.34328973,-0.42344934,0.23367432,-0.16130897,-0.48514766
MPB,0.5418383,-0.4903943,0.19677949,-0.008114063,0.15710464,-0.28420797,-0.5607832,0.20249125,-0.6345597,0.027432777,0.43609926,-0.29212463,-0.22965804,-0.557631,0.0011445278,0.30551496,-0.40088874,0.16911122,0.16582377,-0.15798192,0.21038558,0.6115136,0.21562694,-0.07172387,-0.39482448,0.033999927,-0.1236109,0.22948833,-0.67024755,0.17709666,0.42464614,0.4024827
Guaguancó,0.37766874,0.27405992,-0.5859803,0.18316206,0.011673388,-0.124809004,-0.11243616,-0.2795772,-0.5542754,-0.5873994,-0.25200218,-0.22059923,-0.17654037,-0.6237881,0.57922494,1.0301208,-0.20814063,-0.0069633266,0.413838,-0.32119095,0.26096886,0.89711744,0.51117796,-0.6317457,0.35538876,0.2206097,-0.44364846,0.14281015,-0.23204027,0.42783415,0.5300673,0.18524656
Hi_NRG,-0.31113252,-0.08334351,0.26983035,-0.040313523,0.5612421,0.110226616,0.1097545,-0.669792,-0.09339742,0.039022923,0.5458936,-0.81838816,0.17119494,-0.04028273,-0.24706107,0.36950737,0.0694653,-0.20534858,-0.023865191,0.44320264,-0.081566066,0.48148835,0.20054516,-0.14445792,0.18427894,-0.18723276,-0.25883794,0.38382062,-0.020574749,0.011749575,0.25384828,-0.1291314
Guaracha,0.4393243,0.32271272,-0.5322304,0.37030995,-0.064554326,-0.27673173,-0.08839126,-0.2748295,-0.7158043,-0.37714684,-0.23215008,-0.18139717,-0.18998642,-0.5553605,0.51166886,0.73715055,0.040910862,0.22747432,0.3813583,-0.31569433,0.45365003,0.85167545,0.6595212,-0.6262632,0.34208718,0.20246002,-0.39729947,0.22816534,-0.1516823,0.4570969,0.62858975,0.21189234
Hard_House,-0.7137081,-0.12468425,-0.10886564,0.5616905,0.31696892,-0.4085144,0.4454337,-0.044950616,-0.027370164,-0.29155746,0.2247429,-0.90239924,-0.22826491,-0.21025556,-0.27418524,0.21148996,0.15455334,-0.19310775,-0.6737048,-0.007867867,0.032969285,0.39723116,0.22807603,-0.35227394,-0.2983747,-0.10296258,0.09217991,0.3938009,0.16001007,0.37098902,0.33405244,-0.11915835
Hindustani,0.4939069,-0.13538903,-0.19504546,-0.24117742,-0.13876817,0.20769621,0.54906183,0.32916406,-1.1123374,-0.54902524,0.022696387,-0.74590075,0.28543347,-0.81410205,-0.52651,0.33644202,0.14377658,-0.33712932,-0.3102563,0.2482256,0.7506602,-0.18750182,-0.12008583,0.103283666,0.17739718,0.5732769,0.078841954,0.35885864,0.29117134,0.0219036,0.14560834,-0.40893286
Chamber_Music,0.09716521,-0.23005095,-0.059268102,-0.36374357,-0.60170907,-0.35929015,0.118925534,-0.17199294,-0.024040146,0.036669727,0.012701417,-0.81555986,-0.22934666,0.61911297,-0.25451094,0.96920055,-1.2214271,-0.35730177,-0.3420279,-0.12691256,0.695025,0.74844456,-0.277558,0.2897353,0.28470638,0.14598958,0.45870107,-0.03092073,0.10088885,-0.7392921,0.50195986,0.16385256
Dub_Techno,-0.40886033,-0.36891255,0.2055895,0.5798624,0.07266697,-0.23181035,0.81827104,0.1475169,0.13118637,-0.2835343,-0.05115818,-0.65586054,-0.21112232,-0.17497237,-0.20759068,-0.23930104,-0.383078,-0.20862117,0.15178624,0.5139284,0.27472878,0.061874166,0.2611704,-0.081436254,0.107518926,0.09171702,-0.0664278,0.1914167,-0.5081233,0.11524672,0.22733957,0.029288407
Oi,-0.24340688,-0.14899628,0.55624175,0.22888863,-0.39695823,-0.015750168,-0.031045927,0.36910462,0.22827692,0.016937932,-0.2971577,-0.30270198,-0.23750557,-0.17507917,-0.0877923,0.4948725,-0.054648206,-0.33075565,-0.4782962,0.17154813,0.08939437,0.24957038,0.84579253,-0.5626149,0.2486809,0.03888105,-0.2895325,0.49253565,-0.05670835,-0.43532184,-0.23319376,-0.1852496
Jazzy_Hip-Hop,-0.015412049,0.3980268,0.2740344,0.052838385,-0.19149272,-0.57620615,0.21513563,-0.64642906,-0.27008283,-0.766216,0.10258444,-0.504352,-0.35326797,-0.13370647,-0.082819,0.13996813,-0.6514665,-0.1399987,0.2346158,0.18407202,-0.12807512,0.06103767,0.3511745,-0.42046657,-0.7270766,-0.21558958,0.05013998,0.20139463,-0.26671505,-0.3786352,0.30242038,-0.65158826
Tango,0.25723204,-0.30685785,-0.12339201,0.18110909,0.2295382,-0.2606573,-0.17393637,-0.14342806,-0.6532236,-0.09718941,0.079582684,0.06658618,-0.2434898,-0.15461388,0.5789832,0.73655015,-0.24065034,0.29660305,0.022108646,-0.2122684,0.603677,0.2232447,0.30670732,0.00039710727,0.07207304,0.106056504,-0.026685013,0.40179428,-0.08905725,0.058765557,0.6626497,0.2913872
Dancehall,-0.45770314,-0.3158155,0.3634735,0.5243514,-0.695488,-0.23157543,-0.05616862,-0.73965263,0.034891926,-0.7070491,0.130891,-0.45977962,-0.21605562,-0.3376108,-0.21112171,0.40465355,-0.38885063,0.44070134,0.029509732,0.5215269,0.14499003,-0.010277912,-0.05898698,-0.48520494,0.17263104,0.24007677,-0.27253032,0.40118405,-0.36702248,0.46004888,-0.21605437,-0.1590905
Trap,-0.2727486,0.34989965,0.30935407,0.6351667,0.24138208,-0.12991954,0.23697765,-0.27034777,-0.2809689,-0.8711095,0.43662944,-0.22628328,-0.26245588,-0.30594406,-0.005594952,-0.034267657,-0.53627455,-0.019888466,-0.06846307,-0.1176685,-0.08375287,0.28511652,0.005648173,-0.47192952,-0.22381116,0.02699768,-0.010467252,0.13573834,0.137739,-0.6009319,0.3048305,-0.52148074
Progressive_Metal,0.23874488,0.35948953,0.610529,0.645052,-0.2863089,-0.31576502,0.2842937,0.04859373,-0.0032511014,-0.034811813,-0.14766042,-0.05842446,-0.31035557,0.058291256,-0.057126403,0.40946743,0.31983408,-0.3895506,-0.43792418,0.6540521,0.17863013,0.28042,0.57229275,-0.45853177,-0.25008276,0.311251,-0.5020601,-0.057919882,-0.16171744,-0.6182176,0.078535534,0.51927423
Symphony,0.5977832,0.13132572,0.12827474,0.087136805,-0.4451937,-0.21078978,0.3725123,-0.004291245,0.046093885,0.22627202,-0.3657837,-0.7978883,-0.087124996,0.3265208,-0.1437952,0.93623203,-1.0274336,-0.19455007,0.11469027,0.055217262,0.83500063,0.7149335,-0.18860558,0.27463856,0.49257874,0.111180566,0.6867886,-0.12982088,0.29603055,-0.49664176,0.6764019,-0.24038586
Hardcore_Hip-Hop,0.12991843,0.48792154,0.399696,0.3910419,-0.35205108,-0.6321201,0.11085411,-0.558041,-0.32915154,-0.85691553,0.14571586,-0.53133935,-0.14495884,-0.26533902,-0.11321195,-0.10960761,-0.81761134,-0.06178949,-0.008780242,0.020742383,-0.34230998,-0.027500961,0.33518502,-0.7154204,-0.5836292,-0.12925006,0.02951349,0.0023417044,-0.18035722,-0.63310665,0.4092079,-0.61138356
Power_Electronics,-0.048776906,0.070789166,0.09223421,0.5809859,0.20371938,0.24749483,0.5477908,-0.052149482,0.31010586,-0.35388327,0.3609617,-0.31823808,-0.15847123,-0.19110486,-0.026035696,0.107241146,-0.43952236,-0.2832582,-0.5360824,0.02914453,0.48559263,-0.12869602,0.46294773,-0.08042026,-0.027475283,0.10674376,-0.4376686,0.20028225,-0.48897105,-0.48208192,-0.042914856,0.20953454
Roots_Reggae,-0.48581272,-0.67408437,0.18708578,0.5661237,-0.56174463,0.039477896,-0.04015106,-0.78498393,0.107373886,-0.6899092,-0.12155236,-0.19614735,-0.2791128,-0.2934364,-0.24326527,0.25393543,-0.594423,0.34298754,0.054823488,0.82210314,0.32407075,-0.068319306,0.14447157,-0.39129096,0.14604722,0.1617615,-0.43207175,0.46729264,-0.41758886,0.36926052,-0.18945646,0.139509
Cool_Jazz,0.3759884,0.030892937,0.03748337,-0.21798877,0.44305456,-0.07504537,-0.1506852,-0.050351966,-0.18513893,-0.35630715,-0.04861633,-0.5330367,-0.70665896,-0.18997514,0.15697324,0.8198102,-0.1755403,0.1345875,-0.13723978,0.34724623,0.31809765,0.04626955,0.44761816,0.02059979,-0.35154262,0.56771874,0.2912014,-0.14516573,-0.32328448,0.22251114,-0.0104095,-0.32781234
Post-Hardcore,-0.057754587,0.0043376368,0.8555981,0.3214065,0.1430438,-0.13284586,0.24494395,0.2848446,-0.2973342,-0.21448477,-0.26044965,-0.06275559,-0.581,0.282483,-0.15797505,0.05972443,0.04086388,-0.426202,-0.62564665,0.20694384,0.34899142,0.49037528,0.38318148,-0.5439126,0.0819042,-0.015641613,-0.7134177,-0.03483593,0.03607974,-0.30103558,0.08815212,-0.1815955
UK_Garage,-0.32591492,-0.13264285,0.5113069,0.78063846,0.2424168,-0.0158234,0.5674495,0.10453007,-0.07498037,-0.7067929,0.33356443,-0.6297976,-0.3343558,-0.24329954,0.095223635,-0.06817245,-0.18765648,0.1852322,0.09344784,0.3037451,-0.10473515,0.5256897,0.04665697,-0.06879119,0.03654447,-0.114958145,0.32582662,0.2629436,0.2174455,-0.2036865,0.025263958,0.13138808
Sludge_Metal,0.41514614,0.48206064,0.7626805,0.5557034,0.050236367,-0.011377292,0.25509793,0.18431133,0.061905105,0.1638078,0.21582246,-0.34153903,-0.3708082,0.2254271,0.020998836,0.019504147,0.24289484,-0.38398543,-0.49563614,0.59055513,0.6550227,0.49030408,0.26285577,-0.4689771,-0.28226998,-0.044274297,-0.6003408,0.30995512,-0.41324443,-0.33757466,-0.15570465,-0.012569853
Avant-garde_Jazz,0.25229,0.21116628,0.07340579,-0.1661559,0.08981558,-0.19769056,0.12519322,-0.17264448,-0.032829154,-0.38101742,0.20603105,-0.63014275,-0.8278635,-0.100052096,0.06267085,0.027665522,0.2144822,-0.07052143,-0.23080255,0.22898416,0.7376267,0.22403179,0.43666586,-0.0013299995,-0.093179636,0.2666659,0.22131938,-0.5806712,-0.6918036,-0.304334,-0.0067563886,0.0008871405
Ethereal,0.34539372,-0.2435315,0.3412663,0.2035792,0.3236312,-0.2731537,0.50613207,0.19059193,0.02099045,-0.14728652,0.22477949,-0.2269074,-0.17639948,0.04114664,-0.4637082,-0.0013021486,-0.10064451,0.11910484,-0.20775814,0.3634192,0.32364726,0.15060435,0.2339628,-0.4264677,0.23931165,0.051382698,-0.29098627,-0.007928526,-0.118467316,-0.29838735,0.0368678,0.20602721
Arena_Rock,-0.16829674,-0.09030041,0.34971192,0.030148348,0.18406531,-0.3277664,-0.29538622,0.17486282,0.21405575,-0.060195062,-0.087355524,-0.31444085,0.1266588,-0.06884372,-0.032313034,0.7153576,0.10054303,0.017317306,0.23604369,0.576528,-0.034116283,0.31374824,0.49736875,-0.57105637,-0.14249735,0.46376422,-0.26970744,0.14865316,0.12862852,-0.7105986,0.07503261,0.2742169
Grunge,0.14820202,-0.1574047,0.5948117,0.15268166,0.27154967,-0.37257245,0.029868383,0.18666784,0.13178079,-0.17319395,-0.12821606,-0.0680003,0.052011922,0.09857771,-0.0680654,0.07340607,0.027943533,-0.24038117,-0.27008522,0.3688271,0.42364252,0.401944,0.35268372,-0.64054835,0.031055294,0.15715852,-0.52444005,0.21300992,0.12145101,-0.4316858,-0.0019123896,-0.17120138
Son,0.43051624,0.1894726,-0.4530568,0.2669766,-0.10335828,-0.056418005,-0.15820418,-0.16529816,-0.74744844,-0.5004961,-0.23239437,-0.17788135,-0.23187359,-0.3871474,0.6252922,0.8663107,-0.14357308,0.16684502,0.4637776,-0.18761683,0.41531548,0.8679085,0.5732717,-0.75562406,0.22375292,0.13620718,-0.2553243,0.004442822,-0.051571846,0.38994387,0.7774211,0.1973964
Musical,0.23028472,-0.25344726,0.15938278,-0.21915574,0.104019806,-0.23246624,-0.017062621,0.16719016,-0.61337495,-0.28889537,-0.06099244,-0.29416248,0.3041439,-0.13349415,-0.13305004,0.6250228,-0.2650357,-0.062223457,-0.21586618,0.1318674,0.50156605,0.094429314,0.3097771,0.30561253,0.009971193,0.32535413,0.23196328,0.015794912,0.13949127,-0.15305053,0.34286138,-0.24925359
Acid_Jazz,-0.09526234,0.0053143455,0.17984122,-0.049011186,0.022928739,-0.19064808,0.4353985,-0.25115052,-0.3296967,-0.38596955,0.1924886,-0.4898847,-0.40131307,-0.39831063,-0.11804937,0.23690581,-0.25513694,0.04556106,0.17814368,0.32402372,-0.113499224,0.55249023,0.34880105,-0.15308149,-0.13964096,-0.06163648,0.14252865,0.08938569,-0.1750008,0.105884,-0.13162768,0.0012786534
Boom_Bap,0.12393607,0.34476596,0.30015647,0.20554411,-0.30194503,-0.60234714,0.27929887,-0.78889126,-0.32881024,-0.92444587,-0.0020663058,-0.49406773,-0.31969494,-0.29474548,-0.08820573,-0.0313169,-0.75175196,-0.1590382,0.1600476,0.112598956,-0.21179996,0.025790613,0.1886361,-0.4952348,-0.6841572,-0.17063327,-0.059540104,0.08910794,-0.16864486,-0.6216502,0.27474257,-0.7741858
Neofolk,0.17968775,-0.015859718,0.09115604,0.35686222,0.13926849,-0.19923903,0.43920392,0.21157233,-0.03743537,-0.047466777,0.22342041,-0.34328243,-0.22959208,0.13431033,-0.37134638,0.09856497,-0.3580772,0.20423032,-0.16397475,0.1767173,0.24794228,0.015224099,0.42639875,-0.15897614,0.28888178,-0.10133584,-0.31077123,0.016953202,-0.18070579,-0.54980147,0.0052496977,0.30410895
Psy-Trance,-0.4505477,-0.31434348,-0.39673513,0.42005968,0.44270214,-0.7290894,0.6410787,0.007910923,0.23753862,-0.55026853,0.110501684,-0.24898206,0.073169686,-0.49223867,-0.11358322,-0.15720545,-0.56802267,-0.33578292,-0.76870245,0.6226242,0.018538058,0.56092113,0.43677977,-0.26522458,-0.2989486,0.23836812,-0.03129285,0.07435526,0.16386758,0.28231505,-0.2214447,0.358216
Bass_Music,-0.18955182,0.15960008,0.3398446,0.7523447,0.10225238,-0.0520493,0.28572166,-0.3904657,0.0840681,-0.8726709,0.38496062,-0.4555492,-0.2291726,-0.08325875,0.041417282,-0.17869915,-0.36310428,0.2456998,-0.0027293265,0.096703246,0.085797496,0.3226299,0.10252684,-0.30524436,-0.28228232,-0.05437555,0.09680628,0.37425774,0.03895676,-0.12020806,0.3625292,0.032679204
Polka,0.033624057,0.0449177,-0.4797606,0.27378693,0.06495211,-0.5645822,-0.4130126,-0.010340774,-0.90053827,0.017616669,0.13393599,0.05367214,-0.36782217,0.32501075,0.28680268,0.3852325,-0.3666646,0.5726126,-0.20007582,0.37103388,0.39363712,0.09317405,0.29060945,0.33206514,0.4813564,0.08674013,-0.0057383366,0.64400357,-0.24401721,-0.36281472,0.44900098,-0.031790197
Renaissance,0.6978917,-0.17828211,-0.11078783,0.11748171,-0.18438081,-0.636174,0.12538412,-0.30514708,0.31032678,0.18695931,0.020391298,-0.8317869,0.116666414,0.21741202,0.008413883,0.76679105,-0.64524215,-0.12796614,-0.50765824,0.030793251,0.37649122,0.64086485,-0.47331983,0.18556796,0.7188735,0.4710112,0.33287203,-0.3299784,0.021249428,-0.47352836,0.034930144,-0.2197081
Bollywood,0.40608615,-0.08909603,0.1571746,-0.33354622,-0.022252057,0.24557005,0.48254034,0.33271748,-1.0843053,-0.6312527,-0.010289836,-0.7333262,0.3636922,-0.69750684,-0.65045226,0.5103979,0.037052,-0.34558362,-0.23070298,0.18291186,0.5810568,-0.18334843,-0.122728035,0.11607754,0.04029072,0.37226278,0.18010004,0.2023395,0.16408831,-0.11818658,0.41982764,-0.26453522
Afro-Cuban,0.521444,-0.08722826,-0.35955402,0.057420243,-0.0034075715,-0.0053690765,-0.25377795,-0.50888073,-0.6234246,-0.4736084,-0.0409454,-0.361181,-0.2028848,-0.49964243,0.47339386,0.66429865,-0.10225026,0.14664875,0.28560254,-0.2385425,0.24263875,0.5453691,0.5297144,-0.60565406,0.18741907,0.11745178,-0.20952652,0.012330299,0.010859616,0.2231593,0.3337752,0.3891256
Big_Beat,-0.19051181,-0.25874236,0.26340246,0.32951146,0.074124284,-0.23613217,0.62333256,-0.14305024,-0.14163114,-0.51503855,0.18485141,-0.4603345,-0.10942247,-0.059066057,-0.05095852,0.07244534,-0.20691267,-0.11639216,0.07928645,0.27450147,0.091218695,0.35718703,0.3620046,-0.26588276,-0.1072149,-0.16067012,-0.07908818,0.3784117,0.118679084,-0.022600742,-0.26144773,0.1021942
Hip-House,-0.51026034,0.07840243,0.35687745,0.5425405,0.17558642,-0.2861624,0.45792177,-0.5090004,-0.16125503,-0.27307025,0.18042053,-0.6538856,-0.023158142,-0.4264107,-0.18406498,0.14127834,-0.08135024,0.2169577,0.12829071,0.15024315,-0.035881,0.5201617,0.1862682,-0.2669985,0.070765376,-0.107625596,-0.13599569,-0.048685636,0.026640434,0.26172036,0.26890272,-0.15671021
Rhythmic_Noise,-0.07988905,-0.1315717,0.117196865,0.5658268,0.17720279,-0.0022131824,0.45059937,-0.08671742,0.37277064,-0.47066745,0.44885206,-0.43007606,-0.17421533,-0.03823222,0.004065469,-0.17049383,-0.41128838,-0.25941265,-0.2788102,-0.06995382,0.29392684,-0.022515694,0.48677334,-0.13732126,0.0024756608,0.1908955,-0.3606332,0.3589961,-0.29347035,-0.3867424,0.16008736,0.07186788
Chiptune,-0.047297254,0.15092634,0.49968746,0.2983517,0.027161371,-0.025754234,0.5521923,0.23272641,-0.15012491,-0.6195446,0.5016041,-0.34000617,0.10947153,0.043506343,-0.24910304,0.20944941,-0.1453999,-0.2763258,-0.15193409,-0.06703478,0.17477068,0.24253243,0.4073232,0.058385085,0.19783482,0.37783885,-0.17184953,0.4185071,-0.15827073,-0.066221125,0.119393945,0.020426175
Mod,0.047078002,-0.10282278,0.23679228,-0.036197353,0.2018519,0.0025000335,-0.06002566,-0.08189438,0.09217273,-0.15798411,-0.3919576,0.04448964,0.004302092,-0.52814466,-0.29571298,0.35736722,0.112789966,0.01988372,-0.17258191,0.2538745,0.36726868,0.68779594,0.3406719,-0.3717259,0.2949373,0.22292899,0.15689662,0.56146693,-0.14799426,-0.5924647,-0.19555742,-0.15069695
Metalcore,-0.032176036,-0.023918197,0.80777794,0.5912764,-0.27826315,-0.11960198,0.070181556,0.20568924,-0.24359128,-0.18792965,-0.22806509,0.011841553,-0.26886138,0.27431312,0.044760063,0.16677967,-0.014679325,-0.67044085,-0.7945959,0.48448592,0.016057564,0.4061036,0.5315059,-0.5490008,-0.00990654,0.27934247,-0.5505728,-0.062455878,-0.098701105,-0.19742031,0.25646996,-0.062053
Math_Rock,-0.07296875,-0.18896605,0.6899146,0.20171188,0.23176752,-0.19435577,0.35947534,0.22547708,-0.32625905,-0.11740825,-0.051722575,-0.022610053,-0.32409313,0.18461445,-0.14581671,0.11711027,0.059669457,-0.32366264,-0.48043707,0.14723203,0.3991291,0.21122622,0.3921855,-0.48441166,0.041126933,0.08473918,-0.6091138,-0.036438838,-0.44207576,-0.5450108,-0.035046767,-0.044632025
Tribal_House,-0.5511168,-0.122574866,0.3003894,0.49359834,0.505387,-0.047221303,0.41290623,-0.025567826,-0.2412978,-0.039900403,0.26431915,-0.79800844,-0.10793139,-0.46571484,0.0396637,-0.07471798,-0.42668343,-0.116244346,0.055709362,0.41548443,0.1548167,0.42579523,0.22801346,-0.28571707,-0.020992164,0.0828667,0.115617305,0.035355233,0.08585896,0.32595345,0.055566307,0.13451153
Bossanova,0.42835715,-0.4403384,0.10560683,0.05929008,0.3214566,-0.2275903,-0.37199327,0.13004798,-0.66516477,0.03943824,0.30506602,-0.048178326,-0.18221243,-0.7757974,0.3205599,0.4491973,-0.47277203,0.035986602,0.32689402,-0.11885015,0.26881155,0.6100568,0.28765294,-0.12270721,-0.1354843,0.18682513,-0.1466813,0.19590189,-0.5923291,0.14440432,0.4563985,0.33533064
Post_Bop,0.32600462,0.2048134,-0.30598056,-0.3615018,0.36280388,0.09604963,-0.25183126,0.030518116,-0.2694704,-0.48728266,0.21049325,-0.6353998,-1.1437999,-0.2932743,0.24584717,0.52598745,-0.001402093,-0.05261824,-0.2487909,0.468317,0.5828338,0.059482854,0.5846692,-0.07010219,-0.24633105,0.22718091,0.3513532,-0.47308505,-0.48282322,-0.16865274,-0.01577925,-0.30985925
Nu-Disco,-0.17354193,-0.22656988,-0.056739766,0.62901735,0.45610315,0.1537106,0.5419114,-0.0032192145,-0.22193718,-0.15447108,0.16968824,-0.7102256,-0.18475026,-0.04704359,-0.36446333,0.22976378,0.06744781,-0.13578753,0.40249327,0.14715365,-0.23151512,0.55338186,0.39087513,-0.2854465,0.12087308,0.118611455,0.036342416,0.23189837,-0.14512454,0.0033270756,-0.048495814,-0.3964704
Symphonic_Rock,0.025925478,-0.14554103,0.46228385,0.27397615,0.15475245,-0.38503948,0.007411988,-0.11510379,0.02355146,-0.014640135,-0.24249892,-0.49068514,0.0054137153,0.08345086,-0.38478914,0.4869225,0.44446006,0.012578805,0.10299289,0.23731786,0.29997373,-0.00204891,0.34793302,-0.22722928,0.11898013,0.40199885,-0.14707139,-0.08686432,-0.11463772,-0.6777103,0.29220065,0.3923097
Dream_Pop,0.5009684,-0.16242267,0.48433346,0.127124,0.35516062,-0.43092245,0.26990408,0.124999434,0.067439295,-0.3677745,0.12329774,0.017305262,-0.28569615,0.11942081,-0.6236415,-0.033856545,0.00776695,0.15373793,-0.074073695,0.20314668,0.30172396,0.54970425,0.42387864,-0.4629618,0.18959922,-0.18227373,-0.43850857,0.088186994,0.16288702,-0.11139686,0.17024632,-0.24883199
Celtic,0.35378262,-0.27971837,-0.21323939,0.16354722,-0.15670137,-0.32916155,0.092851385,0.16038494,-0.43899676,0.22224928,0.09296474,-0.29782268,-0.25744748,-0.007855429,-0.27850184,0.37587538,-0.31007415,0.59111047,-0.25332707,0.14381479,0.2107079,0.03554385,0.21061432,-0.005917333,0.22398238,0.17355879,-0.40026787,0.20015249,0.23793906,-0.34791374,0.016329043,-0.010800482
Impressionist,0.25386614,-0.16626701,-0.109307885,-0.08410767,-0.36375177,-0.42089522,0.0964439,-0.18159842,0.14747617,0.105776876,-0.0078066476,-0.6438563,-0.13647392,0.49027514,-0.34472835,0.8733858,-0.95207006,-0.23702598,-0.20207869,0.04794181,0.99641216,0.6300013,-0.20719634,-0.056058947,0.3939435,0.36237392,0.527445,-0.42291287,0.14528652,-0.3217873,0.30207336,0.20588198
Ranchera,0.2806466,0.30657515,-0.8023081,0.5754744,0.020518644,-0.3202374,-0.1629902,-0.06928924,-0.80421275,-0.37571472,-0.18116361,0.29876304,-0.2882081,0.31555215,0.4617196,0.7181283,-0.0045546954,0.5772201,0.09224987,0.34608325,0.45221224,0.7037017,0.41861942,-0.4673052,0.34691906,-0.1757379,0.017225621,0.24164087,-0.49682343,0.028764784,1.2424157,0.0714451
Crust,-0.027414039,0.02153444,0.7133031,0.5286535,-0.2813651,0.12339213,0.29584348,0.31338933,0.051692955,0.08895713,0.041563205,-0.17929332,-0.33695403,-0.19705437,0.23059994,0.3062493,0.19807644,-0.38400856,-0.914052,0.22236814,0.1507284,0.35079652,0.7986961,-0.4401569,0.1406425,-0.031004695,-0.33107767,0.40044704,-0.2848473,-0.33197355,-0.20681515,-0.24526295
Freestyle,-0.288487,-0.044427406,0.27031264,0.4722521,0.36387897,-0.033723775,0.33798376,-0.28231698,-0.042439293,-0.3364791,0.38555825,-0.54545045,0.032946333,-0.03735982,-0.0098060835,0.10314925,-0.08925859,0.14721143,0.051948234,0.39297596,0.008189014,0.3690161,0.29879412,-0.2643169,0.04326205,-0.090774745,0.043395188,0.04229229,-0.2733723,-0.09197786,0.15659082,0.050395064
Mandopop,-0.1473352,-0.16225263,0.18294911,0.115318336,0.3293832,-0.057997137,0.2317331,0.06468142,-0.061972972,-0.10863629,0.5040897,0.051687896,0.08498702,-0.03390524,-0.09218325,0.77701706,0.10110681,0.49732757,0.017220384,0.5128212,0.09339384,0.5693058,0.2566949,0.026793187,-0.2000454,0.05883728,-0.06137282,-0.08048969,0.25165117,-0.32401305,0.51835674,-0.41130173
Afrobeat,0.09587773,-0.5385054,-0.21996778,-0.11140098,-0.1947108,0.26140234,0.06106119,-0.6899595,-0.30814517,-0.255464,-0.049979635,-0.73480535,-0.44759023,-0.4019895,0.07812959,-0.04602028,0.11128939,0.082260996,0.33881623,0.2048983,0.04038239,0.36074436,0.5603278,-0.46802756,0.07580526,0.029343626,-0.029439582,-0.07273443,0.039520897,-0.034430653,0.39676598,0.034928933
Lounge,0.2603561,-0.09199578,0.28441766,-0.22508474,0.27525285,-0.24850076,0.20632118,-0.26420555,0.09502777,-0.2655248,-0.025872542,-0.22903363,-0.13887921,-0.3558262,0.00416952,0.20246139,-0.088151,0.084304355,-0.1409325,0.3079424,0.5052306,0.1412772,0.41699266,-0.038283262,-0.17612974,0.3118631,-0.018661803,0.41167796,-0.24215296,-0.00872989,0.10793872,-0.05402865
Bluegrass,0.26373327,-0.017157868,0.08401991,-0.21097854,0.052510846,-0.38458514,-0.1012329,0.2508264,-0.18078032,0.044022325,-0.30976883,-0.8745089,-0.16788056,-0.14305283,0.49403316,0.09547162,-0.32951233,0.8931885,-0.55066097,0.16525424,0.19804113,-0.122774124,0.2449074,-0.08936919,0.23800726,-0.22040233,-0.5542517,0.19419593,0.1802566,-0.28920293,0.4702209,-0.2768156
Neo_Soul,0.17530103,-0.1681483,0.33198452,0.10140588,0.24387601,-0.037468564,0.23355599,-0.4073761,-0.3788931,-0.44668776,0.09214981,-0.3879415,-0.11758506,-0.4293816,-0.19554453,-0.014685177,-0.2839959,0.29178864,-0.05633029,0.07115863,-0.5121848,0.626148,0.39078578,-0.19861363,-0.06280844,0.047597513,0.14570181,-0.13703427,-0.2754821,-0.22035982,0.15112482,-0.20442396
Speed_Metal,0.05233627,0.36761194,0.6951265,0.73137313,-0.6044728,-0.17683141,0.3012769,0.24540281,0.2662545,0.33301964,-0.005097573,-0.37809616,-0.16639711,-0.2122542,0.19218697,0.3726808,0.33546567,-0.3658944,-0.28926104,0.39892605,0.08116262,0.19453515,0.76557094,-0.16735122,-0.11857954,0.3186344,-0.6778361,0.11103528,0.11889331,-0.81390554,0.45049405,0.08068485
Southern_Rock,0.017530672,0.057485726,0.55356556,0.084420435,0.070743375,-0.27708042,-0.22389697,0.37305015,0.1281161,-0.1360759,-0.27958736,-0.6101486,0.19778201,-0.08209348,0.13445127,0.30913827,0.022876643,0.48217836,-0.06250796,0.390175,0.072297186,0.40578377,0.22786677,-0.41073307,-0.045709018,0.24088672,-0.45354372,0.38496467,-0.07838648,-0.61425203,-0.119631164,0.028978998
Chillwave,0.15428717,-0.04149054,0.09909483,0.4303647,0.35176495,0.08278477,0.8552556,-0.31288183,-0.29636276,-0.33502224,0.2462377,-0.32806146,-0.0015649245,0.21555778,-0.5823961,0.4086514,-0.19411321,-0.10704202,0.31948936,-0.27658027,0.034370616,0.127044,0.68128264,-0.35058123,0.08411124,0.25246388,0.10175244,0.4520266,-0.10132304,-0.12117033,-0.18466432,-0.14919896
Video_Game_Music,0.035156697,0.2931889,0.5259332,-0.2759546,-0.12086932,-0.10962737,0.48181775,0.135848,-0.28413504,-0.5933902,0.4041991,-0.5476358,0.354893,-0.069176085,-0.16861619,0.4327416,-0.31302547,-0.325798,-0.0296383,0.25287175,0.46997556,-0.005885025,0.11107765,0.11209796,0.08866814,0.4753231,-0.16255353,0.344545,-0.027456898,0.10221852,0.24501932,0.17756234
Country_Blues,0.1736655,-0.0017365232,0.23612005,-0.50372094,0.53340185,0.026138157,-0.25276947,0.20875214,-0.3777596,-0.11314926,-0.5731534,-0.8112976,-0.07049749,0.35578358,0.3176295,0.05891031,-0.42773974,0.82332,-0.43460608,0.44566742,0.021759368,0.13186345,0.4538373,-0.50568676,0.24134888,0.43353626,-0.15320767,0.24445514,0.0866108,-0.16613029,0.33207324,-0.0132658295
Flamenco,0.31167454,-0.4844627,-0.12387081,-0.21541856,0.16525435,-0.4663279,0.076013625,-0.50833756,-0.8987127,0.023651937,0.31793186,0.028976284,0.24117869,-0.07584447,0.72217304,0.53620666,0.073380016,-0.028531073,0.08929168,0.1688834,0.40905184,0.42121333,0.40553868,-0.43943954,-0.07058662,-0.06708368,-0.081349954,-0.023985805,-0.08254979,-0.23373204,0.25143436,0.54189783
Poetry,0.26213792,-0.08313801,-0.2795277,0.32176733,-0.028591357,0.06694354,-0.11432207,0.05265514,-0.28210202,-0.21914326,0.17544025,-0.47187516,0.22012155,0.20181589,0.014977863,0.20942649,-0.2648698,0.24630283,-0.27802184,0.10397272,0.71787715,0.34540436,0.6415609,0.14923826,-0.03374132,-0.0028247484,0.098994,-0.2182432,0.027898379,-0.36993116,-0.4854719,-0.23462684
Sound_Collage,-0.035904095,0.02959726,-0.07876948,0.39900845,0.02458459,0.23848161,0.7861934,0.039061494,0.0849934,-0.6120107,0.12886426,-0.42972824,-0.17458765,0.28721514,-0.20299494,-0.17872281,-0.18371111,0.20617557,-0.214689,0.06730403,0.4634664,0.1650354,0.5630938,0.116160735,-0.11836286,0.13516872,-0.25488746,0.06674231,-0.30990288,-0.43455586,0.12257256,-0.0979924
Story,0.28943714,-0.2296019,-0.40905836,-0.043361224,-0.17715901,-0.34321257,-0.19335033,0.32351834,-0.30937645,-0.48440936,0.09591349,-0.5221538,1.0719653,0.3069504,0.11888434,0.31231192,-0.39430368,0.08579226,-0.39862826,0.45611846,0.6735324,0.4739423,0.57282656,0.23274516,-0.09299507,-0.14797023,0.1498748,-0.22280864,-0.09258839,-0.311278,-0.25563887,-0.44654244
Marches,0.0005620943,0.053013556,-0.47967976,0.390709,0.18635222,-0.057556394,-0.2713556,0.07745762,-0.8582277,0.013073135,0.07341575,-0.33367717,-0.25941342,0.76128554,0.15092786,0.7343343,-0.76877487,-0.12736478,0.08622042,0.23940058,0.40027776,-0.14179714,0.39609277,0.67904794,0.16136613,0.20444891,-0.12524794,0.43193325,-0.060906608,-0.60701734,0.29277632,-0.19173741
Dungeon_Synth,0.45029846,0.31031597,0.20662369,0.39416584,-0.052771684,-0.11815335,0.802381,0.20894612,0.32951918,-0.041786417,0.3121143,-0.52397436,-0.060921032,-0.14966004,-0.6816723,0.2651386,-0.5075461,-0.15026364,-0.27288935,0.1191127,0.18719274,0.05054784,0.38743994,0.008272572,0.17276923,0.3568016,-0.26764262,0.08952031,-0.37802792,-0.13982102,-0.10927186,0.23455292
Nu_Metal,0.16049337,-0.03723319,0.77370447,0.5610411,-0.09694912,-0.3749201,-0.095852025,0.09569644,0.01055928,-0.34647492,-0.18429278,-0.30715087,-0.033171464,0.17243758,-0.12021892,0.22256055,-0.27142864,-0.5677189,-0.49016428,0.47148484,0.027103765,-0.1607381,0.47431573,-0.5558236,-0.2847229,0.20029019,-0.53153366,-0.11981433,0.23528694,-0.41775256,0.220591,0.0141413575
String_Ensemble,0.3488731,-0.4566071,0.07006742,-0.27214146,-0.58604014,-0.6322482,0.065037705,-0.37934533,0.048501715,-0.059949648,-0.10668125,-0.64826006,-0.23301992,0.6395351,-0.32307816,0.70403594,-1.1169882,-0.3040347,-0.3381519,-0.19967984,0.6542524,0.9234361,-0.08009053,0.36396456,0.28782013,0.22107318,0.52532524,-0.3026895,0.30412745,-0.712039,0.7003038,0.07478115
Minimal_Techno,-0.37693754,-0.2422936,0.015799996,0.59540135,0.24532114,-0.06518431,0.7622859,0.22299851,0.24288428,-0.24111882,-0.024326405,-0.75256485,-0.31486458,-0.1631425,-0.28158572,-0.26058334,-0.34398922,-0.25287557,0.08736616,0.30477867,0.3296287,0.23770845,0.37891266,-0.26398352,0.187081,0.07802772,0.070204705,0.16632281,-0.23425649,0.22235486,0.34134737,0.10403161
Volksmusik,0.20534927,0.030793738,-0.34467217,0.5371826,0.23746493,-0.73080814,-0.6299418,-0.06541194,-0.624504,-0.120237134,0.096127465,0.11647156,-0.2795969,0.38992542,-0.009817833,0.45647472,-0.45968366,0.3024523,-0.38951832,0.49984473,0.33930486,0.053588465,0.22565696,0.7041646,0.49716297,0.22887932,-0.04701474,0.5668769,-0.17853235,-0.354748,0.23774137,-0.16011867
Dixieland,0.32376608,-0.06081545,0.0044935076,-0.23417175,0.8183209,0.108333714,-0.09802316,-0.1831457,-0.45931903,-0.052763183,-0.6697784,-0.49911654,-0.50506824,0.09812913,0.24225345,0.78808767,-0.4514163,0.36793983,-0.25357738,0.25524035,0.52962536,-0.20968573,0.5902909,-0.01450889,-0.15218358,0.45110637,0.08864141,-0.009169699,0.15337093,0.2930947,0.38899088,-0.31414157
Berlin-School,0.2471849,-0.11374638,0.064562656,0.18135059,0.24069872,-0.24158962,0.82907444,0.13111751,0.03701201,-0.21508265,0.29813507,-0.38559166,0.014956531,0.22429177,-0.41652092,-0.054583903,-0.3145865,-0.048632488,0.095474094,0.054767344,0.27411285,0.21508092,0.28651798,-0.27099562,-0.2016447,0.5154811,-0.27575758,0.3102677,-0.40280363,-0.35949245,-0.11198289,0.2159286
Anison,0.17271543,0.0025242155,0.50212276,-0.44690174,0.08123778,-0.026819253,0.20952694,0.39567444,-0.06862028,-0.83342063,0.37117282,-0.2702352,0.5279439,-0.2577443,0.067477085,0.41231224,-0.12763412,-0.27117345,-0.26603627,0.73286426,0.39039335,0.34125522,0.03293452,0.35681397,0.14423487,0.39485124,-0.12552387,-0.075366355,0.05587815,-0.03787896,0.73934805,-0.10131342
Power_Metal,0.0721352,0.45900068,0.82998735,0.6164981,-0.37485895,-0.39004225,0.174275,0.023497757,0.23512559,0.1574727,-0.009901021,-0.42336902,-0.005991853,0.07003313,0.16814512,0.4496146,0.2941617,-0.3464948,-0.3139804,0.67706865,-0.0010038189,0.113271214,0.9174255,-0.5282441,-0.16709931,0.4143661,-0.44559398,-0.038003832,0.31300288,-0.75326735,0.13296686,0.7280078
Electric_Blues,0.22633933,-0.07158992,0.17715327,-0.25299197,0.7002698,0.2978716,-0.38245064,-0.03971416,-0.3766563,-0.30198485,-0.6354134,-0.7343416,0.03389787,0.3426061,0.2849033,0.10821064,-0.19518247,0.4906736,-0.6268606,0.42898324,0.027359927,0.3239216,0.2079185,-0.5484882,-0.0639213,0.66983616,0.15880038,0.45339936,-0.1229801,-0.40665478,-0.011698189,0.25487322
Suite,0.49708942,-0.1811527,0.09246638,0.11804244,-0.54886997,-0.15727222,0.28989944,-0.27168593,-0.066014014,0.038051773,-0.14702651,-0.7627852,-0.096440196,0.5028655,-0.08903267,1.0864316,-1.0535841,-0.22536865,-0.3754281,0.02980317,0.788112,0.6672177,-0.37150574,0.1722422,0.5926367,-0.010811164,0.6437405,-0.17031516,0.26122558,-0.3897617,0.45652348,0.0024795586
Modal,0.3527418,0.21077642,-0.16461158,-0.3802281,0.23249854,0.17272024,-0.3127621,0.025628611,-0.264233,-0.55037904,0.13966313,-0.8329263,-1.1069746,-0.42924565,0.23399521,0.48054025,0.14278662,0.03800532,-0.058145627,0.4012917,0.56181586,0.101676375,0.56922245,-0.09552395,-0.07007271,0.263606,0.50692225,-0.40920836,-0.43637958,-0.14205883,-0.0007070195,-0.21561666
Solo,0.26467836,-0.30772275,-0.16001123,-0.101871915,-0.3487651,-0.37276474,0.1187228,-0.57467175,-0.14325792,0.23266758,-0.012093108,-0.5440761,-0.10629398,0.44242194,-0.23147312,1.0213969,-0.9551139,-0.55679005,-0.4479771,-0.06595769,0.79614323,1.0485986,-0.29216468,0.38982654,0.4625831,0.2674202,0.44710192,-0.2443007,0.18849972,-0.6225224,0.36028236,0.12467124
Calypso,0.4228217,-0.44993222,-0.060936246,0.7066802,-0.23191696,-0.008933826,-0.35102394,-0.3766196,-0.44893727,-0.2592186,-0.57529175,-0.3459834,0.031695195,-0.6733959,0.11692605,0.84590316,-0.16229224,0.19542816,-0.03171286,0.22300908,0.0818592,-0.12652677,0.20010577,-0.3097936,0.22509187,0.49343184,-0.27731135,0.32097828,-0.3239298,0.67323154,0.2537342,-0.17631897
Dialogue,-0.002819039,-0.2762782,0.050946537,0.1468453,-0.09081327,0.28760526,-0.13179097,0.07249207,-0.56217545,-0.3284997,-0.02303181,-0.70083684,0.6039666,0.17842288,-0.10362554,0.18353558,-0.2990718,0.1686934,-0.15590386,0.16211103,0.85357744,0.3931589,0.5829587,0.44300178,-0.38203168,0.11392412,-0.023763502,-0.22972159,0.2243186,-0.21784665,-0.23781526,-0.16021904
Electroacoustic,-0.018178284,0.15296178,0.03686733,0.18004361,-0.06418316,0.06839553,0.7740449,0.15323035,0.113238744,-0.40832365,0.32854703,-0.4741612,-0.15899937,0.13127714,-0.29808217,-0.16237809,-0.30305976,0.23176941,-0.08697888,0.010855464,0.61544997,0.12933615,0.3871553,-0.13077006,0.19559763,0.266902,-0.13787869,-0.056744125,-0.36281303,-0.40261307,0.072063416,0.00927393
Space-Age,0.49954537,-0.14386263,0.0451955,-0.5489792,0.13255101,-0.3701123,0.34489885,-0.32882398,0.028084401,-0.39054734,-0.077295266,-0.097092636,-0.3530021,-0.10199148,0.49055004,0.30828673,-0.11244307,-0.17744423,0.061833065,0.20398246,0.69863874,0.13324523,0.6801916,0.021115653,-0.23394021,0.29671088,0.048468366,0.02732072,-0.48086607,0.056174945,0.3773713,-0.45534852
Post-Metal,0.3484074,0.25424838,0.82739717,0.42978403,-0.013738598,-0.005137989,0.6016422,0.0128471665,-0.2600397,0.30093184,-0.092242606,-0.16021961,-0.24925277,0.38134193,-0.45576409,0.41150525,0.04326133,-0.2025,-0.71847624,0.57118994,0.56857824,0.3578676,0.41953838,-0.6513085,-0.5481663,-0.10197112,-0.60022426,0.040120605,-0.35527417,-0.075412594,-0.25081006,0.31377953
Acid_Rock,0.2588852,-0.11399831,0.29265293,0.23750433,0.28774342,-0.19413862,-0.12768745,0.088782705,0.09105458,-0.1319685,-0.44615293,-0.5281454,-0.19618271,-0.22728598,-0.20799035,0.056876134,0.16223966,0.017379168,-0.13518156,0.2372672,0.41453263,0.47850046,0.025659177,-0.36762905,-0.3270453,0.22045182,-0.43411994,0.5504035,-0.15768531,-0.5454294,-0.2948505,0.211096
Speedcore,-0.3308219,-0.11962429,0.5368434,0.4206496,-0.0020031019,-0.013270391,0.52452594,0.2293821,0.26494217,-0.267103,0.31599268,-0.6501049,-0.16525812,0.37558758,0.4406459,0.23616962,-0.23042777,-0.33354974,-0.7201219,-0.4199952,-0.08416849,0.503844,0.43014383,-0.036457807,0.021332704,0.22399545,-0.74970466,0.4133694,-0.1427023,-0.13252749,-0.08851465,-0.19454329
Descarga,0.22247122,0.12042323,-0.58278376,0.09828666,-0.019904584,-0.023209572,-0.15112723,-0.36840817,-0.5684162,-0.4454297,-0.23473822,-0.057844885,-0.15551904,-0.6360854,0.4458621,0.959651,-0.36839843,0.14199975,0.3735941,-0.3166909,0.42476812,1.0109202,0.54055995,-0.45647234,0.3618569,0.22228467,-0.47871172,0.09150291,-0.3533432,0.4206143,0.40473887,0.17797954
Guajira,0.43643138,0.27454716,-0.54131025,0.2717634,0.014987834,-0.043838732,-0.18767565,-0.27731764,-0.6531433,-0.2819278,-0.2292562,0.10387637,-0.2962332,-0.5895621,0.5308616,0.93509585,-0.33861774,-0.04741916,0.2619638,-0.31676412,0.3951088,0.99296206,0.70914686,-0.5558409,0.29989997,0.23218408,-0.57396436,0.087083645,-0.43491063,0.34298897,0.56655765,0.16198723
Thug_Rap,-0.17377453,0.606793,0.47043788,0.52812046,-0.32252586,-0.6185551,-0.021632994,-0.6189284,-0.26773822,-0.7661823,0.18386778,-0.64038754,-0.0048409537,-0.260616,-0.09394762,-0.11024507,-0.82564586,0.027946873,0.20434523,0.045914587,-0.27445802,0.040434957,0.40563184,-0.6236717,-0.481213,-0.032576922,0.18191245,0.08362546,-0.22094975,-0.6375034,0.4555137,-0.8446384
Interview,0.039014023,-0.17762233,0.25825512,0.44182417,0.10986229,0.12553284,-0.30142403,0.0799446,-0.22466385,-0.045225047,-0.122347146,-0.55187327,0.37811983,0.2592966,-0.0607782,0.25011656,-0.38313535,0.11137176,-0.27776158,0.22135004,0.4888531,0.40608364,0.63356656,0.01908286,-0.23027317,0.065847665,-0.05247646,-0.24441713,0.098612025,-0.15245935,-0.32758296,-0.27178183
Jazzdance,-0.090859815,-0.21425346,0.30134508,0.25849363,-0.08300203,-0.2707688,0.5713416,-0.14009851,-0.5107836,-0.20117939,0.054893333,-0.6893292,-0.33716545,-0.41574305,-0.06462295,0.18235572,-0.16386603,0.14762485,0.4219972,0.40006855,-0.116691165,0.50416064,0.27941906,-0.084598176,-0.085425146,-0.09521705,0.20495413,-0.13848047,-0.38420907,0.29369053,-0.15431271,-0.003049157
Hard_Bop,0.4053838,0.17682344,-0.29168522,-0.24054985,0.40314978,0.045990176,-0.101558104,0.06439153,-0.15845759,-0.5414632,0.17503642,-0.49993423,-1.0528339,-0.25884476,0.40378752,0.78009087,0.042082325,0.11862794,-0.22628683,0.5846179,0.49680728,0.05575899,0.7333457,-0.18535045,-0.32765344,0.39015153,0.42970294,-0.42223185,-0.37216794,0.08536053,-0.1111002,-0.39931634
Organ,0.7639767,-0.10939105,-0.031206375,0.1277454,-0.36567882,-0.55297935,0.35597584,-0.3955739,0.122212365,-0.0416121,-0.100066416,-0.724086,0.09249754,0.2950542,0.09536356,0.94692963,-0.6941658,-0.22341485,-0.23443264,0.030681241,0.6588567,0.52313054,-0.5062095,0.36773553,0.45271608,0.52763575,0.40199456,-0.21462569,-0.01652788,-0.26278973,0.26558492,-0.25233
Afro-Cuban_Jazz,0.3940195,-0.052449215,-0.3417027,-0.0017198104,0.23634173,-0.010125993,-0.29918432,0.0055215396,-0.32262272,-0.4136523,-0.04267533,-0.45758232,-0.7185896,-0.6028372,0.52684456,0.721333,-0.0590903,-0.05447536,0.18963142,0.07173779,0.34578013,0.34061277,0.62588763,-0.31953773,-0.024523644,0.309476,0.0174571,-0.17758556,-0.25638944,0.34829488,0.16995515,0.15115513
Boogaloo,0.39549592,0.13933992,-0.4737734,0.10217757,-0.029799532,-0.17744718,-0.08641046,-0.24684422,-0.60503256,-0.44390345,-0.20495994,-0.057728887,-0.07393124,-0.5618112,0.42121258,0.8252509,-0.012747387,0.21814199,0.30808282,-0.2706226,0.29651922,0.7878154,0.6977513,-0.481257,0.23879343,0.3443243,-0.2831024,0.14717235,-0.46903944,0.34066713,0.58196527,0.057014365
Ragga_HipHop,-0.28822017,0.0676647,0.40099454,0.49436218,-0.45379108,-0.5346758,-0.09679548,-0.55372286,-0.11911014,-0.741225,0.20049864,-0.6461017,-0.0025464282,-0.3964357,-0.25448596,0.20450276,-0.26748967,0.33187014,-0.030798929,0.23343071,-0.12862757,0.040617764,0.110890955,-0.55219835,-0.23420896,-0.041750893,-0.13322693,0.25400826,-0.28687218,0.14824256,0.07432409,-0.50863826
Light_Music,0.15713795,-0.2618817,0.098887354,-0.23061964,0.34024018,-0.47232002,-0.017406108,-0.2862088,-0.054761138,-0.06474515,0.03694924,-0.027242497,-0.10412403,-0.051607355,0.22759466,0.82111776,-0.5279263,-0.111073636,0.014652603,0.27526462,0.5118033,0.2634662,0.06910081,0.34229207,-0.13476431,0.40997377,0.016246513,0.2555624,0.025970131,-0.060289495,0.22265352,-0.25000104
Freetekno,-0.40285888,-0.658903,0.3704401,0.6435377,-0.12641975,-0.8241478,0.5899715,-0.081592254,0.10006434,0.32900035,0.23817232,-0.48505923,-0.5520881,-0.059345223,0.124173,-0.39949322,-0.09301688,-0.56805575,-0.23656498,0.078647695,0.276095,0.16442372,0.39326236,-0.0819644,-0.06563988,0.47097442,-0.14898598,0.7350707,-0.28668487,0.042673483,0.025046956,-0.11144095
Medieval,0.85792685,-0.012461371,-0.25716382,0.23576005,-0.07252176,-0.8375565,0.20760004,-0.04636522,0.10842257,0.2696398,0.049520366,-0.7327385,0.15177844,0.18291067,-0.27865025,0.42289427,-0.45132485,0.029067077,-0.2619002,0.26817203,-0.06687368,0.4764985,-0.16937833,0.2648962,0.8434939,0.53240305,-0.1300339,-0.35535994,-0.15103924,-0.4157321,-0.019674836,0.09897765
Britpop,-0.039216917,-0.31012124,0.5502713,0.050568964,0.4990883,-0.39031953,0.20959523,-0.13383493,0.040949415,-0.1420848,-0.10686935,-0.08718524,0.10642882,-0.18454112,-0.12585896,0.3918633,0.11357241,0.13259415,-0.35635567,0.062560715,0.33841982,0.45496306,0.19894959,-0.65311915,0.06279562,-0.17102438,-0.21134849,0.10308383,0.12432119,-0.3408153,-0.018916016,-0.22958474
Harsh_Noise_Wall,-0.002081601,-0.014422949,0.102668405,0.6198401,0.17918013,0.26875004,0.44100583,-0.034515586,0.5201641,-0.27364147,0.29304054,-0.34656218,-0.022155788,-0.31457785,-0.013394908,0.15244432,-0.5702055,-0.31482193,-0.39725313,-0.05033534,0.6181752,-0.104663186,0.22058767,-0.13055947,-0.07876483,0.1938404,-0.5304469,-0.05644002,-0.45625854,-0.6383649,0.065364346,0.08252376
Late_Romantic,0.49409986,0.056169134,-0.030696305,0.21349983,-0.4269466,-0.009804824,0.34508318,-0.0417498,-0.09217383,0.18089218,-0.5965195,-0.71398807,-0.38537693,0.48106557,-0.092546135,0.8503653,-1.3646924,-0.2530155,-0.14348683,0.083648615,0.80271834,1.0426373,-0.037801985,0.52945083,0.62655723,0.019440401,0.69954044,-0.08712929,0.34712774,-0.41948587,0.7528606,-0.116963595
Euro-Disco,-0.3475151,-0.13818844,0.16891338,-0.048902567,0.6012261,0.0028758438,0.034041613,-0.63145995,-0.13152725,0.20671757,0.67674965,-0.6047243,0.039848164,0.043537546,-0.46761024,0.45147824,-0.029175632,-0.07590453,-0.016890919,0.30251718,-0.11304251,0.43263435,0.3028034,-0.021081246,0.31009874,0.030482423,-0.34049207,0.43368167,-0.13148655,-0.0069222474,0.24711666,-0.18894581
Hardstyle,-0.55536354,-0.22266869,-0.18943818,0.45674077,0.37676322,-0.31266776,0.52000266,0.05522752,0.27277708,-0.38346526,0.40815383,-0.8588479,-0.25638923,0.0042208205,0.100013554,0.33319846,0.22091097,-0.5341726,-0.80786234,-0.21592844,-0.1384679,0.37282625,0.34085408,-0.5582086,-0.06815173,-0.13060364,-0.07303702,0.39518607,0.0208522,0.10809566,0.28394195,-0.19479874
Atmospheric_Black_Metal,0.50151515,0.63966686,0.5601913,0.7283184,-0.17827979,-0.011505214,0.8807364,-0.09044359,-0.13587339,0.29131782,0.009616267,-0.15300108,-0.3176053,0.04848949,-0.66145676,0.44065642,-0.11092804,0.05619994,-0.6949001,0.35357276,0.27842826,0.3919777,0.70166457,-0.22930682,-0.5428474,0.05145139,-0.5804578,0.054121036,-0.16116777,-0.035243534,-0.33481416,0.4679548
Deep_Techno,-0.5690701,-0.4813794,0.114560865,0.6959473,0.10091514,-0.26004887,0.70756733,0.32111314,0.12709048,0.075477295,0.018663768,-0.659239,-0.22155525,-0.383229,-0.21379855,-0.34643242,-0.38042572,-0.30135545,0.2676107,0.4963824,0.31023768,0.29360414,0.31978577,-0.09621674,0.107403174,0.013994726,0.05112015,0.14634387,-0.43159512,-0.06509953,0.35228196,0.1826445
Ragtime,0.32180014,0.12706637,-0.0034873812,-0.30175677,0.33925793,0.09349804,-0.04018097,-0.28604373,-0.45284554,-0.06517987,-0.37019548,-0.56322926,-0.35159227,0.30133593,0.3748143,0.9241174,-0.6219086,0.50772214,-0.2865582,0.22184613,0.4634889,-0.28873506,0.54860437,0.030061698,-0.19155055,0.27868912,0.18799777,0.2883532,0.32484728,0.16496418,0.23892398,-0.567673
Witch_House,0.25657237,-0.0008091848,0.26782832,0.5886536,0.47851336,-0.01839471,0.48762533,-0.19632278,0.14403042,-0.57388836,0.41478577,-0.23079868,-0.23685418,-0.07585812,-0.378769,-0.04911779,-0.46109557,-0.22479723,-0.0899237,-0.19896656,0.1825634,0.036612853,0.42525607,-0.28681007,-0.019131433,0.04185059,0.0526039,0.07690558,-0.29121286,-0.53657705,0.2106328,0.1113351
Ragga,-0.39658046,-0.25676265,0.46163642,0.71047723,-0.7273626,-0.51725435,-0.07402645,-0.8163432,0.02243047,-0.65282923,0.14182512,-0.56283784,-0.2592139,-0.52888274,-0.21836798,0.47969124,-0.0323719,0.5949858,-0.3215336,0.2232575,0.11554495,0.032772005,-0.06655394,-0.2350976,0.15436636,0.18053804,-0.26093534,0.31556326,-0.28419536,0.508956,-0.32471937,-0.1020775
Romani,-0.2657049,-0.37903845,-0.3024381,0.105756745,0.037074674,-0.39937502,0.10572401,-0.1539779,-0.39268786,0.16490208,0.69792014,0.008309461,-0.2817787,-0.10216929,0.0005465703,0.5503056,0.12751006,0.6221072,-0.3669392,0.3776629,0.15892728,0.08876059,0.29318386,0.060681187,0.38896984,0.054884214,0.094644874,0.20596792,0.06522099,-0.553758,0.20805925,-0.1910186
Goa_Trance,-0.629977,-0.31846434,-0.43304998,0.36035082,0.1001356,-0.56798434,0.5511977,0.32728413,0.3603695,-0.49710032,0.3415206,-0.39208308,0.038335033,-0.40740755,-0.014075923,-0.18462731,-0.6051209,-0.33990657,-0.7444734,0.42426798,-0.03824012,0.5717223,0.6065548,-0.33906734,-0.34861773,0.2914988,-0.05385668,0.12816598,0.054263193,0.18062812,-0.0068005617,0.3372813
Tech_Trance,-0.79304457,-0.4079548,-0.29301658,0.39380923,0.4975212,-0.4190788,0.64624333,-0.062312026,0.08905979,-0.3934418,0.14921035,-0.66451174,-0.08372633,-0.24580698,-0.2132292,0.03582167,-0.4599573,-0.40786025,-0.7425123,0.5308329,0.01337466,0.35658085,0.3066458,-0.48848817,-0.469257,0.07456799,0.19645989,0.14243056,0.11592758,0.28991452,-0.03255187,0.30608842
Illbient,-0.025158942,-0.1522485,0.34702417,0.52858144,-0.120146744,-0.055262763,0.6305014,-0.13993756,0.22346425,-0.46210134,0.31375143,-0.16008477,-0.30026722,0.09929305,-0.09552458,-0.022329735,-0.35883048,-0.19072357,-0.015551388,0.124577776,0.44961217,0.19093402,0.44899708,-0.08169598,-0.023726074,0.23815557,-0.13245177,0.21870677,-0.27858776,-0.12586623,0.04172199,0.14213061
Radioplay,0.40101904,-0.22311792,-0.25600016,0.31160092,-0.07706939,0.11279583,-0.14927243,0.25864673,-0.2860677,-0.35363194,0.0005695477,-0.5425211,0.98732436,0.3136388,0.32036597,0.20351452,-0.39012337,0.22430174,-0.45437345,0.31673008,0.8169501,0.47485033,0.7057715,0.2061277,-0.44759735,0.045259774,0.030236354,-0.2764816,-0.14194292,-0.30858466,-0.4184575,-0.26712754
Grime,-0.2915581,0.039151493,0.64260274,1.0845817,0.123710245,0.1242923,0.20563814,-0.13857052,-0.102321796,-1.0468042,0.32184833,-0.4683315,-0.57170856,-0.2574253,-0.08629754,-0.19615287,-0.35402584,0.11414279,0.05542013,0.1511541,-0.0009968982,0.3649926,0.043504104,0.010496426,-0.07586608,-0.011087917,0.16547154,0.32670775,0.25560156,-0.32865015,0.09786437,0.22653428
No_Wave,0.35267428,-0.21259008,0.3835865,0.19730453,0.19943975,0.09141835,-0.017763706,-0.024279706,0.24518152,-0.37158293,0.16933057,-0.24431424,-0.3591402,0.06692133,-0.38045725,-0.01882598,-0.094328605,-0.4863071,-0.23075315,-0.051972408,0.34953386,0.4390448,0.5740582,-0.38946602,0.2622314,-0.1864701,-0.14983377,0.19553557,-0.3169127,-0.45119134,-0.029729811,-0.12284664
Indian_Classical,0.5520195,-0.30102503,-0.37493798,-0.002686508,-0.37885156,0.10767724,0.5255551,0.26104033,-0.97846687,-0.51124066,0.08236444,-0.62580174,0.021419074,-0.8053076,-0.5214413,-0.005787776,0.2609697,-0.20494126,-0.36996466,0.19074556,0.7722931,-0.024975456,-0.12367749,0.083475806,0.07153294,0.84014904,0.03784116,0.27106166,0.23879118,-0.0974132,-0.14303175,-0.31244874
Coldwave,0.5500999,-0.24217743,0.47354794,0.36939737,0.48922938,-0.18027212,0.07683006,0.0162373,0.343636,-0.19602111,0.41786042,-0.18781708,-0.038677797,-0.007707506,-0.54159725,0.0077087726,-0.16944778,-0.32534918,-0.30465317,0.2096501,0.30988014,0.13493454,0.79263824,-0.7120146,0.49269232,-0.21074863,0.22804767,0.46537468,-0.011252975,-0.06871341,0.04728381,0.1931447
Son_Montuno,0.5350705,0.08967907,-0.6107308,0.43432516,0.0493391,0.048212945,-0.019423263,-0.20555519,-0.78493714,-0.55143166,-0.05803975,-0.15469523,-0.121245645,-0.596636,0.76288605,0.959761,-0.13315381,0.22102357,0.23473993,-0.25321266,0.29098403,0.8173367,0.52155846,-0.6901795,0.22652379,0.2989357,-0.42204672,0.2164855,-0.002087386,0.51472,0.5905921,0.21736905
New_Jack_Swing,-0.07457883,-0.12522241,0.22042327,0.12846829,0.08485705,0.03041193,0.11596888,-0.29815766,-0.13784969,-0.2982515,0.2518324,-0.3516457,0.26391423,-0.54163164,-0.25777227,0.14061822,-0.3019236,0.3263137,-0.15687303,0.2916923,-0.49299493,0.6863579,0.18902951,-0.24573147,-0.22777076,0.36969414,-0.19601083,-0.14754859,-0.20462649,-0.10086994,0.4803768,-0.44017956
Neo-Romantic,0.29955557,-0.14745566,0.06264053,-0.16469377,-0.1896149,-0.30823168,0.2239287,0.13134636,0.106190465,0.005787537,0.10346644,-0.55258596,-0.036478262,0.095395856,-0.46147335,0.7118519,-0.6739844,-0.22619747,-0.21673854,0.09402134,0.8911725,0.35352096,-0.12171839,0.3327075,0.47367838,0.38738447,0.5574422,-0.2250443,-0.0455474,-0.18256424,0.3955264,-0.053330503
Cut-up/DJ,0.06289406,0.19847496,0.07980219,0.097358815,-0.23609595,-0.5686971,0.40095317,-0.46351647,-0.08368825,-0.9504761,0.12435969,-0.5733045,-0.26811117,0.0052184938,-0.016340451,-0.14216518,-0.56998956,0.103297316,0.13470232,0.2879007,-0.08574556,0.09855238,0.44101772,-0.13127579,-0.62054926,-0.30920604,-0.23004875,0.25121245,-0.12188984,-0.14851727,0.20906383,-0.4321817
Bubblegum,-0.17324299,-0.041964,0.17652108,0.31716338,0.24581292,-0.011474207,-0.026212005,-0.56718594,0.07188219,0.06391448,0.29878488,-0.20132338,0.122817,-0.33706456,-0.20863098,0.39965388,0.14373645,0.22837745,0.0035780484,0.22626466,0.15077612,0.4693468,0.2846788,-0.29404807,-0.08227509,0.1867207,0.01778692,0.25773218,0.20575355,-0.4168538,0.3524174,-0.3607787
Gothic_Metal,0.7147876,0.65380573,0.8047398,0.72077847,-0.16951509,-0.20843798,0.10777395,0.17716084,0.060568567,0.09710513,0.1452487,-0.40931132,-0.034022875,0.013287927,-0.27759448,0.2719246,-0.009656573,-0.3992809,-0.6376763,0.7029241,0.37255386,0.13268009,0.56301117,-0.6372333,-0.11447544,-0.17104639,-0.020967698,0.1793144,0.016811972,-0.18178897,-0.009362737,0.5399931
Political,0.04368725,-0.16765183,-0.3472435,0.5672987,-0.045866165,0.26795918,-0.35043934,0.04835487,-0.60196936,-0.025201341,0.02336915,-0.58718914,0.15390153,0.26082668,0.13857567,0.22934332,-0.47970358,0.24205941,-0.15388668,0.016046807,0.77412826,0.13202474,0.5839144,0.23421365,-0.15531424,0.1397126,-0.3401732,-0.24962486,0.10814297,-0.41282418,-0.31094575,-0.11639188
Psychobilly,0.1718889,-0.12489429,0.6563281,-0.06138269,0.049933728,-0.059900284,0.0124253975,0.13309377,0.28996187,0.062239114,-0.638307,-0.41534212,0.14314501,-0.6535677,0.22060007,0.0070798704,-0.32039168,0.0800093,-0.51402146,0.21127997,0.23747776,0.34500033,0.7321596,-0.2836325,0.21997575,-0.27943724,-0.09803891,0.8449926,0.06642254,-0.47815406,-0.074824914,-0.095600106
Twist,-0.08057808,0.27395168,0.19168222,-0.011749715,0.14662156,0.11091165,-0.026801959,-0.3270385,-0.33155355,0.14301237,-0.48582324,-0.031334974,-0.009843926,-0.6127313,0.33018285,0.4218439,-0.18069045,0.3065462,-0.08106048,0.21086954,0.3925703,0.42074376,0.70738965,0.021709422,0.16552642,0.24892515,0.2202277,0.7175575,0.07153452,-0.3223525,0.11002817,-0.17799453
Laïkó,-0.34733337,-0.22900645,-0.5227401,-0.04550293,0.19623423,-0.44064566,-0.3907488,-0.1131035,-0.5267656,0.27819318,0.75979125,-0.1355584,0.018252438,-0.45754167,-0.06736178,0.46673054,-0.567107,-0.07275913,-0.1878435,0.6330292,0.8312275,0.1436521,-0.3141315,-0.12473594,-0.56939644,0.36296353,-0.66085595,0.12077607,0.48693264,-0.43202978,0.10131544,-0.24062848
Hands_Up,-0.6979755,-0.27593124,-0.25635135,0.43419856,0.5276859,-0.34373972,0.67039275,-0.09386208,-0.007222307,-0.13100483,0.39692852,-0.73881465,-0.04773833,-0.109267615,-0.19159015,0.388306,0.13074242,-0.21486448,-0.60293275,-0.043969866,-0.014674875,0.41907284,0.36954412,-0.55132115,-0.19945045,-0.05637998,0.047037758,0.36399972,0.18323845,0.30234742,0.17966755,-0.272672
Porro,0.33685106,0.24203382,-0.3859455,0.56271994,-0.13070291,-0.18972506,-0.2146517,-0.5758689,-1.082403,-0.50562865,-0.32340452,-0.0039779968,0.003844246,-0.119848914,0.3209119,0.6036993,0.029797379,0.06970012,0.42453182,0.04263287,0.5767488,1.0813205,0.47028503,-0.4360305,0.33703113,-0.060258694,-0.4939944,0.46422628,-0.39920986,0.5859132,0.58497435,0.13291615
Military,0.10818552,-0.016031124,-0.38376933,0.5398262,0.19533293,0.046925545,-0.24479112,0.2525537,-0.59024346,0.05514086,0.42974502,-0.5878062,-0.15368047,0.8766056,0.0140085,0.5656375,-0.6212518,-0.12988433,0.076419495,0.13963379,0.28181553,-0.31606263,0.57201034,0.6256652,0.15774958,0.2641052,-0.21528952,0.53304255,-0.0034654671,-0.7243901,0.16727741,-0.28189853
Rocksteady,-0.40123937,-0.56342506,0.2629595,0.33266643,-0.67377824,0.20452966,-0.23869115,-0.5715904,0.23242243,-0.39663184,-0.3800468,-0.124951325,-0.16119748,-0.275222,-0.34999505,0.47285435,-0.28833833,0.379498,-0.22532022,0.63450426,0.42797408,0.084951796,0.34776574,-0.67734796,0.22182204,0.31868124,-0.24804068,0.63386834,-0.61073947,0.56529987,0.09090949,0.03898182
Chicago_Blues,0.41938177,-0.0795967,0.21784574,-0.233542,0.75224245,0.35897553,-0.089537054,-0.08320954,-0.52036357,-0.28242925,-0.6381707,-0.60309786,-0.026448032,0.4590806,0.2559771,0.18789549,-0.2902285,0.73081267,-0.5869995,0.6510358,-0.16975935,-0.013687701,0.33881825,-0.5067591,0.09445618,0.8758924,0.12936851,0.4921491,-0.14499418,-0.28123328,0.17249425,0.09111649
Honky_Tonk,0.2457068,-0.13892621,0.06379063,-0.3049233,-0.017042983,-0.25447977,0.0555705,0.1664409,-0.07787153,0.12564348,-0.5106559,-0.6652677,0.0010499443,-0.19901076,0.4151101,0.3843106,-0.541688,1.0604483,-0.5334192,0.30208218,0.06803698,-0.19673494,0.6201407,0.07613862,0.09834634,-0.3864031,-0.5687901,0.44699782,0.14429122,-0.35199043,0.54869515,-0.057685643
Noise_Rock,0.17550163,-0.15871032,0.50403655,0.2608476,0.19465993,-0.18801437,0.17848837,0.15629457,-0.024897482,-0.121344045,0.061460786,-0.18638788,-0.35998896,0.14833811,-0.29535872,-0.16300666,0.16705298,-0.15517573,-0.5115949,0.30268094,0.44467077,0.2682718,0.45364895,-0.49339512,0.22073658,-0.1187923,-0.33920604,0.27044272,-0.31088087,-0.42378432,0.000546871,0.012351175
Monolog,0.13926347,-0.45074415,-0.11760148,0.40880856,-0.058450583,0.39605945,-0.34515947,-0.15170197,-0.5124298,-0.33026865,-0.14524512,-0.50481874,0.3995467,0.3017861,0.019761132,-0.054286703,-0.49986213,0.28475443,-0.060055815,-0.0050871703,0.80733645,0.4365892,0.8339463,0.48239714,-0.37639418,-0.01837108,-0.107916914,-0.03731596,0.21699755,-0.25124687,-0.051799096,-0.29864708
Soukous,0.41037202,-0.81995404,-0.23907235,-0.24869116,-0.230828,0.50011826,0.02010338,-0.8929808,-0.7320615,0.022395354,0.41667613,-0.5336399,-0.37909934,-0.50874007,0.8377752,-0.15083215,-0.20264423,0.1449495,0.09185994,0.28752878,0.32887706,0.11256169,0.50013727,-0.70168173,0.54924226,0.2490314,-0.2499662,-0.18593533,0.24305905,-0.24758515,0.35536763,0.15122941
Brass_Band,-0.11733893,-0.18213327,-0.2665793,0.52675587,0.091891326,-0.10957967,-0.30602357,-0.18860008,-0.76880556,0.11048492,0.19411883,-0.38593373,-0.6254576,0.6858769,0.3274895,0.60949135,-0.2970648,0.24221615,-0.116707906,0.17429443,0.2598304,-0.13965596,0.40235066,0.6317462,0.5645155,0.23139088,0.037531152,0.33711666,-0.104095906,-0.5482355,0.1957983,-0.09720222
G-Funk,-0.06896451,0.35025963,0.08738155,0.81133735,-0.129194,-0.37568787,-0.28325737,-0.4978302,-0.35697326,-0.7636042,0.16709013,-0.85935384,0.041560583,-0.21715592,-0.5063148,-0.072894275,-0.6305973,-0.018647803,0.26368317,-0.20620151,-0.54371065,0.07539397,0.34282157,-0.6923482,-0.6855582,0.12903133,0.06642361,0.056209635,-0.26726687,-0.7193974,0.6190805,-0.8406978
Hard_Techno,-0.4092207,-0.272241,0.3179944,0.5230119,0.3086857,-0.3808679,0.5010768,0.19229561,0.22906488,-0.1686675,-0.03752384,-0.66402984,-0.28878346,0.11929744,0.0844128,-0.31853577,-0.16584565,-0.5385267,-0.54015344,-0.01654287,0.19145699,0.2809434,0.47259223,0.10876469,-0.0173331,0.36592752,-0.18827394,0.68610156,-0.17792653,0.22943634,0.46298328,-0.21351813
Mass,0.8158442,-0.07874147,-0.2496356,0.17298631,-0.2435775,-0.48272473,0.09343669,-0.031863682,-0.06516851,0.23136386,-0.17570549,-0.83081365,-0.0024632716,0.3411846,0.12088107,0.7904696,-0.593948,-0.44964707,-0.35535815,0.53431875,0.3746726,1.0129249,-0.4650351,0.37391087,0.8334578,0.5542654,0.39559072,-0.5472315,0.2085192,-0.46782437,0.072305016,-0.4530907
Pachanga,0.399488,0.25258708,-0.41610992,0.22872004,-0.11344962,0.09633782,-0.032860342,-0.3122465,-0.66475344,-0.3877348,-0.10546253,-0.13574588,-0.07606747,-0.5110616,0.5027663,0.7601933,-0.2032227,0.2741777,0.2797555,-0.33449256,0.5399274,0.8371022,0.5777161,-0.644015,0.24026953,0.0723174,-0.46999478,0.27316323,-0.24236561,0.46040776,0.41527995,0.21968757
Corrido,0.2601733,0.37117016,-0.8404916,0.5864075,-0.0039533703,-0.44548702,-0.22142452,-0.052205063,-0.7762957,-0.17663501,-0.24675249,0.058417913,0.015835451,0.30499545,0.7521202,0.5655379,-0.2630953,0.45165184,0.11407972,0.52137893,0.45736867,0.7750548,0.23640785,-0.5866361,0.30188292,-0.32405442,0.0421178,0.39055687,-0.67161584,0.068149604,1.3637576,0.22232576
Speech,0.12307212,-0.31843242,-0.38602048,0.68916076,-0.007307464,0.1251951,-0.38773206,0.31389186,-0.3603331,-0.05379442,-0.12740517,-0.72031635,0.25541544,0.36675248,0.10510803,0.16153498,-0.67463505,0.006007931,0.036646027,-0.12031261,0.6849942,0.17171568,0.75351834,0.2609105,-0.2202866,0.17698038,-0.43370712,-0.34420168,0.16700411,-0.4667832,-0.28872925,0.0245457
Education,0.22462362,-0.32135576,-0.44335657,0.13481598,-0.24845509,0.13575545,-0.11777362,-0.054238994,-0.2493433,-0.058425236,-0.015054515,-0.65618974,0.6597208,0.45744035,0.15621369,0.2509034,-0.44414502,0.10640134,-0.20383017,-0.18382913,0.9778921,0.49955845,0.8906736,0.051279243,-0.27840692,0.028646324,-0.05415445,-0.4840901,-0.068205826,-0.32522428,-0.47596118,-0.4590695
Charanga,0.48079076,0.14413394,-0.5579628,0.35284665,-0.23513171,-0.20991006,-0.09640644,-0.4068981,-0.69398844,-0.4928824,-0.207928,0.1211429,-0.042610142,-0.5483864,0.65361816,0.6996518,-0.33276075,0.123646095,0.351339,-0.23935778,0.5048094,0.7333529,0.65301436,-0.44538444,0.36492068,0.12009293,-0.4829764,0.110539384,-0.39044106,0.31831387,0.69118834,-0.04873293
New_Beat,-0.12003469,-0.101032175,0.010911732,0.6272527,0.40575024,-0.03885979,0.38808322,-0.39770585,0.11148486,0.00239862,0.5311078,-0.903161,-0.07373736,-0.14318407,-0.3136081,0.030516675,-0.09626493,-0.15737118,0.027942577,0.20330688,-0.004722304,0.008528861,0.3857594,-0.26763,0.29970998,0.094497204,-0.025332773,0.3454491,0.008838037,0.13926835,0.2742421,0.047435854
Cubano,0.29537567,0.048921645,-0.34242415,0.18361646,-0.060993925,-0.12996398,-0.23375627,-0.14635754,-0.4176932,-0.6010834,0.030688612,-0.13936736,-0.13349782,-0.4861812,0.45246887,0.8291447,-0.25097424,0.0015350687,0.36988276,-0.32692137,0.67525125,0.85913277,0.4175143,-0.4903152,0.32603866,0.22962439,0.03204695,0.019561071,-0.121623024,0.58611465,0.512412,0.29685166
Theme_With_Variations,0.34232095,-0.25393066,-0.13651918,0.022279885,-0.42254353,-0.18171452,0.29199266,-0.44401887,-0.042317543,-0.042612344,-0.19822118,-0.5586765,-0.29795277,0.6047081,-0.16524942,0.9413648,-1.2288648,-0.10493865,-0.33652687,-0.09004718,0.85005534,0.9595774,-0.20150775,0.42782676,0.60151744,-0.043943513,0.5445975,-0.25927287,0.27217737,-0.63314444,0.6052725,0.031489246
Symphonic_Metal,0.2233376,0.66520983,0.5683382,0.71589655,-0.3740198,-0.2707766,0.4933674,0.1806178,0.049925238,0.07306371,-0.22509912,-0.10273466,-0.12555473,-0.061910152,-0.18008925,0.51423234,0.10937217,-0.19924536,-0.64723116,0.81729215,0.16521257,0.20477416,0.76106465,-0.30212647,-0.24024893,0.05804241,-0.16641212,-0.032593265,-0.021849304,-0.64202696,0.06367554,0.71772516
Mariachi,0.41838223,0.097957775,-0.58552796,0.55851597,0.07441056,-0.38993874,-0.08242921,-0.2505378,-0.7192904,-0.28485003,-0.13373885,0.31266204,-0.2257904,0.5259889,0.47475857,0.81102645,0.115790054,0.612404,0.06610248,0.5620915,0.2679274,0.6018713,0.28442985,-0.6693475,0.3970869,-0.1941052,0.01605609,0.29031637,-0.4210171,0.096024394,1.0797948,0.17475428
Melodic_Death_Metal,0.39761358,0.5883725,0.8222748,0.8734146,-0.5064399,-0.23134366,0.40067112,0.2533858,-0.19114934,0.023030316,-0.21612191,-0.22737736,-0.31569344,-0.0039007068,-0.12697497,0.24713257,0.17787755,-0.2061143,-0.79274184,0.77899003,0.03819036,0.19493583,0.6595827,-0.5721117,-0.24803591,0.26067036,-0.30957714,-0.10395005,-0.049159456,-0.309407,0.1958942,0.39404362
Pacific,0.49964142,-0.7982543,-0.46611992,-0.25032946,-0.23253341,-0.81467986,0.21344009,-0.38216433,0.074457206,-0.12854452,0.07959067,0.08738255,-0.015593627,-0.49005377,1.0270325,0.29289582,-0.12479026,0.01954244,-0.15573055,0.51387095,0.43362865,-0.2615532,0.35530373,0.04078838,0.043251257,0.44026408,-0.03428999,0.4236116,-0.26628852,-0.40948275,0.4777953,-0.67482436
Norteño,0.2330511,0.22687067,-0.66861546,0.7111759,0.27716392,-0.40542653,-0.11652309,-0.0646608,-0.78019905,-0.21770297,-0.4209599,0.29491138,0.028410062,0.21889329,0.6977996,0.69304186,-0.14015424,0.7230865,-0.11427582,0.29548815,0.28391874,0.99414295,0.3374871,-0.4644165,0.38285556,-0.26285073,-0.09807573,0.35335281,-0.6983053,0.11924553,1.0028965,0.011763759
Cantopop,-0.11358753,-0.15834442,-0.038770247,0.19957167,0.3876345,-0.12529862,0.13107777,-0.031394683,0.18088742,-0.106427535,0.39649522,0.049940996,-0.1434328,-0.22752985,-0.06842877,0.8342347,-0.0914399,0.4863502,-0.057228323,0.5384037,-0.059386924,0.51963806,0.16844793,0.05300066,0.139232,0.13708061,-0.16023973,0.10516111,0.13903703,-0.10027573,0.49817592,-0.32509246
Funk_Metal,0.1795928,0.11935628,0.50330937,0.4180427,-0.25035563,-0.4491937,-0.1517338,-0.120525934,-0.077402316,-0.4359395,-0.23632766,-0.16098735,-0.09096894,-0.11490961,-0.2561255,0.13055278,-0.15365604,-0.23134115,-0.21010794,0.41776246,-0.086435996,0.13804422,0.80238664,-0.45934504,-0.21668953,0.20342122,-0.45932317,-0.021838315,0.1256714,-0.3857286,-0.10911218,-0.15582927
Éntekhno,-0.18859276,-0.2611603,-0.49322346,-0.21075505,0.1594543,-0.20988783,-0.39458895,-0.006907059,-0.3787854,0.16223085,0.8426878,-0.13236926,-0.17565607,-0.56456494,-0.025493655,0.24081527,-0.6890635,0.08122635,-0.23648836,0.5084871,0.88361615,0.20471708,-0.17111549,-0.26409107,-0.39474142,0.42184046,-0.54427546,0.17351708,0.5602571,-0.29958472,0.04636151,-0.2622588
Nursery_Rhymes,0.3508603,-0.37501067,-0.2614179,0.086598165,-0.17488086,-0.16880816,-0.29767293,0.40451792,-0.33227015,-0.3090253,0.26091015,-0.2749134,0.64451706,0.1963214,0.101497315,0.5101644,-0.31692556,0.42580625,-0.3013055,0.41525602,0.557966,0.70119786,0.40950692,0.38910553,0.112785205,-0.40887564,-0.107252955,-0.23988211,-0.0057136877,-0.2631769,-0.10801584,-0.554407
Noisecore,-0.1106273,-0.0123683205,0.44280493,0.7999611,-0.22019276,0.40789738,0.18214162,0.049438488,0.42870995,0.032437824,0.3725541,-0.35394055,-0.47100627,-0.16519305,0.043467678,0.2313653,-0.014396937,-0.5426924,-1.0492585,0.18049216,0.3059594,0.38701925,0.3802971,-0.07881301,0.09345501,-0.054003496,-0.30429974,0.10484504,-0.7410119,-0.58172244,-0.19093229,-0.2809296
Nordic,0.36052537,-0.02200695,-0.27381772,0.063501835,-0.11604356,-0.6901807,0.03999021,0.117360674,-0.53852296,0.016159454,0.45947197,-0.16605675,-0.45301107,-0.10398327,-0.25209552,0.11840958,-0.11016745,0.60722023,-0.42287746,0.26350924,0.30587482,0.29067293,0.21343732,0.39241326,0.2961288,0.15639906,-0.0032070265,0.087843426,-0.09990314,-0.39120346,-0.11266928,0.00069185504
Oratorio,0.6333157,-0.39039877,-0.08065498,0.22850753,-0.3633079,-0.5691701,0.320488,-0.46617392,0.008493388,0.2555071,-0.118940145,-0.7479662,0.16166079,0.42397606,0.10290402,0.63380075,-0.80360126,-0.30864027,-0.49408248,0.1402294,0.55141175,0.38479134,-0.23115844,0.14878358,0.6774846,0.56348115,0.6470808,-0.4679617,-0.009661891,-0.48626202,0.189912,-0.57305455
Folk_Metal,0.50169206,0.6200291,0.6486368,0.63037914,-0.37769863,-0.30683777,0.67199874,0.46451935,0.15226398,0.21631177,-0.116334744,-0.34361455,-0.21469522,-0.25514984,-0.2302957,0.4148044,0.17108364,-0.023901844,-0.61548704,0.6721291,0.092491366,0.41685793,0.71052647,-0.15095836,-0.17383052,-0.0073745763,-0.50278693,0.029340163,-0.027643776,-0.22305481,0.038733397,0.66794455
Cantata,1.0997089,-0.19749047,-0.10277778,0.11584111,-0.07586522,-0.53905076,0.38533074,-0.33692622,0.026997307,0.35076514,-0.020053647,-0.6098225,-0.099097244,0.44616082,0.2458913,0.76045674,-1.0683609,-0.1872762,-0.35508552,0.22245625,0.5540957,0.71976984,-0.48631656,0.1455775,0.73688036,0.29350263,0.36061707,-0.29172876,-0.102338895,-0.3883647,0.21783589,-0.28707287
Melodic_Hardcore,-0.2774225,-0.2138278,0.85465646,0.35134888,-0.18479109,-0.09094217,0.10915391,0.16611722,-0.31240636,-0.11722653,-0.4416896,0.012671587,-0.35940444,0.04756677,-0.052829944,0.09351641,0.047125936,-0.4520412,-0.83905935,0.3065548,0.21708082,0.42552224,0.57631963,-0.800076,0.27004305,0.16050078,-0.41104487,-0.07397843,-0.1467511,-0.2939499,-0.13601361,-0.36612406
J-Rock,0.1574643,-0.0864237,0.84810954,0.18109004,0.047587976,0.1303455,-0.06983751,0.07695093,-0.040735908,-0.590599,0.22430418,0.10042964,0.31067437,-0.20046201,0.100179166,0.3354027,0.096216016,-0.36182216,-0.24601167,1.124569,0.3433388,0.24783134,0.078793585,-0.16975981,0.33245343,0.25409895,-0.22370581,-0.27489036,0.24705085,-0.33384854,0.60835195,-0.16511905
Lovers_Rock,-0.53066367,-0.5659455,0.22169806,0.444498,-0.770434,0.23932686,-0.028583914,-0.84968096,0.029649535,-0.4308724,0.03807909,-0.30251804,-0.09837862,-0.20848848,-0.6259102,0.4074807,-0.2978142,0.4774007,-0.10541915,0.9351387,0.1225695,-0.012766914,0.14699267,-0.5952047,0.12853055,0.33407643,-0.5305546,0.4418203,-0.731672,0.43159765,0.021273252,-0.17764315
Goregrind,-0.06928713,0.33612505,0.5755767,0.92891604,-0.09434366,0.5614952,0.35087037,0.12124012,0.34345266,-0.014746796,0.3091471,-0.47648,-0.34326324,-0.41732794,0.17233685,0.17010918,0.19646236,-0.5861954,-1.1087806,0.020513477,0.32291803,0.6141168,0.27328694,-0.019383514,-0.12445604,-0.017137157,-0.38196877,-0.0650126,-0.9199868,-0.7444403,0.09291857,-0.0026493848
Power_Violence,-0.06570529,-0.16301948,0.41444516,0.5352261,-0.26444212,0.17941383,0.14646873,0.30697903,0.1140697,0.0006043882,0.1411196,-0.30825272,-0.30768326,-0.2028797,0.15210557,0.14976385,0.14234754,-0.7470449,-1.1032408,0.30452853,0.114266895,0.58349484,0.48984483,-0.15409054,0.3027915,0.039919868,-0.36004823,0.25488514,-0.6310218,-0.48598126,-0.3960833,-0.22921306
Prelude,0.21285845,-0.3104583,-0.14789595,0.034857776,-0.4383106,-0.016876398,0.25085393,-0.35562047,-0.045008436,0.09862618,-0.18902369,-0.7077654,-0.21702968,0.6545269,-0.2754015,1.0470762,-1.0519754,-0.13335842,-0.677375,0.1472418,0.8901328,0.8416596,-0.233612,0.35838562,0.5844408,0.027910922,0.5748303,-0.22811767,0.32939,-0.19641915,0.50652176,0.21489818
Educational,0.4077563,-0.3222136,-0.21478048,0.1546127,-0.07251889,-0.33072954,-0.56784904,0.46860638,-0.5091739,-0.31669518,0.31855702,-0.18048413,0.9544348,0.26759854,0.074687585,0.44673735,-0.6782878,0.098118,-0.10469111,0.21301691,0.6868439,0.68262005,0.5274796,0.21414013,0.081320964,-0.19425215,0.22877166,-0.23988824,-0.27407783,-0.21631351,-0.034036025,-0.38449445
Dances,0.43856245,-0.25259763,-0.1275746,-0.045786727,-0.3384707,-0.20001227,0.2180776,-0.191098,0.07848084,0.15956853,-0.14261088,-0.68162805,-0.16330537,0.5189929,-0.27566943,0.932765,-1.1975753,-0.11422851,-0.42150566,0.34630847,0.7471523,0.6255195,-0.347241,0.4281734,0.5215315,0.21376549,0.46987355,-0.10710828,0.27456832,-0.5076968,0.73824066,0.014356374
Delta_Blues,0.47875634,0.024633903,0.111995056,-0.2548134,0.7070565,0.35616004,-0.17444938,0.2954594,-0.54201543,-0.22465353,-0.61335653,-0.72214526,-0.093795486,0.28844538,0.36918047,0.0008047466,-0.31121552,0.7015853,-0.7572377,0.63637304,-0.2347949,0.1374369,0.2223925,-0.63899183,0.15016493,0.94362235,0.028577514,0.40752107,0.04674948,-0.37467515,0.27655092,-0.08068773
Highlife,0.19462971,-0.7149151,-0.32481092,-0.09270838,-0.45376012,0.35652554,-0.019397317,-1.0211111,-0.5717634,-0.067866825,0.13468076,-0.6061794,-0.484765,-0.7113067,0.43992263,-0.08785876,-0.17583999,0.13064384,0.31070384,0.2882086,0.34408385,0.19335365,0.40692133,-0.5518605,0.4278083,0.0465107,-0.25613633,-0.18613037,0.42390457,-0.106252216,0.25340036,-0.0879941
Piano_Blues,0.32361925,-0.12416882,0.13806179,-0.26392812,0.5503901,0.4231192,-0.12499672,-0.120344244,-0.4088319,-0.06366209,-0.6604078,-0.42536634,-0.21714789,0.17777935,0.0946248,0.51577824,-0.40209183,0.60916156,-0.5808353,0.5219371,0.120442696,0.018852431,0.53601795,-0.63914984,-0.4141106,0.8352366,0.5952415,0.07860303,0.03422972,-0.1620586,0.18721266,0.0054790094
Sound_Art,-0.24204087,-0.0887338,-0.10149783,0.32994577,-0.21710719,0.13490286,0.706084,-0.11366834,0.121909425,-0.24061836,0.09243352,-0.4668584,-0.083345525,0.39466143,-0.2218981,-0.16245703,-0.27434358,0.18156037,-0.36623228,0.11220152,0.7716202,0.26217458,0.66707283,0.059627183,-0.035383277,0.24562371,-0.20237212,-0.5015889,-0.212354,-0.5212387,-0.23655412,-0.1671561
Operetta,0.21140465,-0.345196,0.07816788,-0.023951642,-0.22859155,-0.4179702,-0.3127687,-0.17369708,-0.11682639,0.08196603,0.13447872,-0.36267626,0.027249014,0.30779335,0.044565503,1.0790597,-0.57176644,-0.038433954,-0.1285052,0.055008274,0.6217387,0.15728153,-0.039931722,0.53946996,0.22817865,0.2894857,0.6103845,0.34886804,0.053578064,-0.5823407,0.5067553,0.15423684
Alt-Pop,0.08661909,-0.26840276,0.42595434,0.23072973,0.3824749,0.02602033,0.1730274,0.111877345,-0.10124492,-0.40059334,0.19602951,0.0024061413,-0.026980603,0.009026448,-0.6460332,0.35263687,-0.21804614,0.41914642,0.05743816,0.22055076,0.3207703,0.4869518,0.30699804,-0.3035508,0.056450885,-0.23029977,-0.36387032,-0.08896566,0.16431966,-0.24013817,0.0021095113,-0.49682665
K-pop,-0.015579782,0.195529,0.23254319,0.34613314,0.4837616,0.09401771,0.25194773,-0.5503128,0.14133987,-0.5524153,0.5852378,-0.04663496,0.19618665,-0.58857924,-0.08078677,0.26846704,0.01875274,0.022037575,-0.21957104,0.530404,0.009424184,0.6243678,-0.14933564,-0.30614907,-0.056727078,0.31476444,-0.20060693,-0.1525581,0.3385505,-0.17017649,0.57627696,-0.6436868
Music_Hall,0.02770662,-0.1512999,0.40194267,0.013616819,0.41736293,0.012740069,-0.070556864,-0.31958586,-0.314424,-0.036659636,-0.25194335,-0.14709586,-0.15717399,-0.03663746,0.04540135,0.47521946,-0.20707895,0.24963245,-0.07847262,0.20756757,0.73577607,0.27194935,0.75125295,0.57041454,-0.030426092,0.08608022,0.26933393,0.017794985,0.30971956,-0.058017403,0.3734076,0.027184408
Yé-Yé,0.054815896,0.23745951,0.13868351,0.059841312,0.5032483,-0.056199938,-0.09105884,-0.18438086,-0.28427517,-0.043365903,-0.3884328,0.15293859,0.025186623,-0.70551205,0.11633915,0.20124403,0.05958412,0.30605942,0.08530088,0.47227183,0.44487217,0.7567823,0.5808392,0.15710706,0.41618353,0.23287664,0.22455016,0.5849258,0.09652512,-0.4175638,0.17615151,-0.11373379
Post-Modern,0.16357371,0.13022761,0.3212815,0.022622667,-0.19113965,-0.54490924,0.563267,0.06916142,0.16470274,-0.10633937,0.13343933,-0.6863805,-0.13305975,0.19678797,-0.37277195,0.31853053,-0.4803333,0.086546354,-0.19593453,-0.29322705,0.615179,0.014485974,0.14454886,0.33027986,0.6423385,0.4898501,0.20423172,-0.3769269,-0.20333947,-0.35981992,0.30631277,0.09262365
Alternative_Metal,0.31096777,-0.10302851,0.75870246,0.47162822,0.06475548,-0.35604477,0.21455956,0.14319313,-0.12096409,-0.4475999,-0.1455126,-0.051469874,-0.24252546,0.31851164,-0.29902643,0.35783678,0.20237932,-0.67483765,-0.5327232,0.6314817,0.11769438,-0.008183353,0.32330877,-0.83764565,-0.0138783865,0.1777116,-0.5739393,-0.079151936,0.09134602,-0.2633172,0.20319149,0.107585065
Audiobook,0.31283334,-0.21592292,-0.20999338,0.28143644,-0.08609408,0.18725953,-0.092871346,0.30296445,-0.19997174,-0.29674834,0.02144209,-0.8874796,1.1238298,0.30235547,0.023777192,0.270968,-0.38288167,0.08484141,-0.34216917,0.37570035,0.8608795,0.4653702,0.7347668,0.41237912,-0.2789971,0.049743805,0.16812846,-0.48877195,-0.10501688,-0.3119883,-0.49327278,-0.46245977
Canzone_Napoletana,0.17613375,-0.2015555,-0.1912577,-0.06872642,0.10124444,-0.34276423,-0.15496951,-0.6336571,-0.22719426,0.25068322,0.237401,-0.17730531,0.04070537,-0.38881353,-0.17296289,0.5821708,-0.50352585,0.06516306,0.12349154,0.04028387,0.5318135,0.19574825,0.26744175,0.23836805,0.22232129,0.20908643,-0.027135322,0.045646,0.15995806,-0.27578676,0.2698926,-0.16408125
Overture,0.37066495,-0.1197951,-0.09735802,0.07887992,-0.26333806,-0.27937114,0.2046243,-0.20212367,-0.079454675,0.04874523,-0.31070447,-0.869759,-0.22101545,0.45246178,-0.07845511,0.73276764,-1.3448365,0.0074913343,-0.027123667,0.0995339,0.67802906,0.5598178,-0.3010444,0.330778,0.34021646,0.08271509,0.734346,-0.108075716,0.23837872,-0.5813669,0.76764506,-0.19944938
Fantasia,0.36090797,-0.48297566,0.033115316,0.047845494,-0.5562161,-0.2802771,0.17459556,-0.42780817,-0.026654892,0.06827219,-0.30274472,-0.5767084,-0.06623432,0.54165417,-0.10784142,1.0026166,-1.0573292,-0.09126568,-0.4646905,0.08052567,0.7851127,0.9059656,-0.31459558,0.3384619,0.36679828,-0.12631264,0.6145038,-0.10302547,0.17294472,-0.32027042,0.47403035,0.09666264
Industrial_Metal,0.36257765,0.2601019,0.65381646,0.44143033,-0.06632825,0.092767544,0.33680084,-0.16465503,-0.008462209,-0.2853096,0.033248384,-0.24712008,-0.11662858,0.15360416,-0.36113027,-0.059120785,-0.043579917,-0.5367168,-0.71604073,0.64122576,0.34636533,-0.18341345,0.6564814,-0.39762032,-0.100910984,0.18660873,-0.22186504,0.15383802,-0.19498731,-0.40543005,0.20539333,0.23338436
Jangle_Pop,0.3985651,-0.41403556,0.4445104,-0.068585776,0.40112546,-0.056018323,0.25754482,0.19372325,-0.14160219,-0.2210648,-0.1915604,0.20617445,-0.28975314,-0.26633853,-0.54327977,0.04587914,-0.25115785,0.1394014,0.009215152,0.09348395,0.43661952,0.3574387,0.43530354,-0.86123794,0.39633736,-0.049284227,-0.38579983,0.14647786,0.31062445,-0.4273741,0.017566489,-0.37017918
Vallenato,0.11340186,0.4131359,-0.5281005,0.51260144,-0.43417493,-0.09984535,0.019672193,-0.35269532,-1.0948731,-0.48287746,-0.4277022,-0.039326187,-0.17840415,-0.2678514,0.53432786,0.7637598,0.20340012,0.24655612,0.08877462,0.024000255,0.37730667,1.102809,0.5088683,-0.3415162,0.3177593,0.23210768,-0.34502816,0.34633288,-0.43832037,0.5905579,0.5875081,0.044226274
Eurobeat,-0.20821263,-0.1437453,0.21462642,0.027918778,0.76934177,0.030922074,0.27626672,-0.9965677,-0.06049543,0.178891,0.8151703,-0.95554584,0.092003025,0.050711207,-0.024851255,0.380164,0.34436184,-0.37985882,-0.12959991,0.375401,-0.14545153,0.40219748,0.08995288,-0.07961887,0.2569376,-0.32894826,-0.25150764,0.34238333,-0.12858973,-0.16591352,0.357766,-0.19318798
Pub_Rock,-0.094714426,-0.1365682,0.43875962,0.16290918,0.16628818,-0.1039139,-0.43397138,-0.0033492222,0.15147308,0.055482533,-0.4407494,-0.38805974,0.0820164,-0.122978754,-0.03335523,0.13550876,-0.29828063,0.25350296,-0.12770769,0.28012735,0.07736711,0.17022718,0.637132,-0.5460737,0.19411679,0.22668631,-0.12257799,0.66054946,0.17706104,-0.7834572,-0.054127533,-0.17475651
Horror_Rock,0.23031437,0.116094455,0.5024118,0.31503904,0.47332782,-0.18663885,-0.10637809,0.06722037,0.1282067,-0.09212843,-0.5732342,0.0034621297,0.06372879,-0.27915987,0.3732972,0.15507787,-0.23622079,-0.14260018,-0.4256731,0.36425623,0.70500004,0.08206112,0.89685774,-0.27245384,0.060035072,-0.099365026,-0.16767736,0.5096738,0.11756118,-0.43143705,-0.19674721,0.05070932
Soca,0.5032142,-0.52727085,-0.25430262,0.5956664,-0.4087164,0.12939495,-0.030242775,-0.31378993,-0.36861748,-0.65969974,-0.3700222,-0.52003706,0.08718509,-0.73841906,-0.013540447,0.58444846,-0.036031075,0.03470299,0.10391908,0.53145194,-0.045786582,-0.030642644,-0.25997743,-0.30663946,0.44956237,0.6956316,-0.3708258,0.526251,-0.2288152,0.71969503,0.2715833,-0.45760334
Deathcore,0.091247216,0.31942984,0.96968305,0.9480172,-0.32832044,-0.13360777,0.23854408,0.0340621,-0.20607036,0.11050343,-0.083306424,-0.06909526,-0.35285157,-0.17312124,-0.010831009,0.48624367,0.122472584,-0.6210819,-0.9330473,0.5027218,-0.10010397,0.4810396,0.6106872,-0.3207592,-0.3367976,0.15576974,-0.3732374,-0.13635506,-0.33599612,-0.11263841,0.10756577,0.16241921
Beguine,0.27236527,-0.27930886,-0.37136513,0.18820348,0.1365022,0.1811882,-0.31772465,-0.34068963,-0.6012393,-0.05327149,0.16392651,-0.09440914,-0.1618681,-0.58294207,0.43786183,0.9148103,-0.2359011,0.24073584,0.1862474,-0.15519977,0.52280164,0.13474219,0.5524282,-0.19244522,0.27343577,0.29088643,-0.37062672,0.38922426,-0.2634234,0.26283735,0.46772608,0.17995489
Horrorcore,0.09353754,0.6120089,0.45410118,0.58203906,-0.2370859,-0.30214688,0.02869053,-0.5477607,-0.21033086,-0.9209439,0.22622207,-0.7705212,-0.10529961,-0.21033837,-0.23542112,-0.09042074,-0.8533079,-0.20308885,0.021596707,-0.03847752,-0.3160729,-0.27062032,0.30778846,-0.5253408,-0.58355147,-0.012869775,-0.19705056,0.24211457,-0.013429339,-0.6602991,0.64138055,-0.716897
Program_Music,0.5509004,-0.13564275,0.020249177,0.118065,-0.36305517,-0.29439747,0.18199494,-0.20170707,0.022850564,0.30392477,-0.10410973,-0.6927385,-0.20445563,0.58496284,-0.0046742265,0.9420931,-1.27553,-0.17194667,-0.47397524,0.2728003,0.64210916,0.6752458,-0.27039322,0.17059684,0.45723513,-0.14868182,0.572329,-0.30211323,0.24269229,-0.735039,0.67250496,0.06464756
Special_Effects,0.072799794,-0.49191594,-0.2688901,0.08542836,-0.26897064,0.3119144,0.16837688,-0.067370154,-0.2578701,-0.06206875,0.21198937,-0.52852654,0.34969142,0.31747255,0.061135884,-0.35183528,-0.48915634,-0.28031132,0.054659754,0.2464722,0.8309089,0.40015402,0.91932815,0.14962621,-0.29849088,0.29355595,-0.3060509,-0.41416812,-0.10292117,-0.43825325,-0.2054614,-0.31844798
Viking_Metal,0.5258188,0.49658892,0.6432082,0.40763798,-0.3865482,-0.21764278,0.67680514,0.25411648,-0.047255725,0.030736186,-0.11967155,-0.2285153,-0.25745505,-0.22647688,-0.20473449,0.4019926,0.38549933,-0.19550985,-0.6100348,0.6818614,0.07237208,0.33056688,0.7886414,-0.26274154,-0.1991244,0.018972864,-0.61424613,-0.0128277335,-0.0013829728,-0.40598986,0.078729965,0.61587274
Hawaiian,0.46570066,-0.6166298,-0.5368027,-0.29038405,-0.058806635,-0.6630717,0.20766847,-0.29453796,-0.02133639,0.0004445322,0.00966175,0.12982151,0.0760936,-0.48036778,0.9554103,0.2879272,-0.10457306,0.09304786,-0.2014045,0.6706277,0.55725074,-0.3543782,0.6283048,-0.017028006,0.23745261,0.47703585,-0.2398712,0.40908417,-0.0796105,-0.25173202,0.5891959,-0.7816466
Danzon,0.38694853,0.17278841,-0.42175505,0.42826703,0.0781348,-0.4043851,-0.27881932,-0.30536893,-0.78232014,-0.46469575,-0.12835751,-0.1458724,-0.2516851,-0.39012882,0.6350705,1.0189017,-0.27077994,-0.087004565,0.26603284,-0.3409131,0.37327626,0.58164644,0.63257587,-0.49103698,0.24569902,0.06563511,-0.22429244,0.1928519,0.1356587,0.5037496,0.7715524,0.30957633
Gypsy_Jazz,0.14627136,0.08498196,0.05453814,-0.17769097,0.51477206,-0.34402964,-0.18464865,-0.22965366,-0.44864374,-0.31077823,0.1404304,-0.31894588,-0.81030005,-0.020695433,0.34761974,0.74824196,-0.24284159,0.41709048,-0.27952275,-0.076286964,0.3760784,-0.044332765,0.42870986,0.055386666,-0.10756131,0.28841323,0.14568885,-0.16725922,-0.013035935,-0.11349561,0.14922275,-0.18980789
Texas_Blues,0.29850626,0.00299785,-0.077807486,-0.35152084,0.54063463,-0.004729808,-0.15208492,0.26934534,-0.42570147,-0.02763674,-0.8348387,-0.739857,0.045899764,0.24742882,0.36351255,-0.17292257,-0.27385578,0.7258644,-0.41549012,0.71787393,0.102837324,0.2807025,0.2935542,-0.5458587,0.073029816,0.6011202,-0.065871425,0.42572308,-0.165109,-0.3706459,0.44343463,0.54337233
Italo_House,-0.8056472,-0.32652375,0.3921555,0.20375358,0.37474555,-0.17618164,0.34532884,-0.529756,-0.037810676,-0.021439785,0.60156196,-0.955298,-0.19619325,-0.23755969,-0.06332758,0.22324808,0.026319621,-0.023286566,0.1427733,0.2310338,-0.024485169,0.4902704,0.2623438,-0.31426576,0.077002615,-0.27667883,-0.02262211,-0.10798735,-0.10165238,0.0036153647,0.11498787,-0.20697343
Zouk,0.2674314,-0.7102997,-0.43839994,0.3897619,-0.54679275,-0.17277576,-0.39017028,-0.54161036,-0.52292126,-0.30585104,0.43668962,-0.5433179,-0.27999112,-0.628359,0.36173958,0.24384944,0.04038645,0.17497917,0.1318845,0.31652823,-0.0415415,0.01816319,0.09681434,-0.5643969,0.44440454,0.21370064,-0.419662,0.1189685,0.13800722,0.08517979,0.2211733,-0.13440391
Andean_Music,0.60095316,-0.43740898,-0.72255254,0.31332967,-0.34008446,-0.77006006,0.14361164,0.482777,-1.1987059,0.16654143,0.26297373,-0.3388343,-0.51677954,0.071317196,-0.16375439,0.31001747,0.5011431,0.30521002,-0.26870376,-0.0921422,0.29160336,0.47530502,0.2905697,-0.28860328,0.31857112,-0.26634464,-0.2451402,0.16732898,0.03268046,-0.12085352,-0.08585951,-0.2996099
Cloud_Rap,-0.15400672,0.30192217,0.31996182,0.6864134,0.14541128,-0.29717985,0.25440928,-0.28862688,-0.31570396,-0.74840295,0.38402528,-0.29297972,-0.37288818,-0.14370692,0.16695194,-0.21994431,-0.2918906,-0.03486621,0.017639287,-0.1670048,-0.23444134,0.21277079,-0.06964331,-0.42455027,-0.2117934,0.1265845,-0.20196669,0.2552933,0.014632293,-0.8705635,0.67221266,-0.7514004
Serenade,0.25618303,-0.22906616,0.12104364,-0.1244925,-0.37082985,-0.24738556,0.21730673,-0.25209212,0.10495346,0.022341572,-0.21597306,-0.98065305,-0.18694961,0.5766859,-0.2596813,0.81970984,-1.2095982,-0.34612542,-0.21355383,0.098488756,0.7122473,0.727878,-0.3866759,0.2642618,0.2163915,-0.101741716,0.6465482,-0.13386594,0.40713444,-0.62593234,0.73067266,-0.22711046
Makina,-0.8902519,-0.19503906,-0.11994458,0.44880465,0.4496374,-0.5134344,0.38783044,-0.3366631,-0.011292251,-0.09520845,0.22600444,-0.92442334,-0.06963457,0.2271882,0.041452166,0.17246123,0.250363,-0.17162459,-0.70422304,-0.22404554,0.1518637,0.60320526,0.31859896,-0.4497006,-0.1838011,-0.09624035,-0.103783935,0.24538289,-0.0353993,0.30672154,0.14936714,-0.10693272
Ethno-pop,-0.26096362,-0.099877775,0.17141122,-0.056129344,0.1894337,-0.2679462,-0.10333809,-0.4307976,-0.36829418,0.029916493,0.44422138,-0.37094676,-0.1256134,-0.30548492,-0.06310937,0.49922308,0.17627831,0.46675777,-0.41762993,0.41754514,0.13876502,0.21245123,0.20675698,-0.05824988,-0.08391519,-0.047362443,-0.23776746,0.05557809,-0.025565842,-0.17329735,0.27442694,0.14154436
Turntablism,0.03845149,0.044768464,0.15707888,0.17958312,-0.10984106,-0.6697433,0.48468122,-0.2509697,-0.16293226,-0.82078695,-0.008328001,-0.55493146,-0.21542601,0.04081651,-0.17191282,0.04553312,-0.6404517,-0.22742829,-0.05245389,0.0722629,-0.20504658,-0.004748574,0.45396104,-0.26328924,-0.7093647,-0.21780418,-0.1445131,0.08334622,-0.08847555,-0.2822636,0.076038525,-0.51886773
Jumpstyle,-0.5954239,-0.1960603,-0.20258209,0.6198915,0.31659096,-0.5088271,0.522898,-0.08863169,0.06434161,-0.21478535,0.1474972,-0.9838164,-0.0038423603,0.09172761,-0.061023064,0.27300528,0.33207232,-0.61213845,-0.7852077,-0.15121049,-0.13130277,0.45807743,0.29342365,-0.6308966,-0.33486882,-0.07842425,-0.034308303,0.6660703,0.2091191,0.2846087,0.3058929,-0.47765452
Modern_Electric_Blues,0.13806625,-0.018367233,0.21715057,-0.35604608,0.5279277,0.16517071,-0.29820585,-0.15480317,-0.2916365,-0.42878595,-0.8019867,-0.6417329,-0.07200949,0.24214283,0.39241627,0.008284221,-0.2612156,0.50027657,-0.3334882,0.46928257,0.14230889,0.19156972,0.11750513,-0.51803535,0.08354715,0.84688455,0.0014462406,0.42093727,-0.2792555,-0.4109618,0.21242242,0.3213762
Electroclash,-0.22687238,-0.22686207,0.30789447,0.570099,0.49403307,-0.08150468,0.23274307,-0.14687172,0.0661679,-0.2666393,0.25900647,-0.4261149,-0.13165264,0.034471355,-0.38745767,0.040215094,-0.0475468,-0.0918378,0.031957492,0.26867726,0.088658996,0.3750427,0.4567145,-0.21294934,0.2842077,-0.22405669,-0.058346618,0.46816722,0.0040229675,-0.13568054,0.08625584,-0.01972077
Plena,0.40902147,0.16597731,-0.68777484,0.51961344,0.04322206,-0.25013298,-0.084063046,-0.3845822,-0.6514908,-0.4308063,-0.19656974,-0.11183545,0.09322032,-0.5816517,0.6253409,0.91149586,0.051860105,-0.076771416,0.41381407,-0.12488699,0.55648774,0.91747147,0.47804514,-0.6987115,0.27498117,0.14237283,-0.54632086,0.086883776,-0.34393108,0.49671102,0.46162152,0.12654355
Harmonica_Blues,0.24481948,0.01624706,0.2918783,-0.22320339,0.6604718,0.3950142,-0.315156,0.121023975,-0.46672845,-0.37199953,-0.7625742,-0.6339598,0.006975762,0.40875036,0.44171295,0.11078652,-0.4522646,0.78657234,-0.51532483,0.511209,0.15599258,0.04574949,0.39269567,-0.6137401,0.096027926,0.9733707,0.02625362,0.4626282,0.06661694,-0.26561704,0.13606921,0.057586957
Speed_Garage,-0.4665651,-0.29689574,0.32221445,0.6771989,0.512188,-0.09875375,0.55668706,0.0015315976,-0.0770201,-0.7868066,0.19736888,-0.8619798,-0.03232212,-0.504251,-0.059514113,0.05959864,-0.26045433,-0.02716678,0.03922789,0.03542212,-0.24729472,0.5556987,0.12988554,-0.15385877,0.13686606,-0.102788426,0.29504853,-0.04446544,0.28890032,0.10674912,0.12530904,0.15829702
Hillbilly,0.4469247,0.07339466,-0.064033285,-0.3824554,0.06438262,-0.2331824,0.30325732,0.44103712,-0.19117297,0.2861142,-0.42929313,-0.71452224,0.058751084,-0.26976848,0.4702343,0.15045185,-0.61409175,1.0359539,-0.5819606,0.11517979,0.08352516,0.123453,0.5186674,0.18097334,0.33099118,-0.36442575,-0.7281297,0.78497094,0.12778799,-0.38628423,0.3138058,-0.13449293
Juke,-0.133689,-0.17967412,0.34117565,0.9396065,0.12835023,-0.30143312,0.60803777,0.19754519,0.037226718,-0.84758264,0.24718967,-0.45401877,-0.48346505,-0.19504161,0.1823328,-0.07982752,-0.42127934,0.07246647,-0.20199047,-0.46722224,-0.07300326,0.41504392,0.17928879,-0.13474374,-0.005857737,0.044346783,-0.31504807,0.60161716,0.07505506,0.065967865,-0.06473699,0.32358292
Balearic,0.09749596,-0.4067292,-0.059582543,0.2311936,-0.0015515469,0.015354756,0.5939564,-0.21169887,-0.040371865,-0.22590946,0.09680386,-0.51809263,-0.069906145,-0.3037252,-0.48249835,-0.022692015,-0.056100864,-0.028932434,0.33114645,0.48685494,0.023126325,0.2783557,0.48833418,-0.3018206,0.031635195,0.2115806,-0.14486915,0.30137765,-0.061842315,0.22697084,0.12677827,-0.015030945
Louisiana_Blues,0.2840988,0.012911825,0.03283438,-0.3794572,0.6075312,0.4731304,-0.13289228,0.20401645,-0.56074053,-0.04744548,-0.6257108,-0.6874355,-0.15648332,0.3309976,0.2972943,0.19391446,-0.33646303,0.6869633,-0.70864683,0.6228126,0.13794212,0.09523302,0.28068796,-0.5048127,-0.04581926,0.66284394,0.21817964,0.44608578,-0.29049143,-0.19484314,0.18887614,0.0344461
Promotional,-0.010700981,-0.41392717,-0.08362767,0.09624246,-0.009230925,-0.044440404,-0.22336628,-0.03160435,-0.24245061,-0.096230894,-0.0031462251,-0.31709713,0.57459736,0.22734526,0.23871933,0.3252022,-0.7283054,0.067666605,-0.3302964,0.15532736,0.56567556,0.51850235,0.7595656,0.25863665,-0.34024167,0.17583466,0.08936814,-0.188261,-0.095501915,-0.06577875,-0.31106132,-0.28373998
Bomba,0.515173,0.27702588,-0.46295094,0.39833358,-0.35178968,-0.2310074,-0.07248514,-0.11968005,-0.6708809,-0.46973833,-0.041286826,-0.06503809,0.08164854,-0.61739296,0.5495634,1.0299801,0.09037192,-0.10799542,0.26832032,-0.14992078,0.57855713,0.96738946,0.29642594,-0.7177945,0.23356818,0.11949383,-0.41340643,0.20517899,-0.36369607,0.43242157,0.5407769,0.29928562
Chinese_Classical,0.06382125,-0.21033621,-0.3610196,-0.019726394,-0.054944932,-0.24285844,0.59404445,-0.05628181,-0.30491817,0.20440124,0.0362865,-0.24659817,0.008517319,-0.38643402,0.1970674,0.4330981,-0.06481694,-0.015477776,-0.082607895,0.19843282,0.46279377,0.3135704,-0.24762234,0.32004285,0.10687623,0.5406711,-0.3209893,0.4475619,0.21760678,-0.40855676,0.310307,-0.03768637
Latin_Pop,-0.07585759,-0.011736743,-0.15276921,0.49555632,0.13893086,-0.1733849,0.012838084,-0.19690701,-0.25217342,-0.31737125,0.101722434,0.17796633,0.011821919,-0.055629577,0.0912741,0.7381463,0.035606105,0.31484076,0.17368726,0.10413058,0.23816343,0.81399536,0.37785068,-0.22306162,0.13900852,0.048614554,-0.18204129,-0.07912777,-0.12365332,0.2629375,0.4397802,-0.110741235
Deathrock,0.7154936,-0.07956898,0.70330226,0.3811262,0.32036656,-0.082656614,-0.06546316,0.3542428,0.0897535,-0.22276023,0.24905546,-0.2553973,0.041994806,-0.08567864,-0.45926905,0.00721224,-0.20295614,-0.1937163,-0.6060024,0.39900273,0.33057266,-0.07824135,0.9470684,-0.7243142,0.39427188,-0.28426093,0.14630468,0.36451674,0.029953538,-0.2673298,-0.286104,-0.06673562
Etude,0.3327172,-0.54486597,-0.16024506,-0.19334309,-0.5388312,-0.34882134,0.14819859,-0.24261938,-0.032651827,0.09983567,-0.19396703,-0.5912179,-0.10472247,0.45417163,-0.13829714,1.033712,-1.1319171,-0.32299924,-0.43481925,-0.07746253,1.0674944,1.0499206,-0.09694774,0.37889388,0.613761,-0.021996235,0.5452043,-0.17643483,0.33039096,-0.26593408,0.62843835,0.13010308
Therapy,0.34112507,-0.49698365,-0.41685152,0.48718324,-0.1077233,-0.1520877,0.54082155,-0.027663032,0.05625615,-0.25259408,-0.038356986,-0.37170753,0.20129737,0.20418611,-0.49838063,-0.021848554,-0.4205505,0.16085583,0.036161326,0.12778,0.4610169,0.25904173,0.9099781,0.14403191,0.10880206,0.47497827,-0.36084983,-0.43460926,-0.33346236,-0.177597,-0.7594199,-0.3413577
Tejano,0.43007085,0.4356557,-0.5668029,0.808046,0.02012604,-0.14550494,0.0680047,-0.1694369,-0.5992467,-0.03743315,-0.3790248,0.41120934,0.22441082,0.16542648,0.43793714,0.6548267,-0.17215075,0.39496076,0.18655048,0.683147,0.3060254,0.730632,0.53017753,-0.23109692,0.31670204,-0.3837608,-0.09099811,0.51532143,-0.49319047,-0.054767214,1.0136079,0.06898145
Ballet,0.41277346,-0.2546327,0.08602061,0.111230515,-0.56457675,-0.36707866,0.06060936,-0.058081143,0.08029982,-0.056051135,-0.38070682,-0.7157613,-0.06541432,0.42790645,-0.47452357,0.88846207,-0.9093086,-0.31260452,-0.2542992,0.1581398,0.89558744,0.5794962,-0.30345184,0.20673679,0.25752264,0.3918798,0.5188936,-0.23831436,0.40176255,-0.3652824,0.20363091,-0.25586462
Reggaeton,-0.32812756,0.25372994,0.09056387,0.678709,0.08050229,-0.056138873,-0.123565435,-0.73397785,-0.21468621,-0.5251145,0.21551105,-0.3203999,-0.13786243,-0.51340604,0.13338529,0.48858914,-0.34530574,0.25181848,0.33018786,0.0060551013,-0.0074253283,0.34755906,-0.021719785,-0.6733092,0.14165704,0.11782232,-0.31766078,0.21146864,-0.10862181,0.26487413,0.38488668,-0.32994914
Woodwind_Instrument,0.45532197,-0.2216571,-0.026939608,-0.03214185,-0.4043273,-0.3520193,0.25965437,-0.39054462,0.18435779,0.30245578,-0.0012313816,-0.6706206,-0.4244996,0.5128252,-0.1999545,1.0408859,-1.0918448,-0.32049394,-0.4955284,-0.032706887,0.6030833,0.95141846,-0.25024328,0.16118743,0.42112732,0.0023508696,0.55287546,-0.34072086,0.09239014,-0.50232327,0.6225899,-0.050579168
P.Funk,0.16213661,-0.48720944,0.16749865,0.07088531,-0.07002394,0.108398646,0.080760434,-0.43695173,-0.16854726,-0.36408877,0.0359972,-0.7506236,-0.08866925,-0.44378442,-0.50056964,0.020435048,-0.030475095,-0.18006057,0.23561712,0.24082848,-0.41789928,0.61818755,0.16300417,-0.23049073,-0.43082395,0.2201684,0.1625876,0.1050622,-0.39667547,-0.29169875,0.13847268,-0.2946687
Depressive_Black_Metal,0.45867306,0.67837626,0.80444616,0.59714705,-0.1701584,-0.16875052,0.999668,-0.13857011,-0.031178148,0.33048666,-0.024402753,-0.1348952,-0.32675785,0.05685261,-0.7572778,0.4559925,-0.18507703,0.04065555,-0.66735125,0.39633706,0.39579502,0.56985754,0.5873567,-0.30710346,-0.49902055,-0.17806646,-0.5980625,-0.04480666,-0.2127072,0.03323079,-0.1569398,0.6139114
Karaoke,0.0888793,-0.5168567,0.40374058,-0.22431752,0.25778508,0.20175233,0.25747585,0.056240562,0.035222806,-0.17147072,0.8131042,0.15645711,0.2646916,-0.021131888,0.21152148,0.59868056,-0.16320874,0.1915571,-0.111733966,0.98708177,0.2532662,0.5156244,0.21349233,0.44385618,-0.030833738,-0.09824488,-0.10259436,0.20768063,0.1817983,-0.15556888,0.8885586,-0.3913202
Boogie_Woogie,0.31837282,0.115785696,0.20097955,-0.19357345,0.730525,0.12861966,-0.1605802,0.07077798,-0.25503036,0.047810655,-0.68761075,-0.20746101,-0.2362025,-0.048344757,0.5160511,0.36100662,-0.5934567,0.49837288,-0.35058388,0.35899088,0.115132235,0.15117893,0.5641136,-0.4716174,-0.13037042,0.7180924,0.014920054,0.2759959,-0.18289286,-0.12725593,0.26075798,-0.35113356
Batucada,0.5009025,-0.659074,-0.044811275,0.12378124,0.14320931,-0.06982811,-0.19300385,-0.1642931,-0.6202724,0.21271214,0.497079,-0.49208072,-0.12902392,-0.7950508,0.29210368,0.11287686,-0.66193336,0.10373052,0.11804169,-0.119258486,0.19601731,0.6440907,-0.10475681,-0.28477177,-0.19684544,-0.039458785,-0.06278603,0.23612906,-0.69232666,0.25319934,0.112582244,0.58838683
Screw,-0.085304245,0.46256515,0.34660017,0.664699,0.11047883,-0.20276105,-0.039735593,-0.063395634,-0.10434012,-1.0537927,0.36973408,-0.67187595,0.014384521,0.047722094,-0.2908535,-0.044192113,-0.5213662,0.04652614,0.23096001,-0.26211676,-0.08356132,-0.022116201,0.20124294,-0.38372898,-0.44521344,0.12767732,-0.02286525,0.2864562,-0.27370685,-0.865337,0.41579524,-0.506937
Jump_Blues,0.17759609,0.014164666,0.42485085,-0.56985545,0.74272346,0.18474562,0.027863288,-0.4096178,-0.0911738,-0.0065564825,-0.7521324,-0.6136484,-0.06370657,0.032100145,0.2184384,0.48293823,-0.28723872,0.2711017,-0.50063896,0.49328023,0.0011766064,0.2314431,0.31897447,-0.25150454,-0.08299419,0.80489063,0.26555583,0.18993184,-0.3430174,-0.21220998,0.09327111,-0.020448616
Conjunto,0.29558668,0.35004053,-0.5051444,0.60993165,0.19816223,-0.46693295,-0.15641709,-0.05391125,-0.94664854,-0.14350133,-0.43711615,0.27045292,0.122985035,0.20693311,0.7129703,0.5046721,-0.04993602,0.510491,0.15740006,0.18147102,0.524706,0.88394135,0.471784,-0.262139,0.19290961,-0.1845818,-0.14506844,0.5212853,-0.6279031,-0.13671184,0.9253955,0.106414795
Swingbeat,-0.1917134,-0.28257126,0.23723562,0.14138596,0.37724048,0.059682135,0.31906772,-0.45415428,-0.03494516,-0.22985287,-0.051365387,-0.30451697,0.025387218,-0.5911072,-0.30882907,0.19690172,-0.20403758,0.31609112,-0.12089064,0.24997352,-0.1893066,0.5079347,0.08665021,-0.2741169,-0.04551266,0.37745106,-0.13883466,0.04707804,-0.27919513,-0.013831316,0.35960668,-0.20324056
Nocturne,0.20003498,-0.4513139,-0.25196233,-0.08256296,-0.63389754,-0.17204593,0.07825846,-0.40960342,-0.15844367,0.043758,-0.17918646,-0.74289036,-0.22946602,0.36763507,-0.24127619,0.93666863,-0.9386948,-0.18986174,-0.6235112,-0.14187038,0.96934867,0.8255811,-0.14324017,0.39882767,0.53575194,-0.031844627,0.5429348,-0.22835463,0.32750392,-0.27195734,0.6159697,0.11408577
Bassline,-0.3565366,-0.17274655,0.46494234,0.7068471,0.0054108906,0.036140073,0.62837136,0.113025375,0.0043047275,-0.83194387,0.12637834,-0.5260071,-0.37227827,-0.2992961,-0.12283352,0.15092263,-0.38255566,-0.07042759,-0.06614433,0.25842193,-0.25500673,0.287284,-0.08008117,-0.14107639,-0.0041662436,0.17433468,-0.063173786,0.43621638,0.46027485,-0.07607507,0.20546545,0.10758435
Concert_Film,0.25561064,0.2065431,0.76011705,0.37734288,0.018834652,0.12567292,-0.012607523,-0.03449502,0.054733485,-0.3994748,0.25344697,0.028342824,0.11722672,-0.1315574,0.14943752,0.32673395,0.11945671,-0.15731399,-0.14505728,0.76344407,0.27662188,0.4300582,0.38022524,-0.11515959,-0.2053933,0.52286077,-0.3031422,-0.14747345,0.032940984,-0.23707192,0.25880963,-0.20998132
Tone_Poem,0.33377394,-0.07088726,-0.046421748,0.05323239,-0.36150897,-0.27066353,0.15402329,-0.34975818,-0.043875933,0.16071907,-0.56265616,-0.9233626,-0.072772995,0.46025056,-0.15869053,0.70218873,-1.2164347,0.0017818725,-0.1876313,0.006171383,0.8444453,0.7981043,-0.24567264,0.21832891,0.42958838,-0.019747898,0.65836686,-0.1375139,0.515049,-0.34881577,0.83299434,-0.124598645
J-Core,-0.31682345,-0.4629184,0.3561074,0.44904727,-0.18136723,-0.16859867,0.60264105,0.000366734,0.3014647,-0.5842842,0.08686308,-0.8671703,-0.21633863,0.4727197,0.3774039,0.04976,-0.11375564,-0.6104846,-0.49485782,-0.74796265,-0.18996376,0.6576879,0.4658312,-0.03231337,0.15776603,0.13656971,-0.47486725,0.6931448,0.08952627,0.050007235,0.059927903,-0.21161728
Motet,0.79372925,-0.4049271,-0.20691304,0.17018877,-0.1095824,-0.59636724,0.2893364,-0.36572778,0.06840746,0.4024475,0.048633642,-0.88067096,0.19278753,0.4058623,-0.11384548,0.62071663,-0.5258561,-0.48769578,-0.4174145,0.49538383,0.29443496,0.87301344,-0.43020418,0.42298704,0.58611685,0.51205367,0.36499834,-0.5518659,-0.007172618,-0.40595442,0.20319298,-0.593051
Cajun,0.3564508,0.09255654,0.14512265,-0.11061573,0.09355212,-0.085900806,0.06709417,0.4680206,-0.91171074,-0.08520501,-0.64017785,-0.53640604,0.0124771185,-0.21145187,0.05266725,0.39409006,-0.26155934,0.8953981,-0.84859824,0.37679145,-0.0663622,0.1780873,0.14496122,0.02927055,-0.006284108,-0.004406065,-0.2763112,0.4754568,0.044699617,-0.14681862,0.03757204,-0.11366909
Shidaiqu,0.010925661,-0.110143274,-0.09241476,-0.27782038,0.07442806,-0.26870942,0.41515806,-0.3648893,-0.33945036,0.25970456,-0.17797622,0.16530626,-0.10937284,-0.59966666,0.39343658,0.5422623,-0.02832091,0.0072124614,0.048885323,0.18270987,0.55956644,0.47709596,0.27115166,0.31432188,0.16249408,0.22993065,-0.31922725,0.651819,0.06579964,-0.18352492,0.6277117,-0.057568993
Harpsichord,0.2118431,-0.3450058,-0.10421484,0.103885725,-0.2641425,-0.52677083,0.36370072,-0.7106287,0.10535946,0.41513628,0.06749775,-0.61285293,-0.13134547,0.652478,-0.1942426,0.8815204,-1.069316,-0.57956904,-0.5248672,0.10016551,0.66322565,0.91679645,-0.37215492,0.4410061,0.6126721,0.14574628,0.46032837,-0.18314217,0.1468538,-0.778474,0.31604084,-0.064381905
Keyboard,0.3191532,-0.110809386,-0.21248256,0.043473445,-0.39348498,-0.40592298,0.30152312,-0.38232166,-0.15846965,0.25786442,-0.10101581,-0.6847082,-0.3184099,0.56251806,-0.106796354,1.0076809,-0.7171924,-0.38550094,-0.3539299,0.0015846045,0.8482453,0.98639476,-0.33064246,0.26173598,0.4087366,-0.011474482,0.69356805,-0.1549769,0.13592681,-0.41350654,0.7312039,-0.003380821
Technical_Death_Metal,0.42580634,0.4550223,0.7529862,0.9350938,-0.5176797,-0.17304297,0.3862956,0.039676066,-0.056146264,0.010343855,-0.029003631,-0.15107456,-0.35866365,-0.19692436,0.08253809,0.30891663,0.35340413,-0.52452666,-0.7938348,0.6473096,-0.08292945,0.4458767,0.6882038,-0.22925642,-0.34426132,0.43572062,-0.39479655,-0.20733204,-0.38382366,-0.3976463,0.20132312,0.5486715
Pasodoble,0.4110487,-0.21454155,-0.4113777,0.26523468,0.35258153,-0.36631423,-0.24154283,-0.18477933,-1.0354966,0.09246635,0.21400033,-0.027244663,-0.30252162,-0.08351059,0.66183454,0.66422236,0.028645532,0.106352165,0.040964853,-0.3075639,0.41284356,0.5191763,0.29133347,-0.11844023,0.39228263,0.2156033,-0.15128307,0.63885224,0.04165393,0.02746892,0.72602695,0.37322998
Exotica,0.4532683,-0.35401863,-0.12449146,-0.31891847,-0.03459202,-0.49561372,0.68098414,-0.08116292,-0.05396021,-0.26534528,-0.11878049,0.08874084,-0.26209202,-0.56880134,0.8299073,0.47815853,0.0021490068,0.18172929,-0.09826582,0.29278815,0.46203813,-0.13591675,0.6397251,0.0631459,-0.05402998,0.33966902,-0.13357268,0.22808957,-0.41141793,-0.06908518,0.33190873,-0.39664117
Hyperpop,-0.20395514,-0.02706565,0.28929,0.66009736,0.24510032,0.21267492,0.52327424,-0.017782489,-0.18510471,-0.43725038,0.49159527,-0.08598681,-0.2656173,0.07300387,-0.27794203,0.1637934,-0.21886604,-0.082842775,-0.19622073,0.024542348,-0.02299776,0.40263024,0.29315782,-0.09534185,-0.17096771,0.074334644,-0.2614596,0.31491536,-0.0004612546,-0.39033931,0.23368107,-0.3278059
Bleep,-0.45651218,-0.2766308,0.5331157,0.58635986,0.24162254,-0.2863948,0.22601672,0.045621544,0.081497654,-0.13056964,0.20535806,-0.6873708,-0.3946736,-0.19245699,0.0948564,-0.15661725,-0.15740447,-0.44847438,-0.1910102,0.34302366,0.11611141,0.3132031,0.31789088,-0.009144471,0.0059454436,-0.021051811,0.0125683425,0.38880152,-0.187824,0.08417082,0.18418293,-0.054592714
Requiem,0.7402599,-0.26859856,-0.16029966,0.19471425,-0.35351098,-0.33174357,0.13588728,-0.1135297,0.02066477,0.4943333,-0.48055118,-0.82096803,0.2866673,0.35804725,0.052703004,0.68076366,-0.665901,-0.42414632,-0.43639442,0.458321,0.3597843,1.0135735,-0.23020835,0.5265423,0.6261173,0.82250565,0.32880193,-0.16726433,0.15333554,-0.37667936,0.16129898,-0.29003403
Lied,0.32026836,-0.093062066,-0.13218325,0.11612926,-0.41951558,-0.27874988,0.25914472,-0.116783634,-0.07312714,0.14750849,-0.60133225,-0.8017394,-0.32090393,0.38692957,-0.08211763,1.0671948,-1.206555,-0.19079083,-0.2642318,0.055185594,1.0191743,0.61832774,-0.21796896,0.19655496,0.40290835,0.059349507,0.66689235,-0.29669175,0.15117458,-0.09989864,0.6647991,-0.13793547
Western_Swing,0.51572573,-0.07302898,0.08783169,-0.2228285,0.23098968,-0.3548684,0.1618093,0.18279117,-0.16785565,0.10233532,-0.36350563,-0.6302355,0.09971158,-0.33706525,0.5077032,0.43070015,-0.48131686,1.0644867,-0.6093553,0.40218782,0.116789274,-0.46924618,0.6614406,0.10560891,0.042297073,-0.21348965,-0.8034108,0.3443524,0.038433876,-0.20733742,0.35826245,-0.057515062
Halftime,0.033224262,-0.50072515,0.42625123,0.30872136,0.03714539,-0.11868031,0.8812369,0.20985512,-0.024674878,-0.7970886,0.75528073,-0.5329956,-0.48791698,0.014668002,0.23643593,-0.014098608,-0.4978127,0.18736565,-0.16624469,0.04684599,-0.29898927,0.25533745,0.102943376,0.11580984,-0.13023646,0.22244288,-0.07733665,0.5269087,0.02141336,-0.17258792,-0.078286886,0.2461711
Ghetto,-0.4630628,-0.14712122,0.40254852,0.8846083,0.095869765,-0.15381157,0.25984475,-0.1358843,-0.12817675,-0.49691936,0.19456361,-0.52424055,-0.33421397,-0.13630679,0.29446998,-0.09628447,-0.42615902,-0.07423083,-0.100794226,0.06722308,0.092826046,0.36345646,0.07620733,0.06382835,-0.019574571,-0.04013415,-0.16898549,0.40032378,0.094140686,-0.062797904,0.016323974,0.15035753
Crunk,-0.3160497,0.3039889,0.42381054,0.4257973,-0.059104305,-0.53693897,-0.29754385,-0.23724684,0.022091126,-0.89665514,0.24919899,-0.73384804,-0.037324715,-0.09659528,-0.16494817,0.104036935,-0.5319472,0.045035556,0.17111614,-0.00087417196,-0.32316357,-0.009319308,0.12285719,-0.6508238,-0.53525054,0.18995555,0.1257999,0.21090922,-0.09416084,-0.62747157,0.62441385,-0.8390515
Forró,0.56122565,-0.33234876,0.27407807,0.07295803,-0.086645335,-0.35878128,-0.7564374,0.28542665,-0.9794161,0.20618334,0.5751997,-0.5091151,-0.38835853,-0.66310835,-0.21129893,0.2950051,-0.5022191,0.32760635,0.039685365,-0.03687886,0.16574961,0.3659361,0.0064551695,-0.49257204,-0.27166766,-0.17695029,-0.3085431,0.45817667,-1.1622546,0.3312619,0.3412399,0.7053529
Copla,0.29396284,-0.35393453,-0.37915996,-0.025900308,0.04462658,-0.39315546,-0.13801263,-0.6529584,-0.9255038,0.074375935,0.402655,-0.19995175,0.01146828,-0.064186096,0.7772555,0.4199979,0.24325663,0.010374739,0.05803248,0.13709974,0.48398265,0.58906776,0.044615235,-0.21022889,-0.22680928,0.22748522,-0.0062711774,0.20909736,0.089961104,-0.3231023,0.3826648,0.31058195
Rhapsody,0.29662216,-0.25362715,-0.134998,0.16479006,-0.50514585,-0.030337919,0.13309324,-0.3206484,-0.17713681,0.022938976,-0.3219701,-0.7030905,-0.040317968,0.50381696,-0.4543724,0.88490385,-1.0347217,-0.3803922,-0.21698521,0.02483968,1.1393691,0.9034344,-0.25242338,0.22790225,0.46691957,0.07325,0.79701334,-0.21330631,0.26062414,-0.33824503,0.6206684,0.12028828
Sermon,0.68224615,-0.34637827,-0.571993,0.17453295,-0.24191225,-0.58730793,-0.050586946,-0.14919713,-0.24466914,0.1894463,0.10030874,-0.6117023,0.3734932,-0.14437428,0.23614812,-0.18584828,-0.52590597,0.21986279,-0.24291325,0.44602978,0.2566156,0.31097806,0.2602644,0.16641201,0.24980865,0.29849443,-0.466515,-0.44956693,-0.110918164,-0.76304936,-0.5343984,-0.6226602
Baroque_Pop,0.20413125,-0.2645693,0.3691908,-0.25340158,0.3975043,-0.16245426,-0.1451578,0.08030912,0.36008608,-0.1659701,-0.39951792,-0.28500426,-0.28528666,-0.012621204,-0.54752946,0.32522,0.015831852,0.33300635,-0.036482703,0.068371825,0.45942095,0.6884341,0.34183928,-0.04012172,0.05584313,-0.05651861,-0.2376153,0.3018261,0.03026066,-0.47867286,0.25311092,0.18791424
Dansband,0.13236806,-0.10353418,-0.033997953,0.23504227,0.7827442,-0.7824177,-0.23761918,-0.03436832,-0.5168162,-0.03490904,0.0061680456,0.36371472,-0.071568616,-0.12345441,-0.3560039,0.3880844,-0.3490024,0.5748403,-0.2233739,0.32579342,0.31258717,0.51235336,0.6536097,0.8192549,0.16114603,0.08327454,-0.28905037,0.57132304,-0.042544678,-0.06792809,0.064566545,-0.10151978
Capriccio,0.39823323,-0.31180623,0.013174231,-0.16374423,-0.5542977,-0.3150923,0.24586591,0.010712463,-0.107231885,0.17675282,-0.2388047,-0.8247237,-0.1568843,0.6369169,-0.39724496,0.86487174,-1.2349105,-0.24007809,-0.37058073,0.0031247197,1.1048213,0.8584081,-0.18054058,0.3750826,0.46270874,0.17009746,0.6107517,-0.1527626,0.18150249,-0.51429653,0.60670274,0.01897498
Free_Funk,0.40451145,-0.20651235,0.07753555,-0.358193,0.20273961,-0.037336193,0.060205925,-0.380471,-0.12322388,-0.52155584,-0.02183823,-0.53257644,-0.5231359,-0.24822856,-0.23100668,0.052722402,0.24370252,-0.10712644,0.082758136,0.25572044,0.17478499,0.4060341,0.29253167,-0.44360456,-0.31761357,0.20859402,-0.026380032,0.07718704,-0.41479895,-0.18255006,0.11727977,-0.12352566
Groove_Metal,0.23721546,0.18457451,0.79323614,0.687496,-0.36713088,-0.2478106,0.14549695,0.017274275,0.19238167,0.06238357,-0.20376618,-0.33131823,-0.23841462,0.05779971,0.06932226,0.18652236,0.166917,-0.5761282,-0.6434181,0.49800327,0.089576274,0.40607712,0.59819615,-0.49300587,-0.43722302,0.035988204,-0.44465,0.0024457532,-0.09621233,-0.49676263,0.21665317,0.15690535
Doomcore,-0.2924332,-0.20331849,0.45920813,0.4570184,-0.09523954,-0.05928185,0.65267384,0.40502477,0.011453714,-0.06513559,0.06509577,-0.5128083,-0.4728535,0.18694282,0.01020608,-0.011147491,-0.18363214,-0.49295926,-0.75203437,-0.15086654,0.07557886,0.10964512,0.4397794,-0.014133279,0.24013638,0.33719754,-0.35891193,0.65078694,-0.25782377,-0.32996422,0.09153572,0.058335166
Footwork,-0.043250605,0.046455696,0.37253404,0.623663,0.09874631,-0.22586621,0.69150084,-0.06809437,0.16303205,-0.9353195,0.47549367,-0.5588657,-0.52058583,-0.10762727,0.18477187,-0.10116508,-0.22820152,0.016207831,0.08797288,-0.45578775,0.007179929,0.4961422,0.1838732,0.034076292,0.02835056,0.14925942,-0.4306529,0.48646384,-0.009970282,0.004297977,0.1221405,0.38422033
Népzene,0.215858,-0.17524147,-0.67923707,0.010649146,-0.037909962,-0.46245286,-0.031449508,0.30251163,-0.4179484,0.19856164,0.3493604,-0.3053114,-0.37069714,-0.09356927,-0.112927064,0.3141176,-0.1361761,0.5857722,-0.24203303,0.2824512,0.48034388,0.26776484,0.25037187,-0.0766259,0.5861236,0.0935189,-0.11610192,-0.039450057,0.34221265,-0.55380607,-0.27713183,-0.14726311
Aboriginal,0.2534627,-0.33711267,-0.3706715,0.23730679,-0.089432105,-0.021157283,0.30279684,0.02670233,-0.57486534,0.060922403,0.20678055,-0.48531783,0.08418282,0.025731936,0.20909795,0.0011280267,-0.052878954,0.41097233,-0.23759083,0.1499126,0.33751693,0.31800234,0.060123757,-0.1227401,0.30264768,0.118915774,-0.26412928,0.02668639,-0.058596484,-0.3711603,0.06315847,0.08396572
Plunderphonics,0.08249492,-0.045563072,0.14247613,0.5579067,0.37482825,0.31871894,0.7432371,-0.34093383,0.1462372,-0.5469142,0.18865588,-0.48504496,-0.11030057,0.21720473,-0.2662059,0.20355244,-0.23191845,-0.107860185,-0.039851572,-0.4765825,-0.06096961,0.21662636,0.60492975,-0.076491,-0.0014244266,0.22050215,-0.19728525,0.36335117,-0.2370669,-0.54709923,-0.14436255,-0.27473265
Sunshine_Pop,0.1723395,-0.18529423,0.36746335,-0.38660365,0.20261677,-0.26756367,-0.09793027,-0.005196376,0.027021287,-0.11656316,-0.17762199,0.016582329,-0.24429606,-0.0663586,-0.32967624,0.34475332,0.1982197,0.41632396,0.04938904,0.47005028,0.5828888,0.6338948,0.17438407,0.020587608,-0.20608424,-0.012254956,-0.26094937,0.54648745,-0.3857548,-0.57097775,0.292583,0.122473836
Public_Broadcast,0.098508775,-0.29742453,-0.12150467,0.39050263,-0.19689491,-0.0293839,-0.46271694,0.23323412,-0.38915434,-0.28564778,-0.17305274,-0.72592384,0.624389,0.2519265,0.17955567,0.13422893,-0.27996346,0.14562435,-0.24044333,0.013633287,0.4157206,0.36795592,0.65871006,0.07849169,-0.2350251,0.19775183,-0.04337135,-0.17985144,0.09538448,-0.5724958,-0.3499953,-0.18141603
Dark_Electro,0.28131896,-0.11231342,0.38463202,0.6218294,0.20860094,0.069248,0.22996254,0.115899794,0.441264,-0.33584192,0.8660583,-0.49827322,0.020867955,-0.06232183,-0.28970498,-0.1895501,-0.32663605,-0.3068802,-0.24767064,0.42241728,0.25302798,0.0048906924,0.5280215,-0.33980867,0.06391635,-0.23066296,0.2230661,0.32021046,0.027278433,-0.3102834,0.40839383,0.1446121
Glitch_Hop,-0.072179005,0.12724027,0.20882529,0.65615267,0.3585198,-0.19279483,0.7203002,-0.29200548,0.08384159,-0.72981006,0.24752088,-0.49404314,-0.091003425,-0.103754506,0.19362804,-0.15728523,-0.33353448,-0.28050795,0.18814614,0.108574525,0.013075383,0.18743555,0.07253228,-0.39343435,-0.013072196,0.09510388,0.03383961,0.20013936,-0.070341416,-0.53958905,0.115070574,0.10414882
Nueva_Cancion,0.46386814,-0.3620204,-0.6249043,0.40723518,0.20201714,-0.61518776,-0.3795111,0.23214372,-1.1138208,-0.076927476,0.29562062,-0.11012609,-0.03754278,0.01046631,0.298128,0.14781739,0.22186145,0.59258616,-0.08332293,-0.038439594,0.3125993,0.6166877,0.0735487,-0.4067313,0.32319692,-0.051223032,-0.55405915,-0.15535513,-0.059533726,-0.40926147,0.24570969,-0.42756346
Tropical_House,-0.46821958,-0.1300458,0.42789245,0.53976834,0.41164777,-0.12806123,0.29970062,-0.04049718,-0.25961486,-0.13039732,0.27137807,-0.57243335,-0.3236358,-0.7132098,-0.1573392,0.118254706,-0.13266645,0.12183799,0.062337495,0.08182796,-0.16510166,0.44525334,0.35630754,-0.46530876,-0.08973457,-0.17055562,-0.07638862,0.24264279,0.08730295,0.20204346,0.17945734,-0.28514725
Art_Song,0.49036235,-0.063136585,0.057944324,-0.09900029,-0.6290676,-0.39736828,0.10787216,-0.30193898,0.39790085,0.12910159,-0.26733783,-0.60319084,-0.22929879,0.15832251,-0.0901959,1.1417563,-0.96019995,-0.42427266,-0.48673904,-0.006900783,0.75816596,0.70061755,-0.22218029,0.13694857,0.5355726,0.22346348,0.577718,-0.18520372,0.12288737,-0.4468797,0.6562043,-0.0030963123
Catalan_Music,0.5481633,-0.4348775,-0.7808344,0.05090547,-0.16961925,-0.47932857,-0.21306631,0.14023322,-0.7133298,0.061065935,0.5333063,-0.31488234,-0.02292097,-0.11050335,0.3191138,0.04580575,0.004157706,0.38311943,-0.44108742,0.2530433,0.473753,0.34397364,0.052551676,-0.3335445,0.6839486,0.016115952,-0.3297746,-0.2482145,0.062897496,-0.39261332,0.0068761576,-0.36101982
Rebetiko,0.043646116,-0.5231855,-0.4423692,-0.07510634,-0.12905483,-0.6426292,-0.50738037,0.09792124,-0.8800091,0.22252946,0.78881013,-0.082823806,0.037913945,-0.31013936,-0.18256702,0.4797694,-0.3948149,0.013208226,-0.3045227,0.86421996,0.6355864,0.15548311,-0.38583583,-0.1970001,-0.40383732,0.2912519,-0.5890473,0.034795053,0.277319,-0.4054108,-0.0014418423,-0.119998395
Klezmer,0.0064188307,-0.60640526,-0.44053367,0.03356179,-0.35352865,-0.2168528,-0.16862571,0.11610386,-0.68398845,-0.14174895,0.36194742,-0.32388976,-0.44187474,-0.1074269,-0.040800363,-0.011982715,-0.19521347,0.20728816,-0.1559149,0.39723927,0.5145527,0.055314094,-0.04757142,-0.23739278,0.34393984,0.18874708,0.041274525,0.22034925,0.1842498,-0.49674287,0.03174988,0.0553859
Progressive_Breaks,-0.51022184,0.06186265,0.2312588,0.5367058,0.3775702,-0.637853,0.62647367,0.038268175,0.13344334,-0.7710918,0.28022423,-0.38188028,-0.2733247,-0.16669269,0.03941162,0.0356177,-0.23618168,0.043528795,-0.012293997,0.30183804,-0.004086523,0.45244777,0.47872308,-0.19522546,-0.45918986,0.26612785,0.056816503,0.06402418,0.18310396,0.16839316,0.033673495,0.049225185
Concert_Band,-0.08340718,0.2211809,-0.455721,0.2209694,-0.040091153,-0.33396438,0.03820644,0.112942345,-0.3617553,-0.0128697995,0.02577673,-0.43621185,-0.22456823,0.69671947,0.072719604,0.7701782,-1.2563643,0.14202222,0.21142404,0.12224479,0.64870256,-0.15972555,0.21720797,0.2905949,-0.20093624,0.043665588,0.49744472,0.61120373,-0.33472276,-0.38151538,0.31414044,-0.4549255
Spiritual_Jazz,0.37199962,0.21241517,-0.29052913,-0.47103983,0.06420091,-0.05568059,-0.052697126,-0.010731018,-0.12194752,-0.67840254,0.29358086,-0.968885,-1.0211505,-0.4071524,0.17963547,0.107298255,0.29772437,0.026051935,-0.35882124,0.35321486,0.76101667,0.23244601,0.5177089,0.06359514,-0.036580503,0.25103483,0.57675636,-0.4936187,-0.67846644,-0.18830653,-0.1345651,-0.078988574
Quechua,0.4566462,-0.2633801,-0.82497257,0.13051845,-0.3142525,-0.4876304,0.16846004,0.4473712,-0.92240196,-0.017272485,0.31748196,-0.17556839,-0.45693526,0.10307872,-0.054014742,0.4542077,0.2599636,0.5063901,-0.23051459,-0.13917796,0.43891177,0.3760713,0.34419447,-0.31107426,0.1627609,-0.4221228,-0.17673743,0.41010892,-0.032189216,-0.18115538,0.15973206,-0.445782
Bhangra,0.05459417,-0.07845863,0.047689546,0.07304902,-0.3105735,-0.3190353,0.3262002,-0.029331217,-0.7171452,-0.27925333,0.053839818,-0.6140935,-0.19994995,-0.6299807,-0.50114477,0.11468865,-0.028706493,0.45417747,-0.24864516,0.39113212,0.005984628,-0.027069367,-0.100645654,-0.018470895,0.057298154,0.27105507,-0.29601634,0.4034046,0.11027278,0.0042481483,-0.0026671966,-0.29050088
Huayno,0.6761279,-0.66921496,-0.70986,0.5898684,-0.5023916,-0.601137,0.07807191,0.39750552,-1.3510613,-0.053436697,0.38644996,-0.28892106,-0.5795886,0.09631324,-0.119986966,0.23419237,0.2040693,0.5438977,-0.14634778,-0.21401665,0.3804793,0.57144153,0.098255,-0.13802543,0.47472525,-0.15611288,-0.25880396,0.04161158,0.025120175,0.010321426,-0.077186435,-0.17671663
Lambada,0.18085985,-0.07155442,-0.043788888,0.50858974,0.017878285,-0.36803555,-0.292475,-0.20496906,-0.74556464,-0.034853403,0.3648025,-0.1476043,0.19350569,-0.57574403,0.09811066,0.7970408,-0.13188341,0.12997776,0.17212425,-0.17042644,0.08757328,0.6003116,0.19008386,-0.17873797,0.24415167,-0.0045159194,-0.04887411,0.49555945,-0.7567691,0.37519804,0.46772724,0.41810808
Passion,0.847483,-0.29160437,-0.08280274,0.30027315,-0.29013118,-0.6601595,0.22762862,-0.50300044,-0.106463544,0.09079949,0.06826254,-0.6481654,0.079022594,0.49076745,0.2530296,0.5249669,-1.1287097,-0.27909225,-0.4682376,0.26008943,0.4343373,0.41951674,-0.4888918,0.1718924,0.71110636,0.56452274,0.48870075,-0.41077358,-0.05298358,-0.658708,0.25119245,-0.5637991
Miami_Bass,-0.3215585,0.26974806,0.55053186,0.7884832,0.2938091,-0.11300358,0.16207415,-0.34287408,0.056817625,-0.7959971,0.33656955,-0.6540883,-0.11502053,-0.1085605,-0.105638474,-0.13097617,-0.54825604,0.01850282,0.12726551,0.17042641,-0.11918004,0.14641346,-0.05287486,-0.32711843,-0.3692574,-0.09007075,0.17592241,0.36666313,0.1369551,-0.47614962,0.62370366,-0.24158907
Concerto_Grosso,0.7042112,-0.022005074,0.18303055,-0.0019758688,-0.4580029,-0.4247927,0.3357317,-0.37125546,0.12708123,0.24111293,-0.12940715,-0.95010847,0.0880343,0.49981135,0.23563604,0.8871564,-1.0030155,-0.5735444,-0.7364436,0.15453917,0.5323841,0.75192213,-0.20789364,0.2690413,0.45431826,0.20668687,0.5537626,-0.4849358,0.31137756,-0.64327955,0.4276243,0.077063054
Bachata,-0.0285842,0.14779744,-0.31515443,0.38293126,0.14793934,-0.31389004,-0.37983125,-0.46535242,-0.6316637,-0.38337046,0.1274075,-0.17222245,0.3207409,-0.36984578,0.61184466,0.9808593,0.021920918,0.256971,0.31297585,-0.2827584,0.45587963,0.7090159,0.25962213,-0.3551752,0.4367318,0.030334694,-0.46349183,0.16263251,-0.08839842,0.217783,0.5720061,0.10183757
Samba-Canção,0.4001708,-0.4021608,0.11950452,0.45766366,0.007363029,-0.30290887,-0.8957924,0.27866927,-0.6103159,0.13739519,0.30731145,-0.18793468,-0.18600255,-0.5463764,0.1141069,0.6017942,-0.7422872,0.12596256,0.5052154,-0.020670895,0.42668864,0.6497361,0.33347782,-0.35065353,-0.33294833,0.0746966,0.10465449,0.25238076,-0.72503346,0.4813921,0.7051505,0.8528492
Unblack_Metal,0.49854648,0.51973265,0.41076258,0.7537018,-0.19018362,0.15508893,0.7229996,0.23651372,0.17519403,0.22629356,-0.05102739,-0.23417537,-0.016656647,-0.11688375,-0.44956142,0.25397885,0.027372034,-0.2955258,-0.90924937,0.55939823,0.34198382,0.4139701,0.89938265,-0.06104757,-0.20664015,-0.15975554,-0.45996693,0.16325246,-0.37936932,-0.5025449,-0.14539872,0.51610523
Música_Criolla,0.34486887,-0.19828077,-0.74653995,0.22238702,-0.26038894,-0.62493896,-0.2649747,0.26356503,-1.1786826,-0.20100866,-0.02665904,-0.19203122,-0.10833305,-0.2839009,0.30195218,0.6019865,-0.091536574,0.47643495,-0.061164554,-0.26097143,0.44029316,0.5123134,-0.07081673,-0.35645697,0.09991155,-0.049863286,-0.34986553,0.25438836,-0.14585553,-0.18954831,0.30849355,0.023207057
NDW,-0.11745766,-0.4646349,0.3361205,0.14111707,0.17090379,-0.017473431,-0.12202052,-0.09859907,0.021073766,-0.05693089,0.13290627,-0.28928995,0.046650585,0.08367249,-0.36194584,0.17237255,-0.039127376,0.005289229,0.07765192,0.31534785,0.21634208,0.24261132,0.82505214,-0.18463908,0.34397525,-0.16584136,-0.052224576,0.3921901,0.05018659,-0.3660641,0.12631439,-0.33263066
Bakersfield_Sound,0.35170162,-0.15995114,0.09670232,-0.119121894,0.19892305,-0.38557193,-0.05079,0.18281896,-0.32912895,0.09839696,-0.4822217,-0.71774894,0.035397805,-0.06857106,0.26862076,0.026971813,-0.33012304,1.1120846,-0.7562167,0.25207436,-0.10502872,-0.058169838,0.51251704,0.00084434083,0.3373092,-0.10404977,-0.52159625,0.26919347,0.038759626,-0.4579532,0.33797467,-0.07661906
Early,0.5225406,-0.10366792,-0.12772498,0.16426784,0.0955478,-0.6041049,0.24041583,-0.050497264,-0.08758032,0.49166495,0.11163758,-0.7689502,-0.012668395,0.122950956,-0.121911354,0.49995178,-0.47257867,-0.03718538,-0.1536802,0.2556789,0.19067127,0.71600676,-0.36279523,0.38989475,0.76858467,0.3445742,0.36123425,-0.2530269,-0.09968224,-0.61479795,-0.100931175,0.01579756
Screamo,-0.15770483,-0.35310078,1.0137689,0.22638544,-0.20431052,-0.08144704,0.22268274,0.52030796,-0.6577308,-0.30705798,-0.275518,0.0148053095,-0.64512306,0.17154887,-0.053013753,-0.1479795,0.00405503,-0.1886834,-1.2759135,0.02528552,0.34280115,0.13509989,0.6513073,-0.8328828,0.31664422,0.107299924,-0.8323133,0.07520879,-0.33114287,-0.3394979,-0.15228064,-0.5993604
Chacarera,0.49836075,-0.6897109,-0.5753183,0.09429053,-0.2639035,-0.5659787,-0.17487359,0.07192724,-1.0852547,0.16770203,0.39800715,-0.001830253,-0.11448645,-0.42004567,0.13527675,-0.014014961,-0.043976597,0.38188273,-0.050344698,-0.056136105,0.7016826,0.3988162,-0.16892253,-0.3965172,0.4054313,0.1245744,-0.47217867,0.27203584,0.057931356,-0.510972,0.327232,-0.050551575
Music_Video,0.18861519,-0.051753808,0.640465,0.31666073,0.35481876,-0.0955179,0.11322213,-0.026285525,-0.023457346,-0.650023,0.14089386,-0.04162423,0.15389705,-0.30043706,-0.0599603,0.18431461,-0.0036608274,-0.06821046,-0.06297426,0.67519605,0.0031781965,0.5083471,0.09354266,-0.08276582,-0.09641663,0.022002833,-0.12467895,0.09113851,-0.14378174,-0.15647367,0.4346902,-0.0020500852
Raï,0.016413497,-0.6096054,-0.27098075,0.20693131,-0.45878336,-0.23086175,-0.081857644,-0.32162264,-0.78886,-0.19882092,0.44698012,-0.40951443,-0.24546011,-0.29428032,0.20300473,0.04304119,-0.10963436,0.26752177,-0.06163888,0.14830047,0.24178815,-0.010171115,0.11709911,-0.27652058,0.35061762,0.07834166,-0.31350863,0.19036086,0.20255226,-0.23310775,-0.09653162,-0.23062073
Swamp_Pop,0.43294415,-0.054106772,0.45256054,-0.09476207,0.19648015,-0.17313091,0.06323927,0.17588623,-0.42191485,-0.02418395,-0.60551363,-0.3726296,0.20224902,-0.066893645,0.30568296,0.026853465,0.054299932,0.5760193,-0.54028505,0.31165308,0.251975,0.38302463,-0.06544544,-0.30651328,0.15129188,0.4574505,-0.22514762,0.6930053,0.01632837,-0.48973152,0.02052078,0.0692169
Gamelan,0.13954952,-0.4454155,-0.43363684,0.20781468,-0.31800947,-0.37840575,0.2376818,0.27998093,-0.63031226,-0.15049097,0.4746432,-0.34107646,-0.260446,-0.30328363,0.00805164,-0.24736834,0.23602434,0.02957578,-0.25814578,0.27355328,0.6366751,0.17239444,-0.04194168,-0.20115076,0.22011757,0.48396984,-0.022701621,0.14125836,-0.054709036,-0.33654055,-0.017756078,-0.046639334
Min'yō,0.23599286,-0.5115006,-0.6410118,-0.17017993,-0.3739953,-0.051808015,-0.115815446,0.07407654,-0.618989,-0.19355522,0.54921013,0.029205067,-0.16996238,-0.2021748,0.13298728,0.20144978,-0.07786219,-0.058282297,-0.099038206,0.41567287,0.54970634,0.3959406,0.046730567,-0.1001705,-0.0070648207,0.24468927,-0.3573126,0.2938439,0.15782611,-0.5351065,0.18849142,-0.26225716
Appalachian_Music,0.16976225,-0.32049647,-0.20449111,-0.22492114,-0.050083213,-0.4619455,-0.015332748,0.03440812,-0.33761105,0.3148861,-0.012925521,-0.6945919,-0.031621665,-0.34927866,0.25200084,-0.05606565,-0.4759302,0.81804365,-0.81953657,0.3021498,0.32214212,-0.27279016,0.013873912,-0.17939347,0.32572532,0.09402735,-0.2918483,0.4474793,0.41693565,-0.5356769,0.2519834,-0.34166732
DJ_Battle_Tool,-0.22189364,-0.09989274,-0.012513103,0.34914613,-0.19900925,-0.52737,0.46474355,-0.45846573,0.014950056,-0.9201413,0.050464112,-0.3652526,-0.3681954,-0.11788394,0.012216309,-0.027770156,-0.64596784,-0.25469387,0.19131091,0.25208336,-0.078879066,0.3459816,0.24104734,-0.3140277,-0.5493057,-0.14068143,-0.22479932,0.23274574,0.023408713,0.061417025,0.1627246,-0.108777
Compas,0.17809486,-0.47974122,-0.51651067,0.28738862,-0.36149666,0.06702671,-0.39567584,-0.5299522,-0.61654854,-0.20261884,0.025038023,-0.3921907,-0.3603997,-0.66207486,0.2722817,0.5538027,-0.023655135,0.22062488,-0.052740682,0.16055013,0.31508493,0.095219955,0.45518747,-0.7735338,0.32663247,0.32273382,-0.5911357,0.032063313,-0.25203893,0.6527156,0.37121263,0.052738104
Skiffle,0.15508449,-0.21333806,0.0964017,-0.1725341,0.3043756,0.054883968,-0.16310987,0.06422266,-0.08873282,0.07114753,-0.45169547,-0.17832029,0.027128452,-0.06733864,0.09838473,0.5502849,-0.19236094,0.32741013,-0.18340115,0.26273462,0.49562666,0.38551605,0.7286587,0.109287225,0.11064459,0.109653264,0.1404894,0.51366645,-0.045893535,-0.30746898,-0.0021494003,-0.0099042095
Hokkien_Pop,0.05682391,-0.41018015,0.29991338,0.057565223,0.3586649,0.031129643,0.11098361,0.19863833,-0.1625902,-0.5636933,0.8200018,0.069340795,-0.05861792,0.015832689,0.19433017,0.7660803,0.073744655,0.4255582,-0.047369014,0.7538096,0.14940917,0.3018204,0.31167346,0.45277348,-0.004505311,-0.09152907,-0.13274832,0.12997395,0.34976298,-0.047201037,0.75313604,-0.4669852
Erotic,-0.17146716,-0.3242155,0.16581891,0.45153853,-0.068186596,0.18716757,-0.12753077,-0.20255244,-0.43954995,-0.3121209,-0.062598564,-0.30704686,0.5414178,0.035204392,0.40656772,0.106821045,-0.32303545,0.22167377,-0.22874953,0.57841647,0.67303646,0.2780545,0.56896627,0.58644074,-0.28191152,0.043590292,-0.12286534,0.095031075,-0.13954684,-0.098887965,-0.06527281,-0.4205026
Schranz,-0.25812152,-0.18467553,0.3334772,0.7053651,0.2293358,-0.021166908,0.4335055,0.3275514,-0.050455503,-0.13669717,-0.11293714,-0.6751025,-0.12402495,0.20282365,0.14408563,-0.012551142,-0.22034182,-0.6571826,-0.6147238,-0.09502491,0.19884077,0.23287152,0.64524996,0.15523268,-0.30555448,0.17867889,-0.16707215,0.52077633,-0.2169592,0.29278612,0.36885405,-0.14826699
Slowcore,0.17832516,-0.42882535,0.624602,-0.0016670609,-0.041489895,-0.021978311,0.61381155,0.23507032,-0.19051357,-0.2729621,-0.07898922,0.29862973,-0.20284896,0.19661137,-0.6688676,-0.014063316,-0.20404747,0.022902986,-0.491058,0.08122753,0.695747,0.36953205,0.2751163,-0.55092645,0.32864597,0.04377006,-0.5484148,0.35495257,-0.033023745,-0.2328882,-0.0016692553,-0.16195944
Fado,0.3828411,-0.3081394,-0.29203814,0.09979425,-0.20034535,-0.16739798,-0.42460433,-0.14555961,-0.6395278,-0.020624146,0.5418878,-0.37629917,0.0066701723,-0.33026683,0.12855731,0.15522115,-0.121031746,0.16398787,-0.0885538,-0.0032452878,0.64691734,0.17002663,0.080671586,-0.081414,0.2569773,0.13856737,-0.2081335,0.20660429,-0.11407415,-0.34147677,0.08860565,0.06818811
Health-Fitness,0.112804905,-0.39115423,-0.2587909,0.43126565,0.18303263,0.17013052,0.17801753,-0.04699186,-0.34923255,-0.18245879,0.3382523,-0.48243222,0.4207401,0.2503759,-0.08102413,0.31710654,-0.205151,-0.06470169,0.16099131,0.10683267,0.6590986,0.44405487,0.77920145,0.036932465,0.045389354,0.18143745,-0.19820337,-0.54695207,-0.12952542,0.024065327,-0.6691537,-0.39336365
Blackgaze,0.5797418,0.49011993,0.8795573,0.706931,-0.13991095,0.050282426,0.9167608,0.12684855,-0.26553276,0.26390073,-0.25220716,0.030074157,-0.31984863,0.24109276,-0.7935373,0.5412225,-0.13547985,-0.030246267,-0.81156147,0.34957293,0.42380667,0.63426644,0.50495446,-0.5374651,-0.12616652,-0.21902804,-0.46202838,-0.25985447,-0.07893475,-0.043364435,-0.24947841,0.30586234
Zamba,0.6045739,-0.6615714,-0.5939934,0.008988874,-0.20613655,-0.5489794,-0.28017834,0.14444472,-1.303665,0.13830376,0.40184727,0.008238896,-0.20327853,-0.32067984,0.19772546,0.25353274,0.06897413,0.47659227,-0.12744106,-0.37078682,0.6396689,0.4107956,0.1888267,-0.47415328,0.46843076,0.049345247,-0.5073349,0.32270545,0.036730163,-0.40033028,0.31253123,-0.09322
Cabaret,-0.04134787,-0.39147598,0.043601394,0.19508193,-0.09092068,-0.17110364,-0.27212176,-0.29830542,-0.4400497,-0.27331826,0.059954535,-0.23878506,0.55692106,-0.11528248,0.113355264,0.5069314,-0.20413215,0.3155492,-0.104964964,0.3189331,0.9789767,-0.15480524,0.50158817,0.4665157,-0.1134388,0.06889185,-0.1142783,0.46531576,0.22311328,-0.07083795,0.18328659,0.07143893
Ghetto_House,-0.378026,-0.2717966,0.43469167,0.7729739,0.29714876,-0.29165754,0.5111828,-0.053522445,-0.2663362,-0.1925781,0.20158176,-0.9628276,-0.24994162,-0.3285191,0.00811064,-0.05119868,-0.15731032,-0.22539967,0.06534473,0.0017828932,0.1013765,0.29789135,0.20329149,-0.048196137,-0.09362336,-0.3676681,-0.021767281,0.24107306,0.045569725,0.23255318,0.09803478,-0.038378485
Technical,0.22916466,-0.4170439,-0.17022574,0.35830227,-0.1010428,0.33191746,0.09647998,0.1552621,-0.21262307,-0.04008071,-0.07025206,-0.36255136,0.5781398,0.37666535,-0.055070225,0.19939454,-0.5883273,-0.17177223,-0.22811857,-0.011273764,1.0393435,0.47578007,0.67995876,0.25563017,-0.14236256,0.097313635,0.0013751587,-0.33102477,0.0113080405,-0.33376017,-0.27073607,-0.26183328
Zydeco,0.584233,0.086950295,0.09619133,-0.10218116,0.24725156,0.17188868,-0.050809972,0.21838942,-1.0387884,-0.05221704,-0.5538223,-0.546525,0.019006995,0.17855197,0.039337173,0.21645011,-0.22693898,0.8537976,-0.8047249,0.30473718,-0.041788053,0.23058464,0.24281709,-0.19850908,-0.045210794,0.20779824,-0.08034452,0.24504875,0.002405056,-0.14419667,0.23452088,-0.3713899
Neo_Trance,-0.26720572,-0.09135793,-0.053630855,0.7586082,0.341707,-0.166648,0.5051623,0.31786823,-0.019309912,-0.44609195,0.35127774,-0.62767184,-0.36393014,-0.28266358,-0.1089371,-0.18922366,-0.41735977,0.0066882325,0.1319152,0.26200858,0.24584864,0.28261253,0.4887807,-0.37479523,-0.09358305,-0.06356653,0.10300803,0.30764353,-0.2725887,0.46153012,0.16163279,0.33120498
Baião,0.6945938,-0.38014176,0.1848275,-0.0030080192,0.08789761,-0.3952451,-0.4553234,0.12976399,-0.9875579,0.08454728,0.36650205,-0.17429997,-0.2588346,-0.7147427,0.51628786,0.5805813,-0.46530324,0.36695212,0.058542013,-0.15938433,0.45970753,0.34383237,0.06836185,-0.23144026,-0.10126561,0.07832911,-0.40520397,0.5693149,-0.98402715,0.16786492,0.4272852,0.8199776
Plainchant,0.8223613,-0.03568063,-0.24938264,0.20975687,-0.18436967,-0.8733177,-0.0015946308,-0.20615685,-0.107792504,0.38971725,0.06477381,-0.76776314,0.36181307,0.17721875,-0.01954211,0.53219986,-0.64135766,-0.035325304,-0.22966549,0.41982937,-0.04697414,0.7833234,-0.36382934,0.495476,0.8057952,0.39427197,-0.15350044,-0.40608075,-0.4033249,-0.5980544,-0.11191791,-0.434925
Donk,-0.6204289,-0.35445747,-0.17756474,0.33525565,0.32335046,-0.4925886,0.5745898,0.08527269,-0.018206906,-0.22628221,0.36998963,-0.87807596,-0.027481854,-0.17235664,0.15508862,0.3260608,0.353223,-0.47549242,-1.0403458,-0.18874484,-0.10401586,0.43817043,0.46339136,-0.44708794,-0.21807632,-0.23981285,0.13404177,0.44969985,0.08392179,0.39527822,0.52966374,-0.34764683
Mizrahi,0.061217114,-0.8483085,-0.34235293,-0.026788568,-0.11457253,-0.5522983,-0.27029738,-0.041187838,-0.8714054,0.15171191,0.49711472,-0.24428761,-0.052964788,-0.4518753,0.052295573,0.09385739,0.124543294,0.1361794,-0.19189486,0.4079215,0.48020074,0.15158945,-0.13664709,-0.38965574,0.46284786,0.08054879,0.04704868,0.10563312,0.5992902,-0.77328,0.10690373,0.020573668
Chamamé,0.16075845,-0.5825653,-0.7730668,0.11815939,-0.18503179,-0.502953,-0.289595,0.044633944,-1.1732317,-0.10108741,0.4860788,-0.22856905,-0.24090387,-0.20326819,0.260121,-0.012550114,0.22091877,0.42839107,-0.24450764,0.35425398,0.59656,0.20241337,-0.19816464,-0.19628127,0.40981114,0.28230748,-0.3404844,0.21342215,-0.09211289,-0.48083773,0.24047437,-0.07980677
Toasting,-0.67848575,-0.5917804,0.33161724,0.605176,-0.6285496,-0.3369924,-0.19075952,-0.73555183,0.46958792,-0.83226156,0.10980464,-0.45101568,-0.41341162,-0.28280663,-0.20874034,0.4891108,-0.6744242,0.72220117,0.026946306,0.84628576,0.20446351,-0.14156194,0.04566515,-0.49198782,0.25330597,0.31514254,-0.43563363,0.5423821,-0.5267045,0.617021,-0.41250715,0.038129263
Funeral_Doom_Metal,0.5924315,0.6308744,0.9904652,0.8411742,-0.20366798,0.024330901,0.77076393,0.26295054,-0.08141901,0.17436202,0.060376305,-0.22726652,-0.052622724,0.018679615,-0.104018375,0.30031863,-0.16851111,-0.387384,-0.6235811,0.51419324,0.30286637,0.3049602,0.5135198,-0.06910438,-0.33544466,-0.18534961,-0.5383886,0.10952083,-0.25176823,-0.55745614,0.07907783,0.41005063
Séga,-0.13725694,-1.146615,-0.3934697,0.038104225,-0.83367616,-0.24824618,-0.21962179,-0.6237325,-0.84438217,-0.11722705,0.4654808,-0.34011436,-0.3920922,-0.5892884,0.17156824,-0.19822069,0.048290834,0.19458443,0.01848676,0.36518836,0.41513005,-0.002869365,0.11468172,-0.5695038,0.6590065,0.27683228,-0.019747488,0.24435684,0.40004608,-0.3179913,0.2780503,-0.079581104
Persian_Classical,0.19934611,-0.5822042,-0.568963,0.09753166,-0.65416056,-0.037538316,-0.06619278,-0.069694474,-0.6496797,-0.26832506,0.2915876,-0.45324013,-0.16731535,-0.23820797,-0.09203771,-0.035150696,-0.19100139,0.05717674,-0.4141687,0.3172232,0.6011195,-0.10903851,-0.15528074,-0.16613203,0.33145246,0.46600774,0.078455515,0.056037143,-0.033688504,-0.63528466,-0.11839856,-0.0019253059
Beatdown,-0.3283444,-0.6480094,0.14446887,0.34191594,0.4798746,-0.21248956,0.41612494,-0.17304173,-0.12377539,-0.1915907,0.34876952,-0.700313,-0.3504452,-0.42575407,-0.03291954,-0.12857121,-0.12319356,0.11074497,0.33804357,0.28541005,-0.24993357,0.6345047,0.5626623,-0.060728725,-0.006979111,-0.12239172,-0.16224444,0.061735652,-0.43141317,0.11047368,-0.17962396,-0.14552248
Choro,0.22260822,-0.48694232,-0.11429014,0.29257673,-0.15320478,-0.3791158,-0.7993216,-0.039348096,-0.8303639,0.08467391,0.5191106,-0.2534715,-0.3824564,-0.56010437,0.2503106,0.6020373,-0.66202724,0.40465254,0.24979492,-0.21540692,0.4634452,0.35332805,0.271866,-0.17996602,-0.21234496,0.0043336833,-0.12402295,0.50359297,-0.68781775,0.36110398,0.4512975,0.6388933
UK_Street_Soul,-0.23941004,-0.3695338,0.44293943,0.29747614,0.14451449,-0.012737862,0.29600498,-0.5362902,0.06822029,-0.27714685,0.049078554,-0.52895325,-0.20026568,-0.6215019,-0.19339961,0.08349475,-0.12929972,0.24660237,0.34835896,0.3490601,-0.4714164,0.688883,0.26724735,-0.14146787,0.12031099,0.11895652,0.06626937,0.076385334,-0.38553566,0.02060504,0.3751116,-0.23657398
Pornogrind,0.040502507,0.24870445,0.81827086,1.0141954,-0.4582698,0.62226564,0.33771935,-0.109453365,0.29300812,0.096916184,0.3219828,-0.30024457,-0.22292386,-0.15034232,-0.06835521,0.29016066,-0.07807456,-0.55768883,-1.0851204,0.10298795,0.20870125,0.5923637,0.50895566,0.0706056,-0.17621122,-0.14143471,-0.43337053,0.065736204,-0.7485097,-0.40977442,0.17064151,-0.13557035
Pipe_&_Drum,0.12720962,-0.0595014,-0.4069347,0.40632173,0.10503102,-0.14211652,0.030649755,0.30574906,-0.5664955,0.12749696,0.33289024,-0.36344653,0.017827073,0.64069915,-0.019459164,0.70575833,-0.3549796,0.15426806,-0.16178225,-0.03983928,0.24622132,-0.09480258,0.30737484,0.4863145,-0.008953599,0.3179541,-0.35753548,0.4187533,0.03993951,-0.79753566,0.26807606,-0.10093231
Movie_Effects,0.19434434,-0.3900712,-0.27753294,0.45684484,-0.30699366,0.3493224,0.23728755,-0.03146892,-0.49547303,-0.10231811,0.2508824,-0.68342894,0.34982267,-0.12753479,-0.1310751,-0.2756721,-0.4050907,-0.147924,0.21545146,0.26931542,0.81985694,0.15481429,0.6218086,0.25613105,-0.09675124,0.25060928,-0.25573403,-0.6389825,-0.081090204,-0.52272755,-0.28009978,-0.50637066
Carnatic,0.5043824,-0.6869377,-0.6583084,-0.12514007,-0.5246255,-0.12571247,0.26099917,0.051766045,-1.0392172,-0.35216793,0.31393376,-0.656766,-0.24716789,-0.5336797,-0.31397212,-0.08824113,0.3862806,-0.028969988,-0.26668295,0.14462516,1.1069207,0.04704352,-0.302636,-0.13511926,0.27880868,0.76936245,0.037505418,0.17817688,0.25689563,-0.26995587,-0.33795428,-0.25692892
Steel_Band,0.4051522,-0.47312003,-0.290525,0.6819995,-0.3846176,-0.23464482,-0.47462547,-0.390387,-0.39104882,-0.61084014,-0.2815092,-0.5136055,-0.00088870624,-0.38710615,-0.13391025,0.6762656,-0.20039445,0.30953708,0.17246209,0.23909649,0.20281935,-0.15583964,0.13064744,-0.34970984,0.3821584,0.3868364,-0.2053721,0.1678109,-0.55220276,0.6750232,-0.047735877,-0.36590874
Deconstructed_Club,-0.11900895,0.09375479,0.2374308,0.7421321,0.17882097,-0.04274571,0.48220837,-0.17771144,0.0067607705,-0.787788,0.2542766,-0.10012964,-0.08062874,-0.18674022,-0.17706637,-0.09890563,-0.29870152,0.07119619,0.2995029,-0.11131884,0.35261115,0.16522735,0.18667477,-0.3340276,-0.032037374,-0.023046477,-0.2306826,0.3022307,-0.19751479,-0.5094077,0.47030178,-0.15339766
Ambient_House,-0.30919942,-0.21272244,0.21540032,0.57292384,0.10399597,-0.28567806,0.59737355,-0.042521913,0.12804207,-0.15146077,0.09611739,-0.5682595,-0.118989944,-0.04803995,-0.3267663,-0.003084873,-0.16534954,-0.27235797,0.143707,0.39929658,0.41152087,0.35070786,-0.08518177,-0.22554009,0.004551467,0.1762774,-0.0054839556,-0.012478169,-0.15130955,0.0021020381,0.1972837,0.0005689968
Memphis_Blues,0.1798269,-0.17827664,0.41934103,-0.4943406,0.8725147,0.37676913,-0.36401162,0.088546224,-0.60021347,-0.29208148,-0.72502655,-0.8144059,-0.32529655,0.1984936,0.32405528,0.13733362,-0.38813058,0.9179528,-0.61634344,0.5854581,0.006486219,0.03682141,0.39769378,-0.45141163,-0.13289773,0.85303044,0.15667295,0.4798924,-0.05826885,-0.21741587,0.08723652,-0.09609839
Enka,0.13243458,-0.57162374,-0.1745187,-0.46017912,0.13059062,0.029255798,0.17061505,0.33538404,0.11504337,-0.09503169,0.5738674,0.021160087,0.21587095,-0.061021775,-0.012672142,0.79206324,-0.07778571,0.036822982,-0.030170854,0.87470984,-0.013357805,0.919755,0.12120951,0.44960463,-0.23333794,0.05297245,-0.5155198,0.35796207,0.12986563,-0.11424021,1.0343269,-0.33336407
Andalusian_Classical,0.5417425,-0.613874,-0.4516885,-0.097826116,-0.3352264,-0.19983399,-0.032535918,-0.23263998,-0.65583193,0.11229337,0.61877203,-0.6056722,-0.24230362,-0.3225307,0.31942922,-0.029525347,-0.058557607,0.05550251,-0.18998663,0.18375891,0.27267998,0.59586173,-0.55343693,-0.31635958,0.38692144,0.44218776,-0.03305085,-0.22355606,0.1587109,-0.5880059,0.15385391,0.3351783
Ghazal,0.47468308,-0.39053947,-0.39528263,-0.1943527,-0.34168068,-0.20633243,0.19866318,0.34579575,-1.199731,-0.4422276,0.2310208,-0.5839442,0.08070698,-0.4835765,-0.24871771,-0.037064653,0.16417564,0.16484258,-0.3754995,0.2645114,0.7842353,-0.08633081,-0.48196876,-0.093043454,0.54229,0.835037,0.13197611,0.35773072,0.26741204,-0.2740516,0.13577753,-0.6632335
Morna,0.44028336,-0.67253757,-0.69170606,0.10449298,-0.356239,-0.022830386,-0.14176771,-0.40311775,-0.83048946,0.09152118,0.6315519,-0.62299836,-0.45564932,-0.47082087,0.4771663,-0.22560003,-0.015303981,0.30067745,-0.084452465,0.14198457,0.51541024,0.07059011,0.06742234,-0.46602395,0.49072766,0.22139648,-0.29780066,-0.16012055,0.077569395,-0.3686097,0.21534026,0.18639493
Sephardic,0.2477041,-0.7640664,-0.5488401,-0.1229852,-0.05389358,-0.6048017,-0.09444707,0.11828204,-0.77798903,0.24477696,0.54827136,-0.45406783,-0.28399628,0.05303266,0.097167514,0.18105245,-0.008626196,0.14985043,-0.4203329,0.15020218,0.489546,0.34221485,-0.50546616,-0.19180727,0.4586365,0.32902935,-0.17630826,0.06699938,0.17945798,-0.7625269,-0.12078944,0.11681084
K-Rock,0.20990068,-0.075768985,0.21165134,0.22757739,0.5674478,-0.11033808,0.05145136,-0.19339405,0.06523363,-0.009376285,0.014457557,-0.07754787,-0.03919157,-0.09119168,-0.3690586,0.19655015,0.23971224,0.1020743,-0.3165498,0.5351704,0.08314983,0.5701535,0.1758344,-0.42621604,0.21855232,0.17648537,-0.38818517,-0.0072375033,0.22242443,-0.5526099,0.32229453,0.055716854
Brass_Instrument,0.3486459,-0.24165083,-0.12559457,-0.05058455,-0.5265841,-0.43760732,0.028167913,-0.5960861,-0.14051008,0.0041012927,-0.23369263,-0.85388863,-0.15707597,0.52030605,-0.23716305,0.8588092,-1.2302853,-0.19935228,-0.1683944,-0.01756622,0.4765594,0.9445895,-0.35346603,0.29013324,0.49896324,0.057761107,0.5503546,-0.14239903,0.2618763,-0.49949297,0.7347596,-0.10402063
Go-Go,0.1947165,0.093899146,0.07291367,0.18922567,0.13527139,-0.3342271,0.103069276,-0.43213537,-0.08403563,-0.4933803,-0.021762636,-0.48438257,-0.0077231196,-0.44848272,-0.29668352,0.00198769,-0.18885635,0.36825222,0.503596,-0.021661755,-0.18898796,0.4959755,0.27555346,-0.5749704,-0.035139874,0.08535288,-0.13535215,0.17542359,-0.43462867,-0.24454553,0.21573943,-0.283273
Musette,-0.0636939,-0.38234764,-0.09149586,-0.11817031,0.6143544,-0.61389124,-0.25905943,-0.044668537,-0.61019725,0.035705697,0.11925457,0.20464532,-0.42433092,-0.08683011,0.4897697,0.89353484,-0.10845244,0.3682609,0.14161769,0.06545982,0.50266826,0.2599217,0.6452069,0.13297558,0.09390639,0.19539288,-0.13592072,0.51393336,-0.122458674,-0.010249569,0.43825588,0.3301241
Group_Sounds,0.101873584,-0.17470616,0.2826022,-0.053092785,0.33771458,-0.02334969,0.08561117,0.03629793,0.13995798,-0.20793316,-0.3692885,0.029781533,0.167255,-0.5400695,-0.14168145,0.15581349,0.14194424,0.22650537,0.18431903,0.3216038,0.34962475,0.837026,0.32608074,-0.10324125,-0.101700544,0.0976137,-0.27730182,0.6070196,-0.20784542,-0.8850508,0.08997272,-0.22096248
Guarania,0.062263675,-0.47285727,-0.9096183,0.25545117,-0.2979895,-0.42035002,-0.14084254,0.2122813,-0.9812182,0.052205175,0.3301709,-0.098258436,-0.2646824,-0.26670122,0.09283711,0.18434703,0.036489125,0.5791734,-0.33359173,0.12074768,0.68240285,0.3598489,-0.21961395,-0.35821238,0.5410471,-0.057411034,-0.26614574,0.44946495,-0.076097995,-0.43443078,0.23124948,0.14134087
Bounce,-0.24642918,0.31340802,0.3394197,0.6328457,-0.13332273,-0.5739821,-0.0070655425,-0.50738627,-0.065697,-0.5139661,0.46869132,-0.8613078,-0.17282012,-0.30815232,-0.28623563,-0.089090005,-0.21666332,0.059088845,-0.0128274225,0.18091966,-0.2314039,0.20334329,-0.06006472,-0.36040848,-0.39433056,-0.21275511,0.020726938,-0.017592447,-0.14368753,-0.65433866,0.40206978,-0.74666053
East_Coast_Blues,0.5652878,0.036980595,0.04768468,-0.30465716,0.80335915,0.30396432,-0.0015499933,0.12006049,-0.6470919,-0.049685,-0.57069445,-0.61519927,-0.19641423,0.46279106,0.46567369,-0.039377946,-0.3220893,0.5992589,-0.45044106,0.63378006,0.0633869,0.15524206,0.24271373,-0.49403208,0.016101737,0.6930755,0.15213136,0.27583078,-0.22643138,-0.5471587,0.34369677,0.05217976
Magnificat,0.5889091,-0.35940635,-0.28272432,0.16009788,-0.26639056,-0.7254797,0.06100449,-0.45414618,0.08617895,0.39573884,-0.04940601,-0.8251415,-0.10071933,0.36564234,0.052193325,0.48508424,-0.8875589,-0.10944986,-0.4469201,0.3579944,0.17601389,0.8703479,-0.4944907,0.0983248,0.64188355,0.24030915,0.34497556,-0.396946,0.06374284,-0.5862539,0.18898967,-0.45528153
Sound_Poetry,0.048139885,-0.104442656,-0.34142646,0.4338636,-0.21743825,0.0047466126,0.16868159,0.029545326,0.021225976,-0.58974034,0.14385128,-0.4353793,0.15384737,0.28032267,-0.15394539,-0.12469598,-0.6238277,0.052583136,-0.33780047,-0.119750254,0.7968393,0.26813042,0.5510809,0.12358035,-0.24662563,0.34345895,-0.033570763,-0.2998863,-0.27681115,-0.48900327,-0.49392256,-0.26560286
Madrigal,0.5453943,-0.22627278,-0.45659098,-0.043873847,-0.27796087,-0.6840737,0.38408297,-0.3682957,-0.019195475,0.27054623,-0.14105403,-0.8871494,-0.06541111,0.3981203,-0.17295006,0.7334292,-0.87824917,-0.30738953,-0.5477301,0.33033347,0.53894407,0.7446669,-0.5009032,0.35641646,0.6945521,0.4863249,0.4606955,-0.20026942,0.14277554,-0.43305895,0.1916367,-0.3841344
Luk_Thung,-0.013869771,-0.7946096,-0.5394235,0.08602379,-0.5735067,0.056688447,-0.19719209,-0.23136565,-0.6091388,-0.024746204,0.37153116,-0.24253342,-0.0067435238,-0.32315215,0.033114586,-0.012160197,0.27195415,-0.23261538,-0.13404754,0.79934037,0.63321775,0.1485526,-0.19595335,-0.54576945,0.57442564,0.37310588,-0.21796621,0.45545125,0.24572876,-0.42663705,0.20284438,-0.05371613
Gagaku,0.43034375,-0.21686327,-0.55252135,-0.07464796,-0.496313,-0.08591573,0.26536065,0.10464829,-0.50396687,-0.14060336,0.33426872,-0.3846444,-0.2973527,-0.18150936,0.086437725,-0.15384889,0.03961713,0.027225511,-0.37908772,0.22984391,0.7396695,-0.028083153,-0.122302406,-0.16162491,0.4695052,0.51954144,-0.05793057,-0.07911681,-0.084789544,-0.623578,0.399848,-0.023270668
Bayou_Funk,0.5204567,-0.20637658,0.022335354,-0.27608246,0.30255324,0.15044633,0.07556146,-0.12624793,-0.58161163,-0.2871211,-0.33384916,-0.570566,-0.15405682,-0.20675562,0.289843,0.04295598,0.12141018,0.47712934,-0.12325061,0.5436721,-0.18663442,0.10046021,0.3837335,-0.26846093,0.008300501,0.42738366,-0.31546998,0.40542045,-0.18461268,-0.29263526,0.25433907,-0.19203
Minneapolis_Sound,0.0027581002,-0.4109259,-0.027037121,-0.0416425,0.18288569,0.10487574,-0.099005185,-0.4558323,-0.00569788,-0.1357244,0.0053522536,-0.49918577,0.017663494,-0.20501095,-0.36088178,0.24656095,-0.14693685,0.19114226,0.233079,0.3706585,-0.15241477,0.71695143,0.2989799,-0.3484686,0.05880184,0.19327256,0.03123793,0.04013348,-0.34247315,-0.09583158,0.13617037,-0.19208592
Gaita,0.28901407,0.15076923,-0.71633357,0.5359877,-0.17499541,-0.19474033,-0.018008886,-0.2672057,-1.0667065,-0.37194005,-0.21320933,-0.13319135,0.0015249404,-0.36248,0.19376695,0.60898054,0.31724352,0.2744351,0.29762962,-0.08633552,0.7216522,1.0226814,0.40849674,-0.5615235,0.61223036,0.022398567,-0.3985266,0.44277933,-0.31750697,0.5146735,0.5073985,0.025832757
Trova,0.6097002,0.07429047,-0.50090903,0.18692747,-0.15858921,-0.21434408,-0.034135178,0.019829258,-0.6704369,-0.18566921,-0.10793913,0.07862883,-0.3250666,-0.28172666,0.3869893,0.6279379,-0.041932993,0.14819305,-0.12011677,-0.12846395,0.39126134,0.6867609,0.2911103,-0.3493578,0.22905535,0.19650868,-0.6049176,0.086072445,-0.25521848,0.1059776,0.28417367,-0.049054284
Future_Bass,-0.24134429,-0.28413585,0.088866204,0.6346363,0.24159518,-0.040346686,0.585994,-0.16656667,-0.08633277,-0.7533555,0.8355867,-0.22890928,-0.06413981,-0.08543148,0.2190665,0.1987358,0.064475425,-0.04415101,0.024147712,0.11618887,0.13647011,0.49078888,-0.12483303,-0.35028026,-0.065903544,0.03231535,-0.22331254,0.24891268,-0.045806818,-0.013555446,0.2514863,-0.26427078
Levenslied,0.1043497,-0.1950299,0.21254034,0.15375048,0.3779728,-0.50051874,-0.13695411,-0.38239792,-0.19719554,0.15124367,0.25273335,0.14141113,0.066844806,0.016304351,-0.1586722,0.4870249,-0.38428107,0.37136832,-0.058882684,0.5866232,0.28444296,0.41666538,0.62831736,0.7564898,-0.09121534,0.034708798,0.10971482,0.2955537,0.12669793,-0.30761,0.20473693,-0.09950832
Joropo,0.28887612,-0.012404293,-0.69060224,0.45098698,0.0064372215,-0.6056548,-0.22078155,-0.14112777,-0.94802016,-0.44947764,-0.15911728,0.09075788,-0.06879775,-0.43797567,0.5037798,0.80996835,-0.009330018,0.18395178,0.24762698,0.032152973,0.38522956,0.7718773,0.19878882,-0.5652292,0.3020031,0.15927322,-0.3424659,0.6924913,-0.29611325,0.43321666,0.45284748,0.095677756
Jibaro,0.5354776,0.08939894,-0.7179144,0.32639003,-0.011710821,-0.48554492,-0.1675212,-0.10339366,-0.8138412,-0.09868794,-0.21796,0.038539693,0.11252841,-0.6612844,0.52462167,0.9370548,-0.1250358,0.028712066,0.04240486,-0.26039746,0.36661586,0.92805725,0.28290752,-0.45025933,0.42988962,0.14091077,-0.32378408,0.29239145,-0.16732457,0.21814388,0.7232827,0.21320741
Sertanejo,0.36887276,-0.43779346,-0.50899875,0.16629736,-0.003930115,-0.26799458,-0.43220317,0.12939484,-0.91159123,0.27673423,0.37344477,-0.47182503,0.18191566,-0.43165252,-0.047341883,0.12360423,-0.054643665,0.46669757,-0.30146882,0.20310551,0.3649266,0.34916574,-0.29468384,-0.5478498,0.97761184,-0.34945023,-0.43597957,0.7855754,0.10576079,-0.23897795,0.49890772,0.40419182
Twelve-tone,0.370035,-0.16541113,-0.19364202,-0.26778477,-0.45918715,-0.34156072,0.1071226,-0.15132385,-0.09549487,-0.03942149,-0.010225616,-0.76230323,-0.32249823,0.48530677,-0.48147133,0.6511811,-0.76321244,-0.23152362,-0.2767808,-0.159904,0.8801319,0.52221596,-0.062377498,0.14953904,0.47944087,0.21964027,0.57716215,-0.4141174,-0.029137462,-0.46202374,0.5337656,-0.10221297
Divertimento,0.17705673,-0.3812663,-0.09387842,-0.03378974,-0.6675178,-0.4406137,0.19976096,-0.31046435,0.091662824,-0.06397922,-0.13730927,-0.7928405,-0.38754496,0.33114126,-0.17486592,0.9271559,-1.0346118,-0.57168156,-0.26795566,-0.06280306,0.69203764,0.7544274,-0.41100225,0.118222855,0.49367166,0.26146388,0.71159536,-0.14355956,0.13406362,-0.214163,0.82817346,-0.07924267
Timba,0.36643252,0.054891594,-0.5184924,0.45913562,-0.13751453,-0.23507838,-0.3510539,-0.24608898,-0.53297913,-0.7248059,-0.120524146,-0.13366358,0.041392826,-0.38501874,0.3356545,0.87284946,-0.32060394,-0.040369183,0.45090562,-0.27445394,0.49715546,0.7994452,0.28646886,-0.69143194,0.38803774,0.2722578,-0.11384711,-0.015333701,-0.28010872,0.47476122,0.6482909,0.12216216
Axé,0.38729376,-0.46299884,-0.047095936,0.0579311,-0.014262834,-0.3320948,-0.7766976,-0.28835997,-0.7565512,0.12593892,0.6631797,-0.44148988,-0.1316233,-0.91769195,-0.019166438,0.51771396,-0.5367209,0.20007516,0.30185097,-0.09655343,0.38297954,0.5138286,0.30854255,-0.3556684,-0.3162448,-0.034149915,-0.11380278,-0.032264475,-0.7673267,0.26719335,0.22453995,0.52354175
Overtone_Singing,0.35789254,-0.4615456,-0.44018796,0.41942266,-0.158055,-0.20130974,0.062022623,0.02137868,-0.53400475,0.1294784,0.3731849,-0.59203875,-0.12868044,-0.5881928,0.10036991,-0.2420474,-0.3921887,0.26236317,-0.09242453,0.26160112,0.36441338,0.051298514,-0.117684856,-0.3093893,0.49837396,0.22684656,-0.112405196,0.09438255,-0.05075458,-0.25878277,-0.24258493,-0.15370208
Indo-Pop,0.38798404,-0.19021563,0.16999747,-0.23064569,0.2196135,-0.2599968,-0.10691453,-0.10040346,-0.3354884,0.026099395,0.18280527,-0.3558256,-0.31329176,-0.27529836,0.23413397,0.4296124,-0.057069656,0.3021454,-0.08378857,0.44308922,0.01158356,0.23706992,0.2850077,-0.0014903621,-0.08253811,0.21317858,-0.1676562,0.036420528,-0.1421997,-0.23785266,0.20887722,-0.22590911
Mathcore,-0.063601315,0.21416406,1.0722892,0.6401311,-0.3179568,-0.2553695,0.123741046,-0.05358518,-0.17930076,-0.10175298,-0.21876454,-0.14333342,-0.20494398,-0.19268048,0.11623744,0.21409298,0.18139675,-0.48530924,-0.8534271,0.44989383,-0.019877333,0.17675468,0.595311,-0.4366251,-0.16737573,0.11146943,-0.57280743,0.15578729,-0.22434106,-0.42702904,0.27649102,-0.33438674
French_House,-0.4401955,-0.04630301,-0.040235575,0.58706754,0.38933128,-0.24625267,0.35397413,-0.14471523,-0.13563107,-0.27122423,0.3131878,-0.630374,0.046116997,-0.2292627,-0.038677942,0.20395048,-0.13298939,0.19674668,0.12306414,0.10170733,-0.014466658,0.18512468,0.24245164,-0.193723,0.11770646,0.10679027,-0.1257166,0.31708202,-0.079112306,-0.16304483,0.065329716,0.10690777
Sea_Shanties,0.053455297,-0.1726854,-0.12063759,0.15634336,0.27696377,-0.66696066,-0.1765711,0.10945749,-0.432431,-0.10087075,0.2233795,0.012762585,-0.03434183,0.3206668,0.14198335,0.2546715,-0.35201448,0.4505398,-0.19531195,0.30510026,0.21932572,0.40495527,0.27858767,0.2569779,0.08162545,-0.07701755,-0.25639758,0.40754145,0.027371295,-0.3498732,0.1925425,-0.36438444
Qawwali,0.53027534,-0.5089658,-0.5091866,0.12617296,-0.44704592,-0.14026578,0.49622476,0.0011623923,-0.94868267,-0.21848202,0.14999579,-0.54259425,0.24658507,-0.7039382,-0.035795424,0.046640158,-0.1393108,0.032745376,-0.1322869,0.21478257,0.2669931,0.21333054,-0.3451846,0.10400745,0.42995805,0.6434636,-0.21997221,0.3217057,0.31191242,0.033068217,0.07810593,-0.45781824
Griot,0.2994767,-0.74142045,-0.53998613,0.101185985,-0.545947,-0.22698233,-0.2521257,-0.4654358,-0.7126393,-0.016991558,0.35908896,-0.55340946,-0.24175727,-0.5151415,0.2593263,-0.15800868,0.0035553074,0.39050213,0.12776394,0.38328466,0.21992177,-0.061672736,0.17135404,-0.6054397,0.6962086,0.37812656,-0.3392915,0.048443284,0.029223533,-0.30778793,0.23932388,-0.0009437442
Ottoman_Classical,0.18020448,-0.55388397,-0.51939875,-0.03357621,-0.45838487,-0.2939924,-0.08088379,-0.043350365,-0.65828484,0.006298874,0.26512638,-0.41105938,-0.037928537,-0.17678137,-0.045675375,0.00960581,-0.0812082,-0.05477309,-0.19991566,0.111190654,0.3682143,0.26312396,0.012176376,-0.20783931,0.47664642,0.20067962,-0.24741443,0.11736401,0.11780034,-0.55610794,0.11440324,-0.2744819
Ghettotech,-0.24715145,-0.019213421,0.20896737,0.7088363,-0.0054290295,-0.3878248,0.44917962,0.05443614,-0.11990204,-0.40305978,0.25027654,-0.64472044,-0.122345135,-0.21149115,0.18987064,-0.2094547,-0.19258131,-0.099011324,-0.14615832,-0.025781713,-0.338801,0.40937755,0.50177526,-0.043541614,-0.31930128,-0.023780763,-0.16066086,0.5730326,-0.020314952,-0.1874366,0.14758317,-0.26815102
Jota,0.28945926,-0.65774244,-0.5886205,-0.17369044,-0.24224176,-0.5313143,-0.14723366,-0.2882088,-0.8129453,0.17598626,0.51264507,-0.3118692,0.013045035,-0.23275682,0.3936823,0.35253078,0.1070347,0.11800852,0.078491636,0.14765869,0.45783204,0.52974266,-0.23588106,-0.051619932,0.4775731,0.23896891,-0.033503756,0.18743284,0.1703661,-0.459327,0.45624623,0.16436277
Rock_Opera,-0.006462728,0.011248236,0.2503342,0.16781895,-0.008057388,-0.0024404833,-0.07538805,0.027212119,-0.18609174,0.11780272,-0.24655454,-0.37277377,0.47466505,-0.30146298,-0.21712717,0.5476712,0.301739,-0.16173463,-0.074709184,0.35754982,0.4059146,0.4898678,0.44283953,-0.0416137,-0.22783957,0.21473391,-0.24810737,0.042743087,0.20284452,-0.55325407,0.19898733,0.11451866
Hypnagogic_pop,0.18483622,-0.21762517,0.3182904,0.3892406,0.1453253,0.23018968,0.53357196,-0.19434682,0.0064393138,-0.2203659,0.06959127,-0.32607573,-0.020310165,-0.067211166,-0.5919023,0.22871344,-0.16402484,0.10265947,0.04456182,0.25508726,0.18143335,0.25642782,0.69221103,-0.27676028,0.0738995,0.14121535,-0.15275878,0.12912595,-0.18465276,-0.04123904,-0.3270297,0.027782714
Dark_Jazz,0.14005762,0.04751395,0.090359986,0.24681728,-0.11263953,-0.14446253,0.44704884,0.062891014,0.09143283,-0.3520271,0.4783035,-0.45361862,-0.38811377,0.116666935,-0.2988282,-0.0082521,-0.21972784,-0.23431413,-0.2885487,0.18664454,0.43616688,0.15826705,0.18755133,0.009581871,0.08952576,0.11617447,-0.076887436,-0.18273817,-0.31989238,-0.55635023,-0.09388636,-0.22911896
Kolo,-0.088080846,-0.2942396,-0.34287405,0.16412398,-0.06509207,-0.49346069,0.11977447,0.05715165,-0.5922736,0.22803953,0.3821891,-0.29818305,-0.24882561,0.43747568,-0.079372495,0.147937,-0.32786494,0.84876055,-0.262492,0.29693404,0.5160937,-0.03664093,0.22792238,0.48021173,0.5308005,0.12080415,-0.23480944,0.2933017,0.09010041,-0.7980304,-0.032722138,-0.11067302
Spirituals,0.43966755,-0.09827316,-0.3299968,-0.19203901,0.051098756,-0.2763512,-0.09368584,-0.4041917,-0.05822935,0.108354814,-0.28103113,-0.72718555,-0.15409599,0.18741047,0.4622686,0.55552125,-0.32536817,0.6330563,-0.26981285,0.3081416,0.051937006,0.35278425,0.0151404105,-0.022139689,0.4059409,0.3281368,-0.04971306,0.035822734,0.019080462,-0.0927208,0.21484256,-0.3029001
Funaná,0.18566354,-0.71516514,-0.60422367,0.30085412,-0.3347968,-0.11569892,-0.3856729,-0.60557204,-0.73304427,-0.11015737,0.5337777,-0.28440693,-0.3252805,-0.45994627,0.22646505,-0.38760215,0.17394899,0.21926056,0.028531121,0.12919772,0.26940608,0.3718517,0.163787,-0.83648497,0.51776487,0.13991281,-0.35189903,0.3220315,0.1924498,-0.54846954,0.23709789,0.078412965
Basque_Music,0.15801127,-0.6941217,-0.49274972,0.107876085,-0.22199485,-0.364236,-0.4230353,-0.091161676,-0.9152214,0.23662609,0.1627285,-0.23920617,-0.09794776,-0.3541655,0.2373131,0.033061136,0.028151048,0.34508446,-0.30222917,0.090545885,0.6202576,0.27301028,-0.03386865,-0.11299336,0.51183367,0.31084433,-0.20249112,0.19273286,0.21306951,-0.7070331,-0.06114078,-0.13626221
Favela_Funk,-0.33928725,-0.07651714,0.22778422,0.7396739,0.2744006,-0.33044332,-0.07870121,-0.61964697,-0.2188576,-0.48367557,0.4435706,-0.44334376,-0.23524442,-0.44912252,0.101631515,0.04485874,-0.41418526,0.05003236,0.118947044,0.157132,-0.3916599,0.19561388,0.28418654,-0.4074979,-0.26535708,-0.2831132,-0.294254,0.39202482,-0.22421893,-0.002760754,0.46778375,-0.5243521
Nerdcore_Techno,-0.5850902,-0.61242604,0.5441416,0.5422285,-0.11456479,-0.39058927,0.55657697,0.10283895,0.29654774,-0.73325896,0.28818536,-0.783979,-0.12320049,0.046321522,0.3390482,0.060581703,-0.01794006,-0.3215355,-0.41347793,-0.22202547,-0.12852547,0.5518371,0.38488838,-0.03195661,-0.0042059566,0.044681866,-0.38478035,0.6511243,0.17362088,0.015801184,-0.1823057,-0.1078952
Mugham,0.08788148,-0.7571972,-0.5064328,0.23777865,-0.59247416,-0.4578019,-0.1307438,-0.13258046,-0.714343,0.08140564,0.4390904,-0.23510501,-0.42150024,-0.20449531,0.3157038,-0.24295096,-0.14229126,0.2867228,-0.49101344,0.1573368,0.5182275,0.019691303,-0.1323891,-0.12378688,0.4971864,0.3762191,-0.33207518,0.25568905,0.2789547,-0.6788716,-0.039164692,-0.12292397
Mbalax,0.3055701,-0.7143646,-0.55022126,0.12625164,-0.62794083,0.029091533,-0.07799886,-0.59259367,-0.9895995,0.10950118,0.4835673,-0.51301545,-0.31895864,-0.5243713,0.44924057,-0.14872088,0.097314715,0.036902674,0.0024847374,0.30788103,0.19215891,0.24342474,-0.014325385,-0.5250514,0.6348085,0.3638129,-0.2191812,0.040314864,0.24148263,-0.41661483,0.28596413,0.23037727
Banda,0.05865785,0.00063887925,-0.7538536,0.6050165,0.08383924,-0.41880998,-0.17615114,-0.12619448,-1.003805,-0.08888316,-0.25959912,0.34939384,-0.2194452,0.31593832,0.61662996,0.5468409,-0.172431,0.8159557,0.0841756,0.15236953,0.413676,0.92641985,0.26656255,-0.43728983,0.598809,-0.27433994,-0.15279542,0.62675786,-0.36460105,-0.19023645,1.076826,0.16817772
Electro_Swing,-0.02866266,-0.2389045,0.15672772,0.004527451,0.33657154,-0.038167853,0.18512352,-0.36867863,-0.091257036,-0.5327957,0.0051638125,-0.543793,-0.21138456,-0.1712125,-0.08127846,0.2781306,-0.31748423,0.118736625,0.12668994,0.08775632,0.002782809,0.1594544,0.4123803,-0.1831638,0.12823005,0.06282343,-0.0057033105,0.38251543,0.071912125,0.03806875,0.010775713,-0.1461574
Occitan,0.6212171,-0.40923116,-0.4019225,-0.0952822,-0.117756404,-0.4545048,0.05906629,0.23403957,-0.2610267,0.18338762,0.3863177,-0.41144496,-0.081994854,0.12545235,-0.14746533,0.14376363,-0.15542345,0.35015017,-0.5518941,0.16645879,0.27291006,0.4009847,0.024386656,-0.0828294,0.5329704,0.0034531758,-0.31076837,-0.111159615,0.021505278,-0.6176088,-0.042008854,-0.25142848
Chutney,0.28654513,-0.43457928,-0.4431512,0.1950686,-0.38464376,0.1283834,0.39585415,0.13222852,-1.0820162,-0.67333984,-0.3220117,-0.6297305,0.3872459,-1.2446353,-0.47502315,0.3517225,0.11622676,-0.08971463,-0.3405734,0.33153924,0.22847103,-0.03270668,-0.37717152,-0.3775145,0.24316871,0.9007221,-0.21883135,0.6236917,0.21928838,0.6095369,0.5861348,-0.54763156
Arabic_Pop,0.010632802,-0.72196275,-0.036253463,0.025402278,-0.3042306,-0.08573283,-0.1966988,-0.61741126,-0.4987404,-0.21040876,0.47595975,-0.38878155,-0.37384197,-0.32821676,0.28844237,0.09794488,0.12045086,0.20838712,-0.0476167,0.3145526,0.14355919,0.06340275,-0.073498175,-0.4734606,0.40721348,0.24427107,-0.24586655,0.04308243,0.11496188,-0.38268095,0.24018854,-0.03231434
Nueva_Trova,0.441612,-0.29997703,-0.7638611,0.33828396,0.17779684,-0.4346433,-0.46601585,0.15371585,-0.84365815,0.05185651,0.20409332,-0.22900678,0.06765971,-0.25153935,0.14632902,0.4807552,0.31056875,0.5536519,0.06421883,0.01726317,0.32126936,0.5991547,0.2536105,-0.63535357,0.46828008,0.019797606,-0.64719075,0.10770244,-0.15741414,-0.13041635,0.31673822,-0.079800054
Aguinaldo,0.40968835,0.041854642,-0.83283174,0.42301092,-0.32898074,-0.6873753,-0.23365209,-0.39820105,-0.6619952,-0.086992435,-0.023450391,-0.32937154,0.41295114,-0.19792885,0.4661606,0.8912356,-0.05522396,0.19119896,0.09674779,-0.069823824,0.33883503,1.1534922,-0.15487704,-0.23129177,0.6915729,0.016249834,-0.22960132,-0.09112542,-0.12354796,0.25082135,0.45549226,-0.0874949
Piedmont_Blues,0.34078136,-0.11717224,0.09787687,-0.44331282,0.621237,0.16362886,-0.1183216,0.16661462,-0.59365666,-0.3182693,-0.5897195,-0.657922,-0.21660554,0.28536314,0.2341262,0.18524772,-0.58311665,0.9521682,-0.6207484,0.45200235,0.07189822,-0.09282609,0.14694859,-0.48678574,0.18408209,0.65654445,-0.034934405,0.5383757,0.055731535,-0.16354884,0.25816303,0.0028291417
Phonk,0.2475156,0.54964536,0.33598638,0.6785064,-0.13860737,-0.11387576,-0.06407949,-0.3992913,-0.13528517,-0.8215127,0.17256097,-0.3349783,-0.19604781,-0.1012303,0.07855045,0.18959227,-0.63373893,-0.07755696,0.26465198,-0.1944538,-0.3705601,0.16396521,0.22855943,-0.56791,-0.2604375,0.11324875,-0.14742368,0.3136544,-0.18237177,-0.80240136,0.40111464,-0.37135896
Jersey_Club,-0.26379442,-0.10017649,0.51970845,0.62377864,0.2561131,-0.007940295,0.45045385,-0.19128852,0.15589891,-0.85795856,0.5230535,-0.4760513,-0.14951684,-0.1476306,-0.019322816,0.0795515,-0.1782504,-0.012651347,-0.21754166,0.10252506,-0.15023126,0.32165393,0.26818466,-0.2226745,-0.29540765,0.07083962,-0.291913,0.40193364,0.1312758,-0.26061764,-0.122738615,-0.33901495
Sonero,0.34139952,0.018147064,-0.39313892,0.18238242,0.18647927,-0.04587398,0.036620267,-0.21000934,-0.8243105,-0.6896145,-0.06320618,0.03461718,-0.107960716,-0.6923241,0.3787923,0.8227072,0.059690822,0.31999773,0.60871404,-0.1889052,0.47627184,0.8973513,0.5501565,-0.47362253,0.1823361,0.15324396,-0.48922354,0.1573338,-0.2650782,0.403013,0.63559586,0.30402523
Sámi_Music,0.3469332,-0.4333658,-0.65835255,-0.009705186,-0.1885905,-0.24716327,0.1888689,-0.009536046,-0.5342871,0.18382739,0.42855987,-0.68980575,-0.5155966,-0.4336045,-0.08006893,-0.32800445,-0.17951423,0.23581381,-0.32296553,0.27217248,0.3375791,-0.12982476,0.13894255,-0.32339883,0.45291814,0.4519121,-0.023758264,0.026969137,0.07704493,-0.5557083,-0.100557595,0.06665326
Cretan,0.009317697,-0.5201084,-0.65188897,-0.16535567,-0.24473637,-0.53205615,-0.2116539,0.0329432,-0.68825406,0.10415524,0.28942218,-0.3254454,-0.38642678,-0.40468428,0.35096097,0.01727096,-0.20372353,0.39424604,-0.21149495,0.2474037,0.4969126,0.09652213,0.04130375,-0.14911884,0.4398349,0.331803,-0.2297247,0.33777246,0.2877224,-0.6012659,0.14194247,-0.16766283
Crossover_thrash,-0.031560197,0.1862604,1.015107,0.48157847,-0.41455203,-0.19994019,0.54393893,0.17812377,0.15509288,-0.10320536,-0.14678504,-0.36100945,-0.19371939,-0.012480207,0.12491085,0.2589611,-0.025642082,-0.4773967,-0.8709516,0.29157525,-0.07446557,0.1282484,0.85512197,-0.38531885,-0.25248638,0.09383665,-0.54565746,0.31487417,0.031124579,-0.51737916,0.022613658,-0.018703338
Hiplife,-0.16235325,-0.0019522208,0.1376869,0.42387155,-0.27123964,-0.27211535,0.33832666,-0.5668345,-0.14736591,-0.97108614,0.18441069,-0.74840266,-0.3986529,-0.37853178,-0.10876614,-0.22916532,-0.6569989,0.054702114,0.15994301,0.16621357,-0.12397323,-0.15594637,0.03590513,-0.35411605,-0.46814835,0.1418746,-0.17851579,0.16167252,-0.18199968,-0.38028684,0.07085989,-0.5684419
Maloya,-0.050754994,-1.1231201,-0.54385823,-0.0256893,-0.5503475,-0.29296353,-0.25466675,-0.2505315,-0.6918373,-0.16729884,0.43875653,-0.41444206,-0.40225336,-0.5613955,0.12018035,-0.10224563,0.0851803,0.33592042,-0.09479165,0.27807814,0.5381276,0.065556005,0.09812774,-0.5185093,0.5841753,0.28716302,-0.35393038,0.13361202,0.47730547,-0.26014426,0.18013465,-0.05664641
Dub_Poetry,-0.3960868,-0.55422336,0.22403954,0.39456725,-0.71778286,-0.09737593,-0.10627886,-0.7700707,0.05403425,-0.7749604,-0.09362157,-0.37267488,-0.28765333,-0.2651376,-0.21145162,0.17485824,-0.44497904,0.36678958,0.131846,0.63471764,0.37543923,-0.06535535,0.102260165,-0.54824847,0.19351058,0.31772056,-0.32863563,0.1974025,-0.39183253,0.33594745,-0.21244885,-0.045219913
Russian_Pop,-0.30996516,-0.2867955,0.24224827,0.030532505,0.6220922,-0.29786408,-0.004197512,-0.306539,-0.26721132,0.047781076,0.36648405,-0.17426026,0.14182656,-0.108076155,0.011853199,0.80695003,0.056066494,-0.06442912,-0.2803882,0.2189034,0.24175394,0.32760093,0.5052589,0.23473328,-0.034264255,-0.04701932,0.036718465,0.20599657,0.27791342,0.07449079,0.45210952,-0.17874649
Kwaito,-0.38021848,-0.4345368,0.107412346,0.27292436,-0.15477629,-0.045437936,0.03735213,-0.819694,-0.10570585,-0.23119201,0.4438398,-0.7326311,-0.14758416,-0.4676372,0.16703482,0.15039486,-0.15665196,0.016176583,0.07688395,0.36239493,-0.02987448,0.26153,0.22077866,-0.30651915,0.09011918,0.014305852,0.18653244,-0.23046538,0.15089294,0.0062153977,0.20344406,0.008596199
Galician_Traditional,0.30528754,-0.3561907,-0.3444567,0.08249289,-0.6018881,-0.4460649,-0.07417856,0.17838286,-0.8536214,0.20333835,0.08157862,-0.29902163,-0.25230575,-0.19762081,-0.10830482,0.3137323,-0.017459901,0.37961397,-0.3666122,0.22225678,0.56028575,0.15134412,-0.295687,-0.44297388,0.45889628,0.24427634,-0.07541045,0.16034749,0.31308112,-0.37816647,0.23879614,0.12422522
UK_Funky,-0.18105057,-0.12132979,0.4570271,0.492474,0.55383,0.10787206,0.5555482,-0.120657034,0.045391608,-0.78323454,0.274357,-0.61929274,-0.34775275,-0.31897232,0.036065742,0.045125633,-0.19710952,0.05884274,-0.0883981,0.15943283,-0.10439206,0.31511426,0.14991671,-0.21014835,-0.21230602,0.1214357,0.21587594,0.22386108,0.058895975,-0.046150267,0.19986123,0.04814811
Milonga,0.43038338,-0.6049569,-0.40229478,0.108753,0.07649829,-0.49825507,-0.43512797,0.13434221,-1.0600196,0.15265207,0.35953572,-0.088561825,-0.11429414,-0.37463972,0.33575097,0.31737623,-0.24125333,0.34821552,0.08900883,-0.13110766,0.64583516,0.31894916,0.07875449,-0.36237562,0.2015858,-0.015307687,-0.21234909,0.42027032,-0.29959893,-0.23603916,0.30194834,0.24423817
Memphis_Rap,-0.083204396,0.5248928,0.3833207,0.49407238,-0.25293046,-0.5036534,-0.08553251,-0.43648115,0.00055830576,-0.9666431,0.08702081,-0.9044054,-0.22005828,-0.10142355,-0.27572224,-0.08979802,-0.8519485,-0.16802657,0.17445573,-0.15181568,-0.26807064,-0.048598606,0.25937772,-0.62727904,-0.6739397,0.11625607,0.07611236,0.16187482,-0.14371485,-0.7191049,0.64069664,-0.8056327
Zarzuela,0.28198466,-0.48669055,-0.3187221,-0.22648744,-0.29851273,-0.4483309,-0.4579189,-0.42450503,-0.29759464,0.20662609,0.17840543,-0.56467426,-0.07421492,0.22700067,-0.016752305,0.9074809,-0.6835994,-0.065150835,-0.012465226,-0.008348474,0.55434215,0.8533245,-0.19296174,0.38495374,0.39975396,0.30592296,0.6524241,0.045308884,0.10266026,-0.43397203,0.7839447,-0.05238295
Post-Grunge,0.2363654,-0.18456863,0.5743007,0.37094545,0.101420306,-0.31627077,0.09439013,0.16982917,0.024500873,-0.25946566,-0.031983577,0.011464628,-0.18841249,0.16948223,-0.35114387,0.24441952,-0.09444511,-0.24995212,-0.5101781,0.49499568,0.22517665,0.120458744,0.5843585,-0.29007873,-0.01671014,0.09076049,-0.42501354,-0.21891622,0.1411913,-0.43315923,0.00958525,-0.30033872
Villancicos,0.7896985,-0.16483591,-0.41023076,0.40381956,0.05341176,-0.7628551,-0.040460408,-0.3279728,-0.32859588,0.1839064,-0.15165296,-0.20085873,0.27338266,-0.14220543,0.5943381,0.23368564,-0.14808954,0.34905523,-0.2173674,0.27145213,0.1958898,0.86120266,0.14363204,0.2553824,0.6242369,0.11365902,-0.3108824,-0.16677661,-0.08664424,-0.10556092,0.045151513,-0.15721746
Te_Deum,0.6632433,-0.23986346,-0.45490614,0.2826302,-0.34878594,-0.6352278,0.1414963,-0.46133336,-0.17248109,0.21444307,-0.0110788485,-0.72951883,0.06779684,0.44278285,0.07732946,0.64334065,-0.85185707,-0.14952247,-0.30960768,0.24030538,0.5221076,1.0296186,-0.4379352,0.39132398,0.67742485,0.31494188,0.4050081,-0.50494003,0.117206424,-0.45809826,0.38010624,-0.4275229
Liscio,0.23351246,-0.33806324,-0.49907506,0.18460633,-0.01664805,-0.4166575,-0.2307724,0.08915325,-1.0315993,-0.22236495,0.5582578,0.055275712,-0.28259256,-0.277342,0.362959,0.35466787,-0.10412873,0.5344479,-0.111311756,0.08267542,0.5649866,0.04958656,0.07744255,-0.017915651,0.47191167,0.021678565,-0.20220208,0.46596482,0.26381466,-0.3628381,0.44341066,-0.32437727
Philippine_Classical,0.34136212,-0.74908614,-0.7704272,-0.12601689,-0.40710205,-0.38808733,-0.12452778,-0.109229356,-0.66439134,-0.023078986,0.39164457,-0.24587236,-0.09367156,-0.2306988,0.26393887,0.14639959,-0.11958292,0.37029418,-0.30880883,0.38263232,0.48162892,0.17694893,0.044590723,-0.14647293,0.34694302,0.36450002,-0.34803942,0.071344554,0.15205571,-0.38707066,-0.092630625,-0.31032473
Wind_Ensemble,0.41133097,-0.24762455,-0.17859232,0.0048216456,-0.4186538,-0.4149386,-0.016779726,-0.28276598,-0.1483985,0.14941478,-0.24138884,-0.84660715,0.048668124,0.54641736,0.091122195,0.8732454,-1.1300163,-0.14239031,-0.33250284,-0.04429328,0.7772727,0.8165195,-0.21804951,0.37986308,0.40653846,0.28213543,0.5133736,-0.18984066,0.2240939,-0.57635516,0.3502271,-0.2587528
Caipira,0.3686746,-0.5490492,-0.27295512,0.18088228,-0.088552885,-0.15217264,-0.41265786,-0.035078965,-0.7202054,0.24367937,0.4246744,-0.21306023,0.19411887,-0.36933202,-0.0775853,0.20697764,-0.08781357,0.41657504,-0.36208647,0.2091002,0.45263278,0.5151427,-0.34344915,-0.5263572,0.9688048,-0.10805994,-0.40574068,0.7445996,-0.04589601,-0.10036426,0.37562174,0.4121227
Rune_Singing,0.46224007,-0.51984483,-0.7421461,0.03941495,-0.43342268,-0.4548684,-0.01600615,0.05128335,-0.57713103,-0.04302528,0.5558339,-0.4412721,-0.120413974,-0.4125718,-0.033128258,0.16018105,-0.06574654,0.284201,-0.15561661,0.3436929,0.5036714,-0.01238983,-0.13998951,-0.024734918,0.33811122,0.36042356,-0.28180087,-0.0077710813,0.24684677,-0.5687508,-0.11467788,-0.25457236
Disco_Polo,-0.7654905,-0.30325234,0.024303883,0.40465352,0.5827687,-0.2478809,0.20203148,-0.5154638,-0.24059848,-0.039165594,0.42258283,-0.5806122,0.36538294,0.05292062,-0.35438964,0.2758392,0.13522854,0.081398785,-0.47910705,0.31127787,0.24865864,0.29490086,0.4685211,-0.21506314,-0.2001032,-0.099739306,-0.2071127,0.19366357,-0.07602772,0.16153443,0.16387418,-0.09533511
Desert_Blues,0.381024,-0.51002043,-0.256491,-0.18276852,-0.30812714,-0.100622185,-0.20088212,-0.41206688,-0.7129065,0.16457404,-0.078775644,-0.43178183,-0.2900748,-0.6655944,0.2944482,0.110321954,0.021964334,0.45783085,-0.30813944,0.33947572,0.31022623,-0.06595052,0.085512355,-0.5469631,0.63416886,0.48763525,-0.4353456,0.24995399,0.31151724,-0.43591347,0.18711291,0.20001121
Synthpunk,0.22491276,-0.1527857,0.36942267,0.41144723,0.15953255,0.22826585,0.43191656,0.29224437,0.20451601,-0.26572433,0.37462398,-0.23921251,-0.26398778,-0.052752446,-0.31300125,0.00751056,0.06247354,-0.4727223,-0.54037184,0.31952947,0.28467983,0.14216274,0.74128383,-0.4698883,-0.080368966,-0.096758865,-0.23605555,0.103495665,-0.3732288,-0.35824192,0.15483874,-0.07173014
Zemer_Ivri,0.2525644,-0.46714452,-0.58003384,0.15261047,-0.33906072,-0.3210347,-0.23194152,-0.03646812,-0.9703861,0.017293267,0.4255074,-0.121130235,-0.035116974,-0.61069936,0.031431545,0.26559177,0.049037963,0.2429907,-0.19131894,0.45947316,0.60038066,0.02662535,-0.092359066,-0.31266877,0.36563098,0.2961079,-0.19718304,0.3007851,0.30092877,-0.35000595,0.0970819,-0.19894607
Stride,0.46361735,0.09643038,-0.15862772,-0.32560545,0.5931791,0.21402445,-0.12643127,0.010795689,-0.38033217,-0.3485615,-0.30723104,-0.42834675,-0.4152549,0.05106598,0.537332,0.90345013,-0.5063166,0.530112,-0.3047964,0.18739538,0.55151385,-0.0656946,0.7311155,0.10157292,-0.19809991,0.5804241,0.3342239,0.12473914,0.16133754,0.033077355,0.12917347,-0.30500278
Marimba,-0.014440392,-0.27619264,-0.5278997,0.28830498,0.095267914,-0.12487531,-0.09448474,-0.08272907,-0.7040449,-0.2681751,0.41517895,-0.12338571,-0.43831813,-0.0829028,0.62492275,0.38976526,-0.2643405,0.3661999,-0.025840208,-0.2631664,0.5739349,0.38921887,0.449103,-0.282991,0.07813933,0.07086963,-0.24960664,0.22512738,-0.11686714,0.2431985,0.25174248,0.2621856
Luk_Krung,0.178258,-0.6447142,-0.56778353,0.26447856,-0.68897057,-0.30294412,-0.102192484,-0.24175152,-0.81511813,-0.24195392,0.30085194,-0.32812253,-0.13943455,-0.5000196,-0.020301748,-0.02795914,-0.109742366,0.372506,-0.025802068,0.4264241,0.3374732,0.012694354,-0.49198762,-0.41301772,0.46718752,0.43997636,-0.35833988,0.48621133,0.011294508,-0.3683891,0.16919832,-0.2194361
Kizomba,0.20514943,-0.5650143,-0.60270643,0.053830434,-0.39386213,-0.3357559,-0.16013625,-0.17711522,-0.9298026,-0.038072426,0.38869315,-0.5315634,-0.26479292,-0.5447963,0.23646021,-0.10508486,-0.032220475,0.22702806,-0.28548962,0.22238334,0.254577,0.040244397,-0.12557495,-0.3579118,0.4514656,0.330008,-0.15502855,0.16847716,0.13237537,-0.33951178,0.28770503,-0.20367219
Reggae_Gospel,0.029603777,-0.6473891,-0.085933685,0.3295941,-0.46137443,-0.033651236,-0.3681105,-0.6626255,-0.13602747,-0.121200375,0.06474499,-0.42773888,-0.0057276464,-0.3566031,-0.15461591,0.24014147,-0.30054417,0.58243215,0.14900658,0.3414614,0.17925066,0.32897082,-0.034788378,-0.6564849,0.4038361,0.1861755,-0.116800815,0.10045871,-0.3384093,0.0048343074,-0.04150841,-0.11827162
Drill,-0.14231424,0.8470601,0.25012067,0.8039147,-0.014615114,-0.36009413,-0.045977365,-0.5496787,-0.31173077,-0.9307907,0.30609253,-0.31847122,-0.04217842,-0.23126055,-0.019717943,0.15582678,-0.63317305,-0.115387514,0.031419717,-0.3845011,-0.21853735,0.07259287,0.29752517,-0.77650756,-0.62077266,-0.08145584,-0.17935574,0.1990932,-0.08007629,-0.82212645,0.7059425,-0.8553813
Nhạc_Vàng,0.10588796,-0.5904126,-0.5038483,0.09266315,-0.0023732628,-0.104121685,-0.06266557,-0.29120323,-0.57584083,0.120289,0.2895538,-0.2736393,-0.092155814,-0.4180975,0.07346845,0.06007985,0.12856987,0.3206126,-0.14345422,0.29364023,0.2622374,0.25720593,0.22839217,-0.13652597,0.5284568,0.2134568,-0.25144342,0.44194978,0.1891647,-0.23404504,0.122072704,-0.27324277
Mo_Lam,0.0905441,-0.8901731,-0.66744626,0.35680047,-0.52496064,-0.1326327,-0.15780555,-0.062342558,-0.84253865,0.0015044925,0.35820496,-0.29957324,0.16353393,-0.48514548,0.04839606,-0.120111205,0.106693976,0.03665349,-0.22194481,0.7755047,0.6543434,0.23962869,-0.5079435,-0.54166466,0.41276383,0.5704514,-0.105142474,0.36012807,0.33757922,-0.4926991,0.19703437,0.1936865
Mento,0.36162344,-0.7200286,-0.24844407,0.3955686,-0.62892616,-0.041352656,-0.72433186,-0.6805522,-0.55501074,-0.22829603,-0.3203105,-0.31396493,-0.13495657,-0.5845033,0.20109361,0.81334054,-0.55481315,0.6114843,0.013705713,0.3864552,0.19095947,-0.11945725,0.06159541,-0.48198423,0.39110452,0.49963737,-0.39584675,0.36532953,-0.4128029,0.42809728,0.113896415,-0.14696024
Bengali_Music,-0.11457171,-0.47487313,-0.5427629,0.19005443,-0.21632414,-0.3664179,0.41294825,0.15687183,-0.8407285,-0.08764953,0.46480602,-0.4673046,-0.0481156,-0.32393047,-0.07416575,0.08435218,-0.22421189,0.25212693,-0.2962327,0.01348596,0.43819064,0.2504809,-0.341609,0.07446948,0.48230588,0.41309673,0.003085414,0.47850722,0.43018687,-0.1376344,0.10650074,0.03099337
Medical,0.05725296,-0.6188501,-0.16361602,0.1835497,0.09722907,0.17156042,-0.2315028,0.1894357,-0.36921224,-0.1780041,0.01812055,-0.6055965,0.56715137,0.35512492,0.05185505,0.17682526,-0.4987101,0.34675598,-0.19991124,0.15149654,0.98929137,0.38838145,0.92690015,0.35934904,-0.07907461,0.14709829,-0.07064167,-0.6245902,-0.084527336,-0.5207534,-0.70065236,-0.5819933
Gwo_Ka,0.2887733,-0.74598134,-0.8428653,-0.1546899,-0.36484757,-0.32589388,-0.08774422,-0.034060217,-0.86721915,-0.14576226,0.5109897,-0.40744182,-0.3289297,-0.59848267,0.2726088,0.13601151,-0.0059950715,-0.083394445,-0.21102034,0.13567846,0.5900689,0.09158475,-0.19648546,-0.27200246,0.31738436,0.40198985,-0.31347093,0.021532279,0.2546477,-0.48513022,0.06745439,-0.17106307
Kaseko,0.20293057,-0.5883066,-0.5338629,0.0895264,-0.63202274,-0.255609,-0.43107483,-0.26060754,-0.845306,-0.29358357,0.14599629,-0.5648236,0.005043579,-0.48252892,0.2344135,0.15655828,-0.17667456,0.31697693,0.2801371,0.18028507,0.2821106,0.42904273,-0.14915659,-0.3739034,0.33490804,0.25631797,-0.3088264,-0.057401128,0.05896463,-0.28193,0.04838605,-0.07481619
Mouth_Music,0.20873085,-0.41637927,-0.7228601,0.30142924,-0.47533312,-0.30071375,0.20561661,0.19863869,-0.8139302,0.11737446,0.42702004,-0.4575936,-0.22119609,-0.19783881,0.02450537,-0.30531728,-0.11107111,0.35342637,-0.41039106,0.30902615,0.61381996,-0.081063606,-0.055317253,-0.1660975,0.5100594,0.31036603,-0.26241305,0.25205746,0.22782189,-0.57595104,0.010928536,0.14576194
Dangdut,0.05287412,-0.4773638,-0.49036467,0.004009935,-0.20278582,-0.21702196,-0.15501446,-0.33074087,-0.8664372,-0.030165209,0.3244148,-0.3340044,-0.12676105,-0.48916578,-0.063923724,0.065380454,0.18150376,0.15044758,-0.2554892,0.18745118,0.42303213,0.21512377,-0.31289795,-0.25282526,0.37581554,0.42294714,-0.09509237,0.37861028,0.15884687,-0.45877364,0.27991033,-0.32471615
Bouncy_Techno,-0.66949135,-0.3842522,0.60819036,0.34239176,-0.09475699,-0.34074536,0.35146332,-0.01711644,0.0638802,-0.23446888,0.12233058,-0.529946,-0.24644789,0.06856538,0.06613074,0.27656177,0.13769537,-0.48368192,-0.6991963,0.08542849,-0.14358495,0.5431275,0.39903027,-0.2689854,-0.06190455,0.053177424,-0.46151632,0.45962197,0.02654314,0.022467377,-0.08116801,-0.1338442
Lao_Music,0.19931056,-0.6416622,-0.5969491,0.16760255,-0.4948009,-0.2225987,-0.15725224,-0.07835577,-0.76576537,0.06349493,0.35217032,-0.3568568,-0.059118696,-0.35600448,0.17165132,0.0061312793,-0.19868213,0.49459255,-0.24527125,0.5776459,0.65174836,-0.15854964,-0.076528125,-0.14073676,0.27954137,0.5495406,-0.29493126,0.32100314,0.07436592,-0.46460336,-0.17149751,-0.043104228
Future_House,-0.522391,-0.28451037,0.081916906,0.4232064,0.38596594,-0.13056263,0.6510327,-0.13849819,0.11339843,-0.542998,0.4593301,-0.77160573,-0.005011085,-0.3213177,-0.03336513,0.100505784,-0.3680746,0.15296149,-0.19299096,0.24507059,-0.14778784,0.37696132,-0.14171334,-0.27653825,-0.087252736,0.064659745,0.008261567,0.2980176,0.25579113,0.14127803,0.29229018,-0.22325146
Beatbox,-0.2702233,0.14875747,0.19588591,0.28291515,0.166766,-0.57679844,0.15083387,-0.2224534,-0.34938124,-0.80303293,0.30987343,-0.59059787,-0.2892938,0.05269283,-0.017317144,-0.09067319,-0.70380104,0.05696351,-0.055465154,-0.100886285,0.018374955,-0.008452363,0.27689114,0.0393759,-0.45352826,-0.10782811,0.09796326,0.38662854,-0.27045745,-0.2622358,0.21776192,-0.5136025
Cape_Jazz,0.6871277,-0.21941406,-0.3442943,-0.44266787,-0.23287673,0.09940811,-0.123773314,-0.3324079,-0.4323678,-0.33670706,-0.026915675,-0.5621142,-0.68316287,-0.32113293,0.32433513,0.35526288,0.22787406,0.03176419,0.03314276,0.32003585,0.45805034,-0.014118646,0.4724971,-0.36791012,0.21074688,0.5844539,0.023718596,-0.35341665,-0.17831028,-0.2613,0.12680015,-0.13303207
Thai_Classical,0.36737773,-0.47965252,-0.58181316,-0.12583698,-0.22435306,-0.05361899,-0.10543084,-0.011466461,-0.92432404,0.085415654,0.22987261,-0.29708195,-0.35561654,-0.41552392,0.29340142,-0.019163422,0.16361219,0.23378097,-0.3094316,0.1741229,0.7475243,0.1267617,0.036387917,-0.46354932,0.47860235,0.48608184,-0.2583264,0.1830257,0.058411825,-0.47726473,0.062403787,-0.026445884
Serial,0.4143475,-0.123041,0.06521547,-0.13959745,-0.13872348,-0.38083103,0.2867985,0.018652368,0.17923646,0.15885471,0.13120808,-0.6035627,-0.2022759,0.24275714,-0.29676762,0.39095622,-0.7117884,0.04041771,-0.4377526,0.29456115,0.5652169,0.37295786,-0.006412307,0.30658892,0.24978381,0.31347078,0.5760949,-0.36684024,-0.06155211,-0.46898985,0.1014084,-0.18615606
Ballroom,-0.6079464,-0.15966175,0.2844917,0.7630015,0.51471144,-0.042848073,0.3896241,-0.047628712,-0.0034141687,-0.46458843,0.168371,-0.68129414,-0.03542179,-0.46390915,0.07861664,-0.09449129,-0.2612066,0.26445708,0.27993676,0.28645897,0.17300877,0.38224557,0.38213512,-0.42645553,-0.081872225,-0.021149974,-0.11571877,-0.014466674,-0.17270894,0.3088004,0.13203862,-0.17571016
Keroncong,0.33733886,-0.5894661,-0.5291019,0.13884869,-0.6395273,-0.39635545,-0.2310759,-0.10223818,-0.72599506,0.119787514,0.424425,-0.41948837,-0.05192119,-0.3903462,0.05441027,0.08731565,0.0812896,0.18838456,-0.4676234,0.34353507,0.5200347,0.18487883,-0.27106166,-0.26736832,0.43345168,0.33011872,-0.123994604,0.18117477,0.255786,-0.44608998,-0.005607702,-0.26064175
Korean_Court_Music,0.446756,-0.6788699,-0.6582241,0.0992605,-0.24528226,-0.39350122,-0.3861217,0.08686749,-0.6613293,0.2034695,0.40201646,-0.2740055,-0.15648392,-0.1577342,0.18776576,-0.014843529,-0.2615902,0.50962573,-0.42910022,0.564025,0.5889763,0.105974995,-0.1872868,-0.23856403,0.53013754,0.35769793,-0.42016932,0.032905202,0.10090485,-0.7325444,-0.028605228,-0.041492674
Hyper_Techno,-0.5661995,-0.3261286,0.109729856,0.30482355,0.41359174,-0.3990104,0.4026062,-0.44080874,0.080804676,-0.14119092,0.581206,-0.8769535,-0.22095807,0.01212797,-0.20436038,0.14887495,0.0812108,-0.29326993,-0.37382665,0.1821237,-0.09773924,0.5241234,0.13396469,-0.25867566,-0.11358281,-0.16811952,-0.034645677,-0.022918187,-0.15047842,0.061525553,0.1254384,-0.19073781
Vocaloid,0.046278734,-0.02125785,0.57596797,0.24374796,0.192822,-0.047732502,0.59398025,0.045903735,0.07231902,-0.5725072,0.4986625,-0.2142345,-0.040807374,-0.19625387,0.1507531,0.15505433,-0.16276568,-0.41932794,-0.18687752,0.30694413,0.14413609,0.32055593,-0.19920388,-0.07134293,0.053102747,0.19812801,-0.12799147,0.2896935,0.041097227,-0.31255007,0.49794146,-0.20730878
Carimbó,0.4924329,-0.35273808,-0.5604703,0.50139844,-0.28412104,-0.21037818,-0.33356208,-0.11433917,-1.0464752,-0.19104575,0.16179642,-0.09148021,-0.16389017,-0.63960814,0.18354413,0.49824685,-0.26130435,0.3437041,0.38561654,-0.005026646,0.48293588,0.5254679,0.24012482,-0.53597444,0.19910666,0.1409361,-0.39302915,0.62129015,-0.779853,0.5121947,0.5008906,0.57773966
Nintendocore,-0.12831374,-0.2579898,0.60257787,0.2982712,-0.07690352,0.019469218,0.34662008,0.20354125,-0.0993284,-0.268064,0.17127544,-0.23510143,-0.23029773,0.017534804,-0.26257908,-0.010534539,0.144852,-0.48226565,-0.6346888,0.20188229,-0.00065512396,0.2502553,0.64370286,-0.4474601,0.035719465,0.088278584,-0.6777215,0.4466117,-0.09262165,-0.33156887,0.16508092,-0.21157719
Occult,0.49129194,0.12016401,-0.26636794,0.26665372,-0.16447848,-0.3756698,0.32688117,-0.1125332,-0.2122626,-0.07219685,0.054179534,-0.41415858,0.22364229,0.22649218,-0.30652255,0.045324553,-0.3881624,0.14752132,-0.106731676,0.015117755,0.44793853,0.37856567,0.2183636,0.14133854,0.06731567,0.050143573,-0.20006312,-0.15294674,-0.15162791,-0.6110961,-0.13204224,-0.23613474
Salegy,0.12673604,-0.63780844,-0.71411705,0.031305335,-0.35066178,-0.20679688,-0.2310766,-0.33939165,-0.6822014,-0.024761962,0.33526993,-0.35166603,-0.3495903,-0.37963486,0.07917114,0.11922065,-0.14624433,0.29394162,-0.0033173552,0.33369216,0.53180933,0.2582222,-0.22952639,-0.1292214,0.45361125,0.37322712,0.054793168,0.13527846,0.26837006,-0.42669737,0.21250361,-0.14858899
Waiata,0.17992596,-0.72582483,-0.64095074,-0.0554868,-0.7073498,-0.54415643,-0.26937506,-0.053140495,-0.7519596,-0.028323062,0.33060348,-0.3515478,-0.15874796,-0.6999053,0.4409126,0.10594164,-0.05706802,0.42080316,-0.3287787,0.3154159,0.47847754,-0.04060958,-0.24097718,-0.3949608,0.32192576,0.45443076,-0.32663912,0.35434666,0.09442832,-0.52689165,0.06237631,-0.21188368
Barbershop,0.22853921,-0.06051769,0.1540778,-0.21794465,0.19898167,-0.2751422,0.17563827,-0.16759875,-0.15309165,-0.033090405,-0.23228106,-0.36133662,0.015010575,-0.2929434,-0.058327705,0.44349948,-0.21101181,0.41173562,-0.100241154,0.5620119,0.08726947,0.07175165,0.40294302,0.12234303,0.010797554,0.18085048,-0.14888826,0.24012446,0.13116162,-0.20007932,0.25895703,-0.23410842
Hyphy,-0.10996569,0.27875817,0.21733952,0.40618455,0.12336437,-0.59788924,0.15546153,-0.49004653,-0.1606898,-0.961165,0.15460253,-0.9040695,-0.26700184,-0.23773152,-0.16114779,-0.36244768,-0.5555932,0.15072663,0.24407056,-0.13272658,-0.32432517,0.11466866,0.29171488,-0.5196911,-0.511094,-0.00062995264,0.030910281,0.18282518,-0.09643354,-0.63009,0.3972931,-0.64355373
Tamil_Film_Music,0.24927856,-0.61517406,-0.617742,0.11088203,-0.7269441,-0.18864001,-0.10916479,-0.31932154,-0.9004448,-0.13083957,0.35540313,-0.5194287,-0.1154759,-0.35903707,0.0011370376,0.09829594,-0.030431544,0.23353496,-0.04536914,0.0739,0.52437186,0.122903466,-0.36207303,-0.2995742,0.433676,0.40377593,-0.088903666,0.24504437,0.16146506,-0.468015,0.0050971527,-0.10603766
Cobla,0.45810184,-0.5033479,-0.61010766,0.119004354,-0.35629958,-0.37017706,-0.17490618,0.12184305,-0.7395647,0.07508883,0.45423844,-0.4575287,-0.18584715,-0.16007237,0.37180713,-0.12140546,-0.055229787,0.31326,-0.26357344,0.17127612,0.5526543,0.06967286,-0.044075545,-0.19295035,0.5958998,0.16804652,-0.42260376,0.14577852,-0.1341496,-0.6203604,-0.037240006,-0.21391751
Champeta,0.19823585,-0.2659125,-0.6310418,0.47785702,-0.2759149,-0.08239989,0.12638727,-0.25535333,-0.9363157,-0.53553396,-0.117420726,-0.117324874,-0.11291314,-0.5962295,0.3843704,0.37301165,0.19507855,0.06937107,0.3112104,0.0032686675,0.42015627,0.59511244,0.33809584,-0.5772116,0.48241973,0.1476016,-0.34033167,0.3894376,-0.03248804,0.44607702,0.4585266,0.1825301
Public_Service_Announcement,0.31383967,-0.40864807,-0.05250007,0.26791683,-0.09109212,0.099221945,-0.03697548,0.13868873,-0.19694667,0.033656016,0.09038602,-0.6234626,0.39530495,0.1691526,0.18733883,0.01096614,-0.4507902,0.06597949,-0.18262534,0.11491127,0.587297,0.4231008,0.64039755,0.3313611,-0.037726063,0.027564177,-0.082523465,-0.43255818,-0.14467384,-0.5588156,-0.25214407,-0.35407218
Anarcho-Punk,0.02535683,-0.21959789,0.68067485,0.35757795,-0.011938764,0.09055903,0.032421086,0.17387056,0.08584481,0.14065687,0.09949658,-0.13481799,-0.022503607,-0.09588055,-0.2079483,0.22243467,-0.045221873,0.12706637,-0.5028919,0.29825047,0.2240549,0.037781205,0.618371,-0.47795963,0.32876852,-0.023468867,-0.45650932,0.41590372,0.016894551,-0.55691516,0.10175391,-0.18047228
Skweee,-0.1773012,-0.23127654,0.2772545,0.42953482,0.0007127493,0.22880155,0.591419,-0.19119968,-0.11954108,-0.63969827,0.14701281,-0.65963864,-0.070186764,-0.17723273,-0.023343092,-0.06928924,-0.25308913,0.0026085284,-0.21369281,0.17491524,-0.03740805,0.14782187,0.29272783,-0.06252017,-0.335888,0.31490803,-0.25239098,0.39201254,-0.24246247,-0.035729606,-0.027574431,-0.06435724
Bangladeshi_Classical,0.18919344,-0.7697001,-0.70997643,0.12356759,-0.6564995,-0.22079231,0.25509503,-0.04066638,-0.764225,0.049508266,0.55981815,-0.54730403,-0.19972767,-0.49697813,0.1131241,0.012288948,0.028604204,0.12885872,-0.5458379,0.27414757,0.45492998,0.11985286,-0.36697564,0.06293957,0.5313442,0.5238396,-0.10620291,0.41582406,0.21016008,-0.3106878,0.09138023,-0.3282755
Midwest_Emo,-0.012477864,-0.17270139,0.9056509,0.28377092,-0.0014275045,-0.08100437,0.2847057,0.27277032,-0.096789055,-0.15843876,-0.2850746,-0.15556748,-0.25856572,-0.05098577,-0.24464223,-0.06565955,0.20782475,-0.14735393,-0.90533394,0.2778265,0.32377842,0.35504615,0.7031129,-0.607127,-0.032521207,0.08052885,-0.7069764,0.07848293,-0.17684253,-0.5769266,-0.23000447,-0.3916271
Classical_Guitar,0.35153285,-0.37205866,-0.15243609,-0.13697816,-0.38114035,-0.39577135,0.08758445,-0.25637802,-0.0022024056,0.17179497,0.0062895473,-0.81189287,-0.03889029,0.30310917,-0.204785,0.6637635,-1.0706782,-0.16651478,-0.36387262,-0.018159734,0.70038784,0.79270697,-0.25314856,0.28068924,0.53015643,0.14994147,0.5456181,-0.18707375,0.20931186,-0.5474293,0.50801224,0.09266157
Future_Pop,0.0640849,-0.30008602,0.25514644,0.40899804,0.737203,0.05844533,0.4368158,-0.033480123,0.28031898,-0.44594675,0.59045666,-0.38591537,-0.061827004,0.0068205586,-0.23667216,0.2932541,-0.21594423,0.07481392,0.07699889,0.23601589,0.15632153,-0.013231708,0.51330763,-0.14643668,0.12421839,-0.0031292187,0.055662133,0.3968473,-0.1119837,-0.041522954,0.3077496,0.0142114675
Euro_Trance,-0.8560984,-0.4180412,0.020501787,0.22098327,0.46931887,-0.2885339,0.1995038,-0.6672043,-0.111770175,-0.16458476,0.4616307,-0.468466,0.23771091,-0.31439063,-0.08019736,0.5535135,-0.01168633,0.12740771,-0.3136165,0.29156995,0.10924875,0.35775518,0.3453789,-0.093337685,-0.21909265,0.06615726,-0.022487612,0.46962422,0.05075799,0.39389876,0.24886392,-0.48826408
Candombe,0.52923393,-0.13410471,-0.0046702283,0.058208082,0.01847993,-0.30616656,-0.3481937,0.08969159,-0.6623672,-0.24929246,0.02312336,-0.09536653,-0.134225,-0.27464518,0.34594855,0.33896223,-0.14066401,0.30088004,0.036880672,-0.040663622,0.30247128,0.2898607,0.27522388,-0.4100531,-0.022637386,0.11885918,-0.29246566,0.36990994,-0.4287508,-0.17046604,0.29302254,0.19291835
Piobaireachd,0.25288323,-0.543606,-0.5398788,0.3305216,-0.4165071,-0.34620115,-0.006848044,0.046573546,-0.9641758,0.020521576,0.5110671,-0.14370295,-0.30610245,-0.110204056,-0.03566595,0.103181876,-0.33208668,0.25143278,-0.19610393,0.26879025,0.5836416,-0.3604447,-0.048567496,-0.020575227,0.37947398,0.3235923,-0.26994464,0.3936829,0.30337927,-0.60338134,0.16891876,-0.31718642
Hard_Beat,-0.27569133,-0.014489418,0.1698582,0.64924026,0.3854891,-0.19037907,0.51475656,-0.021567792,0.10391397,-0.24493167,0.27614912,-0.9061723,-0.118594944,-0.20679876,0.14564371,0.11541197,-0.027576678,-0.15662916,0.032806814,0.25325862,0.073323935,0.20142125,0.3139563,-0.0547289,-0.11105217,0.018852387,-0.001075509,0.40797657,-0.12632519,0.09674627,0.15123358,0.2986666
Progressive_Bluegrass,0.21080633,-0.0675836,0.003974956,0.07694958,-0.13631679,-0.3361554,0.20308611,-0.021815035,-0.21248157,0.034692433,0.020418415,-0.40736505,-0.12013529,0.03210669,0.051101487,0.11617675,-0.13173202,0.59263575,-0.42729482,0.34901348,0.17071365,0.0723254,0.4947032,-0.046316866,0.21336338,-0.11986183,-0.3696748,0.13162163,0.0756106,-0.3403638,0.077171616,-0.11378487
Britcore,-0.24726872,-0.023592284,0.14564633,0.2527579,-0.086283594,-0.6131756,0.040731106,-0.43996492,-0.14602445,-0.8747852,0.13150272,-0.7440006,-0.21365766,-0.07896533,-0.053518824,0.11217941,-0.5174173,-0.14871511,-0.24535018,0.18263222,-0.27385354,0.07029303,0.31572115,-0.39298806,-0.60591304,-0.11098875,0.037254963,0.08673659,0.07345125,-0.0637706,-0.009962323,-0.7563287
Baltimore_Club,-0.11485514,-0.18741953,0.27098387,0.32188267,0.37429035,-0.013052718,0.5966424,-0.14696157,-0.16122141,-0.84565014,0.34446067,-0.6279208,-0.10193458,-0.13608944,0.10647643,-0.041841708,-0.15980959,0.040597983,-0.14589153,0.19268195,-0.2523134,0.3245329,0.22755131,-0.15381728,-0.19631727,0.090714075,0.042315632,0.49972293,-0.082930006,0.033752993,0.10397485,0.05720054
Lowercase,-0.09793606,-0.008415239,-0.05312717,0.3713291,0.20111556,-0.034199648,0.79920137,-0.014444303,-0.046332162,-0.41784668,0.16750208,-0.5200406,-0.11179446,0.05358411,-0.4314199,-0.24752189,-0.43526363,0.122023314,-0.009656102,0.05033145,0.56743056,0.096836805,0.36536092,-0.22918577,-0.094294265,0.36085743,-0.08745476,0.009411588,-0.35318723,-0.3450602,-0.22574325,0.16105548
Marcha_Carnavalesca,0.39263707,-0.55001765,-0.36079144,-0.027390327,0.21757777,-0.23065758,-0.45223832,0.109269775,-0.7674592,0.15271056,0.28569347,-0.16041078,0.020436106,-0.39397067,0.25449413,0.71586525,-0.44538748,0.6656379,0.27078354,0.029063962,0.41455477,0.563474,0.22805408,-0.048760857,0.15873782,0.038211595,-0.12067075,0.5021259,-0.46764573,0.16667522,0.6146672,0.32860366
Ryūkōka,0.07802442,-0.48614773,-0.24726625,-0.23599136,0.18156147,-0.048647095,-0.1134625,0.15532097,0.024663126,-0.1905852,0.44355392,-0.32655787,0.062949665,-0.2620527,-0.10445468,0.44374233,-0.07189131,0.07803263,-0.106954046,0.7449427,0.038646206,0.43653396,0.15626663,0.1354439,-0.33949727,0.19865744,-0.18000314,0.16479689,0.0829264,-0.24125703,0.7241078,-0.3455429
Taarab,0.14376028,-0.79960865,-0.71440154,-0.029192768,-0.38117912,-0.31525776,-0.35246912,-0.22155127,-0.96412474,0.1388963,0.49468026,-0.31063363,-0.37828022,-0.37768206,0.15346086,-0.09278818,0.13361713,0.34958634,-0.18447118,0.29367542,0.56954676,0.17247148,-0.016360579,-0.4999137,0.68421245,0.29816273,-0.2623482,0.22471467,0.17830758,-0.6777285,0.18837157,-0.093316
Seresta,0.4240281,-0.425552,-0.071551554,0.06766476,0.3090701,-0.4177927,-0.5911606,0.12540649,-0.9636341,-0.053728096,0.34036362,-0.29144698,-0.27092347,-0.71189916,0.20580882,0.5547604,-0.41879746,0.2702564,0.33970457,-0.12446926,0.22968856,0.39369097,0.15531415,-0.3297611,-0.35415244,-0.06319888,-0.13730274,0.27623093,-0.6234663,0.08734097,0.5523107,0.28685647
Shibuya-Kei,-0.20693377,-0.09240298,0.27727914,0.2992809,0.2998858,-0.14238225,0.2801627,0.04543642,-0.033666354,-0.32125425,-0.055342186,-0.10883122,-0.11076583,-0.4046871,-0.2575086,0.08311199,0.112162426,0.20407891,-0.035825852,0.303215,0.22434478,0.22235945,0.43485156,-0.5513467,0.041481458,0.11736557,-0.38349727,0.34838715,-0.1669995,-0.2672528,0.2201913,-0.18028277
Microhouse,-0.44017205,-0.48740187,-0.0105999885,0.5822568,0.41283017,-0.08684636,0.65824294,-0.096124984,0.07209256,-0.07074793,0.17274782,-0.5693523,-0.22240788,-0.28891036,-0.0727287,-0.04545183,-0.41333184,-0.15087552,0.034618113,0.30115846,0.2871687,0.30301356,0.2743771,-0.124164626,0.24933122,0.022003334,0.14355844,0.21586403,-0.21951972,0.42066783,0.21795152,-0.06018256
Sport,0.022348482,-0.0587234,-0.2453998,0.4259005,-0.082639605,0.06459786,0.016559636,0.079225376,-0.21100378,-0.06545762,0.2922745,-0.7723104,0.4312183,0.3295125,0.21251504,-0.079769105,-0.40979856,-0.02591288,-0.30760384,0.20741409,0.6165482,0.47171906,0.6686967,0.27297074,-0.36576074,0.2848654,0.021488292,-0.4668078,-0.0074081696,-0.5482407,-0.40649426,-0.35394776
Lento_Violento,-0.9854408,-0.35828838,-0.032918513,0.18345961,0.9508892,-0.63410133,0.31249487,-0.30535886,-0.025914397,0.032517765,0.32454067,-0.87518936,0.15535007,-0.07329751,-0.23136209,0.24648932,0.19712125,-0.07057278,-0.39740643,0.22736387,0.01962581,0.5928626,0.48431507,-0.22483373,-0.13644698,-0.23821044,-0.12649687,0.33172607,0.007028495,0.062035892,0.12011014,-0.15181212
Għana,0.16709788,-0.68878543,-0.8079693,0.025872415,-0.6453749,-0.2948082,-0.14327402,-0.16711946,-0.96093214,-0.067915045,0.34591922,-0.3491943,-0.2491371,-0.45368445,0.34745002,0.023250967,-0.1215314,0.21644485,-0.23393077,0.1036525,0.59350204,0.12045967,-0.18782906,-0.4200265,0.6251762,0.47844797,-0.07415205,0.36366016,0.15378259,-0.1570701,0.3650465,-0.02784812
Manila_Sound,0.15705116,-0.05110092,0.26058558,-0.121841036,0.26695052,0.010796055,0.054809704,-0.066763565,-0.24503899,0.10567811,-0.2278841,-0.3781862,0.08688701,-0.17817776,0.17090036,0.29963484,0.026456308,0.251491,-0.17761654,0.37450108,0.0663282,0.58264726,0.43374035,-0.0502006,-0.007399739,0.18962975,-0.24866939,0.2200795,-0.0139304325,-0.24819465,0.17644031,0.0032778229
Break-In,0.16505915,-0.16989373,0.099255316,-0.10429135,0.4761257,0.17036697,-0.35358092,-0.32324576,-0.5473873,-0.14481254,-0.25853902,-0.4870332,0.4138977,-0.06320263,0.232415,0.24754056,-0.058293667,0.54405195,0.007150343,0.563167,0.34140292,0.39840636,0.5158192,0.29800168,-0.023105802,0.1370155,-0.058752906,0.28212908,-0.041707285,-0.44864696,0.13752417,-0.4352825
Minimalism,0.17961046,0.021017848,0.16923246,0.09041073,-0.1735363,-0.26468495,0.6156291,0.04750324,0.27698857,-0.1093852,0.08011126,-0.57174706,-0.3203927,0.28420338,-0.3776887,0.25595307,-0.64609534,-0.2733952,-0.10345607,-0.14395927,0.772421,0.36775625,-0.09225279,-0.025715949,0.34276256,0.16122113,0.3102422,-0.25160614,-0.009637327,-0.28946513,0.32422328,0.16851941
Brutal_Death_Metal,0.24497232,0.4674989,0.8222746,0.83349955,-0.35012525,0.16484047,0.32220924,0.04701172,0.049919263,0.0115265995,0.19646469,-0.3203385,-0.34894198,-0.12387218,0.0126167685,0.24896717,-0.0063458392,-0.5496017,-0.9077855,0.34531406,0.22033262,0.33747098,0.7347416,-0.029815594,-0.29270336,0.02714817,-0.2664618,-0.060227275,-0.38696232,-0.3583827,0.093378626,0.065949425
Filk,0.32963312,-0.48748538,-0.71901464,0.1563132,-0.24705696,-0.21526104,-0.13543151,-0.1322642,-0.99815893,0.059068147,0.29927832,-0.34066343,-0.02455417,-0.28442186,0.12276271,-0.059098598,0.013808835,0.13688082,-0.29623523,0.2513564,0.5899335,0.2456249,-0.01603766,-0.19543031,0.39001167,0.3506741,-0.2598739,0.113981135,0.2088477,-0.33121395,-2.4778768e-05,-0.19336274
Incidental_Music,0.41467237,-0.22819163,-0.165322,-0.050158493,-0.3399113,-0.4476649,0.18308508,-0.30908647,0.08939457,0.02886626,-0.2167499,-0.8432651,-0.24831457,0.41622093,-0.1886398,0.96984625,-1.2029468,-0.24649836,-0.3382713,0.054801993,0.8006805,0.77647036,-0.32648262,0.33262068,0.49937817,0.2833614,0.7453791,-0.19104575,0.27578178,-0.471813,0.6972803,-0.020869639
Bambuco,0.47159177,-0.04640053,-0.70248604,0.30430242,-0.068741255,-0.38441053,-0.22219121,-0.10285769,-0.8440378,-0.27637044,-0.099013835,0.06348402,-0.12902756,-0.08829563,0.5532714,0.80148166,-0.13008912,0.2715305,0.029883102,-0.20874563,0.54354644,0.68647337,0.2211479,-0.4029319,0.46522534,0.11060418,-0.31489775,0.2844112,-0.03574358,0.1567555,0.61721575,0.10254587
Funkot,-0.4414095,-0.17559183,0.53477067,0.49013177,-0.0036681397,-0.42134428,0.44507182,0.02012511,0.04555387,-0.5818071,0.26955545,-0.6355214,-0.31094062,0.10237449,0.16714942,0.090380564,-0.06544074,-0.53760046,-0.5123159,-0.19999143,-0.28365964,0.64258003,0.30410728,-0.043787107,-0.107832484,-0.03206304,-0.21585937,0.609096,0.060864415,0.01955452,0.13402396,-0.25522873
Yemenite_Jewish,0.25112396,-0.6316437,-0.32663527,-0.029064825,-0.22056438,-0.40980852,-0.1788153,0.044362497,-0.6384762,0.12049661,0.29311764,-0.276997,0.0062577734,-0.10918728,0.04953812,0.046320107,-0.1393097,0.25809586,-0.31587443,0.49132067,0.6824683,0.27432254,-0.3479584,-0.18680054,0.5868366,0.34173054,0.07920709,0.14293239,0.4265162,-0.62811923,0.17169738,0.15630151
Phleng_Phuea_Chiwit,0.44733015,-0.54757893,-0.48224247,-0.05738792,-0.29493725,-0.43902606,-0.33882114,-0.24066526,-0.60982573,0.13016649,0.23511994,-0.37557694,-0.15274031,-0.2664836,0.15371808,0.07437926,0.018566562,0.23749632,-0.27710944,0.46736395,0.27651092,0.17498866,-0.2400653,-0.36444038,0.57503545,0.29313865,-0.2901955,0.06830538,0.16246022,-0.7348076,0.1340219,-0.23561189
Moombahton,-0.3515007,-0.14006923,0.24241267,0.4055002,0.4257886,-0.13521235,0.37678924,-0.24672243,0.023429891,-0.55259025,0.3563508,-0.710789,-0.0065530464,-0.2642229,-0.050717786,0.11560303,0.07676747,-0.15337364,-0.103191175,0.31484708,-0.15188915,0.3835073,0.31504512,-0.23599301,-0.1944586,0.04675073,-0.0071736393,0.3289581,0.04109453,0.098838374,0.20293683,-0.15238419
Cambodian_Classical,0.5292195,-0.25788933,-0.7042179,0.098464996,-0.46297917,-0.30152902,0.034780852,0.04723738,-0.8430211,0.21001802,0.17240724,-0.21206701,-0.070605665,-0.20436719,0.16597728,0.060654994,0.09052465,0.28836852,-0.39545816,0.26308006,0.45013836,0.21675067,-0.060909446,-0.2725022,0.522752,0.28082037,-0.36211365,0.2656086,0.21199317,-0.82930857,0.15809287,0.0054618716
Jug_Band,0.45999956,-0.14098258,0.022224866,-0.3389001,0.4828683,0.25116777,-0.4100346,0.0516124,-0.5863569,-0.047104217,-0.7402293,-0.7615254,0.17181304,0.08709839,0.33268705,0.15307596,-0.45571494,0.91779345,-0.4595682,0.66869235,0.35453326,0.08872506,0.3762319,-0.05611608,-0.18189818,0.43068942,0.08071761,0.32231924,0.14525665,-0.5254707,0.11457958,-0.3982434
Kuduro,-0.28825274,-0.122950874,-0.035580266,0.58942026,0.031757113,-0.13986397,0.34208864,-0.4045518,-0.45600936,-0.59056646,0.38731843,-0.3401602,-0.08270093,-0.4751735,0.20364904,0.034635898,-0.14685531,-0.019027045,0.04692815,0.08111979,0.0508977,0.20902884,0.13510543,-0.36193827,-0.024231447,0.13227811,-0.11212822,0.32590076,0.23109977,-0.010163002,0.2069176,0.028376788
Cuatro,0.47652316,-0.022375772,-0.7760132,0.35680678,-0.08297324,-0.48884642,-0.43902603,-0.095161006,-1.2435074,-0.35737062,-0.044523645,-0.15937659,0.017453754,-0.46144953,0.44640324,0.672433,-0.12315622,0.30564994,0.31927598,-0.04117266,0.39746776,0.63503623,0.19782482,-0.31823927,0.084334806,0.07678182,-0.2790284,0.2958542,-0.33379182,0.14556271,0.8226446,-0.070549116
Cantorial,0.69095784,-0.038412776,0.16668785,0.31403157,-0.3476376,-0.43582153,-0.017787399,-0.16134003,0.060804583,0.605148,-0.08358468,-0.5560285,0.32331574,0.20905833,0.14111286,0.58929336,-0.41577646,0.09118734,-0.40219373,0.48832935,0.07952001,0.7418672,0.039279934,0.45655793,0.4219966,0.16498837,-0.09029722,-0.2776326,0.17012264,-0.7853604,-0.039865274,-0.21570194
Klasik,0.4553535,-0.63470596,-0.6793217,0.077211976,-0.6861642,-0.09702215,-0.3456975,-0.2318904,-1.0283635,-0.07007309,0.19247375,-0.40763882,-0.11997815,-0.40860084,0.33022767,0.008235008,-0.12137184,0.063066624,-0.27399397,0.22059037,0.7850318,0.17025287,-0.23520437,-0.39408824,0.46534967,0.5107801,-0.14791869,0.10216421,0.19456394,-0.45362088,0.070111975,-0.09710266
Comfy_Synth,0.30485478,0.17112955,0.34222397,0.41726345,-0.014140595,-0.054352872,0.8781538,0.030701319,0.29141214,-0.1071759,0.3007636,-0.49782425,0.10594074,0.13196976,-0.62730354,0.173249,-0.37488195,-0.1880065,-0.2148834,0.11835328,0.31442854,0.18893482,0.3145159,0.09220215,0.04151567,0.3216336,-0.19391735,-0.008935207,-0.19646023,-0.39071935,0.01815763,0.018423315
Bitpop,0.29986334,-0.10101254,0.35343572,0.24391909,0.16790353,0.05078913,0.47937548,-0.05319948,0.056520164,-0.43617356,0.16615498,-0.2696041,-0.14407447,0.06735381,-0.31225133,0.05666721,-0.23468427,-0.015310297,-0.13995522,0.16613312,0.19197813,-0.06576762,0.57844335,-0.30164784,0.22029556,0.20057003,-0.08898368,0.4819815,-0.22505711,-0.1645675,0.025188776,-0.31527385
Gqom,-0.07654338,-0.22171225,0.22890598,0.8174055,-0.31049472,0.13514788,0.3255627,-0.24520196,-0.23019609,-0.44499752,0.58709776,-0.39677808,-0.19065315,-0.28287098,0.22247419,-0.1758298,-0.18977672,-0.03200429,-0.1304746,0.04993997,0.19765061,0.12566094,0.277846,-0.32976863,0.09294556,0.06064929,-0.21804567,0.17650805,0.10926594,-0.12402848,0.11155293,0.18495366
Lullaby,0.04733279,-0.21134745,-0.05375884,0.103031665,-0.0005975905,-0.30990526,0.13967073,-0.19845372,-0.29118845,-0.11004349,-0.03599829,-0.36189914,0.26520032,0.26952165,0.023985565,0.33566394,-0.41028884,0.17107584,-0.07399799,0.17935446,0.34630564,0.5458221,-0.05053913,0.09955373,0.20334722,0.12832513,0.038804498,-0.11536154,0.08820352,-0.3754155,0.048278436,-0.21710405
Suomisaundi,-0.619616,-0.43651655,-0.33480957,0.46860078,0.3780413,-0.56533116,0.6530746,0.061881635,0.30785128,-0.534553,0.44877914,-0.5777873,0.08888084,-0.3346305,-0.18641108,-0.18950897,-0.3805736,-0.40507814,-0.6708642,0.3096379,0.11258895,0.48902938,0.36245295,-0.38841015,-0.21339121,0.24128152,-0.18192093,0.21051683,0.13551341,0.2744475,-0.034188088,0.18032758
Hill_Country_Blues,0.38225275,-0.18639854,-0.14337564,-0.31034458,0.35499674,0.15849422,-0.33770964,0.098700106,-0.35376713,-0.15756358,-0.61781996,-0.7659081,-0.21349962,0.044659395,0.34903923,-0.027609318,-0.3684603,0.8083857,-0.41412863,0.54158014,0.044696156,0.07828043,0.15879396,-0.6057293,0.2403057,0.57057536,-0.113648914,0.2806426,0.027450113,-0.462041,0.34093234,0.10664646
Anatolian_Rock,0.014038157,-0.1258834,0.58681667,-0.016887,0.34109938,0.04318969,0.07964214,0.10287459,0.052032232,-0.12337638,-0.12979956,-0.39396298,0.0050276145,-0.17041439,-0.01789783,0.03455465,0.23787445,-0.0031890785,-0.39478466,0.45009395,0.2373676,0.4198391,0.35062596,-0.18469733,0.06239294,0.18333434,-0.281709,0.32391074,-0.18149549,-0.5403346,0.14021607,-0.030519417
Crossover_Thrash,0.24477267,0.089617,0.6841599,0.44251704,-0.33056936,-0.21458076,0.311497,0.23309235,-0.15515508,-0.06123604,-0.2327706,-0.049122542,-0.21337938,-0.033721175,0.20467061,0.22271045,0.20761724,-0.28902638,-0.5582387,0.26926103,0.16473235,0.48136726,0.5561843,-0.40194732,-0.025335882,0.113690995,-0.5960562,0.14381428,-0.007952913,-0.32859892,0.050971013,0.15030125
Duranguense,0.2059738,0.0784312,-0.79666036,0.5516783,0.011073172,-0.46104467,-0.17725316,-0.017240513,-0.8793933,-0.16727285,-0.21204147,0.13943009,-0.12192569,0.26421577,0.53272563,0.8679104,-0.29324532,0.41681504,-0.063909344,-0.07652566,0.5720857,0.8196525,0.16675764,-0.4371041,0.4126194,-0.18503492,-0.03504152,0.4278299,-0.37702906,-0.04427915,0.8413049,0.12328525
Neo-Classical_Metal,0.2974144,0.30867714,0.5657571,0.40144652,-0.23567523,-0.11261913,0.042495247,0.21134354,-0.24605286,0.100029156,0.10884631,-0.24181782,0.3230337,-0.044978037,0.0653256,0.5280508,0.2050809,-0.3151686,-0.45898524,0.5385222,0.36101526,0.31865665,0.59529185,-0.07280605,-0.30994305,0.20736994,-0.4796908,-0.05832964,0.055353183,-0.43413156,0.098831445,0.38614577
Vaudeville,0.0618041,-0.30848783,0.061702456,-0.077241614,0.19866465,-0.037605174,-0.26437873,-0.26586387,-0.32203582,-0.18081257,-0.18537249,-0.40224183,0.12199165,0.025990002,0.22719166,0.698357,-0.2661163,0.5082001,-0.095557615,0.4732149,0.58273923,0.0030293358,0.30685794,0.12119035,-0.108340584,0.17858127,0.04215041,0.11485287,0.22280337,-0.119120486,0.13566358,-0.40142998
Honkyoku,0.2501502,-0.28275037,-0.5016115,0.0060988483,-0.18138081,-0.33922416,0.15820475,-0.071183845,-0.16397858,-0.055307228,0.012368592,-0.580857,-0.4451858,-0.030755602,0.11434098,0.05794332,-0.27508536,0.20818816,-0.20234497,0.24451391,0.46784666,0.37102282,0.10241883,0.058752898,0.2252382,0.13468131,0.039572056,-0.35045895,-0.33750197,-0.22168303,-0.2836038,-0.18170668
Zhongguo_Feng,0.004122705,-0.11434156,0.11185659,0.18072522,0.067735605,-0.14833926,-0.06699831,-0.111836076,-0.2789954,-0.15298326,0.17784458,-0.10215033,0.10873628,-0.37279427,0.015072652,0.44495583,0.05239408,0.2880888,0.078026265,0.25404215,-0.046568226,0.44668758,0.4213606,-0.0902222,-0.06882489,-0.019640807,-0.3243515,0.23274094,-0.027819734,-0.41537783,0.50545126,-0.2149315
Gnawa,0.16913228,-0.33634964,-0.3823016,0.43529284,-0.27721098,-0.106518835,0.12561406,-0.35369116,-0.57053167,-0.35510218,0.26158422,-0.3117274,-0.4578596,-0.13290751,0.12081943,-0.08212216,-0.13477631,0.21938805,0.13076805,-0.059896782,0.41858238,0.29566163,0.13109586,-0.42437738,0.41695386,0.052304868,-0.22078572,-0.0047515254,-0.18716331,-0.05923669,0.09129356,0.15412387
V-pop,0.11825645,-0.24816532,0.052006308,-0.15608697,0.39564937,-0.07028483,0.031589523,-0.18068014,-0.30797765,-0.15208992,0.118199944,-0.31003457,0.07886585,-0.4606212,0.028480073,0.48888442,0.006435982,0.35910943,0.06615094,0.33458126,0.063345976,0.44336587,0.36482677,0.061185576,0.10694023,0.0731975,-0.13163447,0.2870307,-0.0807738,-0.019744549,0.3617394,-0.23271707
Rapso,-0.06769145,-0.35745692,-0.13762969,0.40088728,-0.19618961,-0.18093857,-0.013182237,-0.4475277,-0.29102153,-0.33319202,-0.06639831,-0.29671684,0.00984381,-0.2851585,-0.026774677,0.36306423,-0.101638176,0.34133768,0.15828624,0.3299571,0.20082526,0.18146206,0.10757167,-0.3007024,0.19852047,0.17970133,-0.27709085,0.26813006,-0.11470284,0.16300176,0.23085932,-0.10294956
Jiuta,0.28522688,-0.26307178,-0.54591185,0.09229537,-0.36266872,-0.2190514,-0.021825237,0.006705482,-0.54816836,-0.13408883,0.15926996,-0.3788829,-0.011601875,0.0359929,0.017274866,0.20707978,-0.2477574,0.07779933,-0.1914797,0.012262934,0.5675221,0.2889965,-0.09835023,-0.01078603,0.262559,0.15473333,0.1274219,0.014450788,-0.020331396,-0.37229896,0.2991187,-0.018075747
Rōkyoku,0.066588305,-0.34728596,-0.39502952,0.15606098,-0.1558089,-0.04639073,0.24570055,0.18862778,-0.28851113,-0.16966301,0.4232012,-0.2839379,0.17328507,0.070009395,-0.13757962,-0.07145526,-0.19576627,0.011850966,-0.24040283,0.32296476,0.4704191,0.40563735,0.100808665,0.05643595,-0.11052413,0.24483599,-0.328276,-0.097643524,-0.008791102,-0.47957247,0.14059146,-0.169524
Antifolk,0.22263537,-0.069770314,0.37238106,0.05206754,0.4100462,-0.14360866,0.046205398,0.060528066,0.035583213,-0.20995466,0.08585393,-0.0759826,0.054152157,-0.059813578,-0.39982063,0.41539276,-0.14533016,0.34368983,0.05815148,0.38321742,0.14172813,0.24927323,0.33700335,-0.2523279,0.18115416,-0.07981423,-0.32520217,0.29244396,0.12317484,-0.523007,0.34821656,-0.27863827
Azonto,-0.3298405,-0.22667663,0.14517891,0.22152577,-0.008709123,-0.14919695,0.16442624,-0.505588,0.123222426,-0.5170712,0.18790993,-0.5204379,0.024811128,-0.22020395,-0.22441033,0.21163808,-0.22672898,0.32935616,0.05350488,0.37160584,0.047276028,0.21810384,0.06850854,-0.16200338,-0.06498937,0.14390862,-0.16210207,0.09816021,-0.2876249,-0.20814508,0.0631385,-0.33933076
Bel_Canto,0.31865793,-0.24423459,-0.010847949,0.011195585,-0.32464248,-0.47577295,0.03346054,-0.28373393,0.047273763,0.16901687,-0.12564771,-0.5817169,-0.089732364,0.44111085,-0.21756643,0.8846761,-0.9589944,-0.17749664,-0.2450378,0.11992084,0.64722013,0.6787293,-0.21354549,0.16170758,0.5120371,0.1485911,0.5696871,-0.07465467,0.16516195,-0.50108844,0.51583856,-0.090745784
Neopagan,0.24081178,-0.26771337,0.0005053416,-0.0780925,-0.046577025,-0.29421195,0.06654665,-0.049252763,-0.23164567,-0.13805816,-0.07777932,-0.4659543,-0.06565418,-0.17316018,-0.25543454,0.14456797,-0.2647993,0.30404964,-0.03712143,0.28978655,0.20911825,0.2217642,0.19861065,0.001404427,0.04685874,0.26380095,-0.041125324,0.01741998,-0.16590156,-0.4245649,-0.07134214,-0.16766188
Geet,0.47947615,-0.36579672,-0.2939384,-0.28886583,-0.035870504,-0.20605594,0.19241217,0.13140711,-0.8231231,-0.2238725,0.16344263,-0.5111598,0.08242992,-0.46741757,-0.37530795,0.17764992,-0.060283355,0.09044506,-0.26117495,0.2696523,0.5941534,0.04581925,-0.2506781,0.06593266,0.4301775,0.53303796,0.025034254,0.33117872,0.36165336,-0.28156513,0.27887884,-0.3788542
Pagode,0.57697314,-0.39603773,-0.21525982,0.053380407,0.056527786,-0.35837674,-0.47793376,0.043822944,-0.8039712,-0.024655655,0.32742128,-0.24353862,-0.15088631,-0.52609384,0.15930203,0.6295851,-0.5377943,0.18143068,0.30211267,-0.27044114,0.5516649,0.5505662,0.09194989,-0.15903823,-0.08532306,0.19079621,-0.15420578,0.22959349,-0.48381585,0.18216912,0.5136013,0.32575426
Shomyo,0.27873096,-0.3004384,-0.263437,0.2938226,0.0032085697,-0.08815469,0.13796848,-0.14507033,-0.11582139,0.17850086,0.060085118,-0.5281055,0.2815257,0.15470968,0.13962013,0.08392638,-0.4766486,0.17032085,-0.35849762,0.18098924,0.21521276,0.55667996,0.22970557,0.24737228,0.23685227,0.20691538,-0.08594961,-0.10974259,0.011248787,-0.40884024,-0.14471686,-0.26155713
Yoruba,0.352964,-0.7024997,-0.3380299,-0.216362,-0.24764961,-0.14084688,-0.24358846,-0.34591883,-0.71098214,-0.15268423,0.2739847,-0.29614764,-0.20709771,-0.41811535,0.27561432,0.13717285,0.08663691,0.15828712,0.08170858,0.3838478,0.32701764,0.09803703,0.13922392,-0.5692368,0.23804736,0.25835592,-0.2759338,0.07005139,0.016060758,-0.25350177,0.27820784,0.07210188
Khaliji,0.1236548,-0.51324964,-0.23725367,0.015363173,0.001352937,-0.13436203,-0.23492844,-0.4100195,-0.46633342,-0.13137674,0.42489254,-0.33471188,-0.2519227,-0.28946927,0.099231474,0.12866455,0.012754113,0.08036979,-0.020804632,0.2721024,0.13205329,0.3067373,0.012709285,-0.42619252,0.23276062,0.25101715,-0.04922629,0.0012809207,0.060361043,-0.30466264,0.31796956,-0.0950933
Shinkyoku,0.12619433,-0.2507766,-0.40992785,-0.19206288,-0.049792595,-0.34532362,0.09371132,-0.15211703,-0.286542,-0.20483673,0.035888545,-0.6625549,-0.5786974,-0.24090485,0.03579506,0.041811742,0.024023164,0.116930835,-0.07643696,0.34856778,0.41241363,0.28677097,0.16875567,0.015806004,0.058514923,0.19461359,0.2501664,-0.31395724,-0.43336135,-0.1299519,-0.11531199,-0.15457785
Néo_Kyma,-0.14293517,-0.38404822,-0.4964178,0.13613582,0.087767,-0.44561064,-0.1015965,0.06639333,-0.5976256,-0.061478425,0.5556392,-0.28251454,0.045789704,-0.30822507,0.063006975,0.27610052,-0.3355287,0.20083073,-0.2652358,0.44840035,0.41286522,0.15741917,-0.15584503,0.0016552962,0.00076645036,0.09685477,-0.24317431,0.09076663,0.21584347,-0.30474603,0.12072702,-0.19804645
Atonal,0.27850217,-0.15705019,0.07061796,0.024973439,-0.47981504,-0.24051543,0.29595175,-0.09575289,-0.08936562,-0.045253996,0.08605098,-0.56082654,-0.048204955,0.22876923,-0.20296113,0.6737222,-0.5994413,-0.26483795,-0.38719514,-0.039244913,0.5005283,0.46086773,-0.22051749,0.23814137,0.35740024,0.27356675,0.38289884,0.030208444,0.21616115,-0.22704509,0.38621172,-0.05796984
Percussion_Ensemble,0.3256649,-0.12046841,-0.25209743,0.05091798,-0.26350468,-0.3820421,0.15993501,-0.24225187,-0.13204421,0.0407351,-0.109786354,-0.48714972,-0.1962039,0.16249205,-0.014001684,0.35193983,-0.57019323,-0.2466281,3.4744753e-05,0.034372173,0.48991606,0.57714206,-0.066604845,0.035499264,0.36745232,0.045199335,0.25517598,-0.09823164,-0.06370437,-0.366654,0.26072302,0.10601221
Style_Galant,0.3492615,-0.15118192,-0.038908232,0.11186865,-0.5479087,-0.37753007,0.15782356,-0.34284016,0.009012154,0.16505443,-0.16988392,-0.7495514,-0.19964668,0.4626153,-0.19168647,0.93285376,-1.094544,-0.3208928,-0.3974837,0.0040169875,0.6963619,0.78433484,-0.39539108,0.15513566,0.45531553,0.12283836,0.6051196,-0.20965427,0.22309993,-0.558387,0.6241671,-0.07203904
Guggenmusik,0.08340774,-0.20297977,-0.1791264,0.27411935,0.2829126,-0.336978,-0.12744598,0.07262236,-0.51474315,0.06943414,0.24461915,-0.22461711,-0.22622862,0.48865518,0.0066827396,0.4816958,-0.40620795,0.23033889,-0.21049258,0.23437257,0.53485703,0.03173362,0.31831288,0.5904249,0.2707706,0.1260813,0.010446074,0.36634302,0.055504724,-0.5288781,0.23480536,-0.18318015
Snap,-0.20212644,0.19164272,0.41758266,0.66160566,-0.22442245,-0.35115483,-0.08029457,-0.26389116,0.026569169,-0.8578871,0.15111493,-0.688428,-0.018554175,-0.166528,-0.14984621,-0.09174542,-0.5072677,-0.11570499,-0.022753874,0.10254982,-0.2672964,0.13490948,0.17797758,-0.42434496,-0.4476208,0.035800178,-0.077870324,0.24428572,-0.076704115,-0.60044026,0.2844453,-0.61158764
Tamburitza,0.02541038,-0.24199446,-0.3043541,0.11974106,0.044084847,-0.35812846,0.044702344,-0.15332645,-0.3218338,-0.017736318,0.40446514,-0.26669046,-0.17612986,-0.101457186,-0.0090477085,0.17809503,-0.14604355,0.32828403,-0.2118688,0.2217595,0.19120535,0.21044008,0.15779962,-0.032234386,0.21653448,0.11143307,-0.22689407,0.045271233,-0.041507002,-0.44894156,0.15694858,-0.049176164
Persian_Pop,0.069275744,-0.048169248,0.05066655,0.13574733,-0.14707385,-0.1493468,-0.009536792,-0.27404675,-0.330054,-0.32248968,0.1079802,-0.2998125,-0.066119954,-0.19794093,-0.08845608,0.2508976,0.002326166,0.09094715,-0.07177415,0.17364478,0.16686149,0.29486963,0.18215849,-0.3932263,-0.10845864,0.18749961,-0.16078581,0.19260411,-0.15114777,-0.23321487,0.11252456,-0.12794223
Nagauta,0.2579666,-0.18745272,-0.3612982,0.109208666,-0.4290531,-0.16474281,0.073984526,-0.1290646,-0.6058713,-0.15571304,0.25170636,-0.5082895,-0.039406594,-0.06502177,-0.077336445,0.20437242,-0.277571,-0.087106645,-0.22322813,0.12565826,0.5139347,0.20401737,-0.20951128,0.13317364,0.12705562,0.25960156,0.10301619,-0.061255068,0.080806136,-0.38494474,0.17712885,-0.29283682
Singeli,0.20726383,-0.3798814,-0.27187774,0.27575457,-0.25947362,-0.050204396,-0.1584686,-0.5737718,-0.66809374,-0.3715105,0.1791707,-0.3381834,-0.16947554,-0.53443485,0.14925401,0.025222072,-0.15593903,0.3035293,0.30555487,0.19265385,0.16508,0.18577269,0.1736116,-0.43465284,0.10730523,0.16728176,-0.29869658,0.20203045,-0.16304852,-0.13556823,0.27689818,-0.04485133
Bubbling,-0.35343832,-0.35196203,0.09793807,0.5628091,-0.33375198,-0.07523468,-0.03141234,-0.56809276,-0.18253979,-0.51756096,0.075829625,-0.33069423,-0.16078487,-0.35040504,-0.075554945,0.13949086,-0.31009912,0.27240747,-0.025436446,0.3073736,0.068481095,0.18396783,0.11490464,-0.5687922,0.059134472,0.100361474,-0.14248349,0.3752913,-0.28053093,0.18121506,0.16287215,-0.24071449
Ojkača,0.17521425,-0.15294231,0.020842802,0.20149173,0.25350335,-0.12763402,-0.23083948,0.008166466,-0.570137,-0.06038496,0.07335054,-0.2602872,0.14341001,0.31095824,0.055566244,0.38461435,-0.22034629,0.24742171,-0.18528044,0.43868914,0.5180012,0.17988943,0.48859602,0.44192886,-0.02062656,0.08664123,-0.14660431,0.20845008,0.10207667,-0.40936267,0.12933932,-0.16805768
Bongo_Flava,-0.0075209313,-0.05660747,0.35422018,0.42962325,-0.09696383,-0.15597157,0.20428473,-0.33606818,0.005026716,-0.33734307,0.1235376,-0.47772843,-0.08015659,-0.11829686,-0.11976596,-0.04325373,-0.35475048,-0.016028503,-0.115554504,0.25985217,-0.042629946,0.2631882,0.15948619,-0.26233083,-0.066284396,-0.034687027,-0.050870847,0.0886128,0.04648467,-0.37515822,0.14795469,-0.23282324
Spaza,0.06085059,0.23121813,-0.019954015,0.3156998,0.01766897,-0.39189452,-0.18702923,-0.39662367,-0.5757069,-0.598738,0.18754071,-0.56670725,-0.072011426,-0.35727882,0.066131495,-0.002802085,-0.3179789,0.14817353,0.0705788,0.01946699,-0.08920778,0.12771794,0.23420674,-0.35919142,-0.33891323,0.06563267,-0.026171178,0.17331931,-0.13788873,-0.23119299,0.40875405,-0.5590122
Byzantine,0.2822739,-0.39145443,-0.16448753,0.0041432446,0.010739767,-0.385658,0.18290807,-0.22456932,-0.04681812,-0.011515594,0.13389997,-0.3805809,0.049097028,-0.06383863,-0.17439215,0.33131155,-0.32051042,0.08716873,-0.13927485,0.3015021,0.2735996,0.3657845,0.10604091,-0.010267173,0.25160775,0.2728169,0.049230926,-0.23920749,-0.09206831,-0.21158133,0.023811035,-0.06816034
Futurism,0.34975258,-0.22524935,0.107335664,-0.08015869,-0.19869933,-0.15371943,0.20081128,-0.15552837,0.018184632,-0.15003574,-0.047158487,-0.51556027,-0.19570425,0.31837592,-0.31719196,0.4088383,-0.50881237,-0.0762452,-0.11921669,0.11062375,0.5421255,0.36667567,0.054889843,0.180173,0.13492748,0.14406621,0.3400672,-0.26305375,-0.049967196,-0.46972588,0.24096848,-0.023013908
Currulao,0.5334876,0.124101825,-0.41751814,0.5096868,-0.28459454,-0.17653802,-0.19695342,-0.16027488,-0.87884444,-0.31054664,-0.11359675,0.0046252147,-0.105421156,-0.28172693,0.45454177,0.5905801,0.08478341,0.027123893,0.08288037,-0.07203381,0.48572558,0.645588,0.31341046,-0.5799569,0.23322338,0.09503173,-0.4460791,0.21041182,-0.21665284,0.15430585,0.54733455,0.19074714
Shaabi,-0.001979509,-0.24043286,0.026253596,0.2904189,0.065062635,-0.16620167,0.3309205,-0.17380646,-0.03426364,-0.16297248,0.069874674,-0.41273183,-0.16577373,-0.057941258,-0.10772069,0.104007706,-0.299374,-0.058124628,0.0075648,0.1312113,0.28914928,0.25015098,0.14820743,-0.09636121,0.23144513,0.22086962,-0.030018918,0.031914238,-0.1172193,-0.12349218,0.09720467,-0.015313355
Sokyoku,0.25688118,-0.22087121,-0.05560469,-0.0039042411,-0.08213442,-0.28179282,0.16703375,-0.03776688,-0.0960363,0.0015373684,0.008559129,-0.38859484,-0.09858408,0.13108443,-0.12539095,0.3327222,-0.37013033,0.0794198,-0.22804445,0.15652336,0.44507563,0.29847717,0.06914056,0.07275358,0.3847822,0.21410747,0.08960334,-0.118070714,-0.059865747,-0.31687266,0.19042648,-0.09305488
Izvorna,0.41955984,-0.19856645,-0.13747486,-0.13420783,0.024559317,-0.25656775,-0.18046576,0.059702203,-0.42032546,-0.023409175,-0.18457682,-0.31674245,0.12461768,0.18453972,-0.011892695,0.33085087,-0.18769993,0.39000738,-0.14510992,0.3383347,0.54698527,0.3466143,0.17283566,0.16252801,0.16977684,0.16735315,-0.0032391115,0.072528474,-0.021339685,-0.4083738,0.13260433,-0.15069875
Gusle,0.21687338,-0.14217553,-0.10749159,0.1634117,0.08584274,-0.20734768,0.22998257,0.05302968,-0.25949168,-0.21908051,0.026867427,-0.4732031,-0.051108666,-0.07986575,0.037754327,0.041620683,-0.2907303,0.35595775,-0.10177852,0.09966321,0.3202359,0.16177034,0.2317363,-0.027124451,0.13261664,0.058137793,-0.21862468,0.16503656,-0.055010453,-0.27797443,-0.027538722,-0.04987607
Singspiel,0.39377907,-0.18003419,-0.07746682,-0.14826922,-0.28072163,-0.3131073,-0.0057403124,-0.26294616,-0.032232933,0.073989905,-0.09170588,-0.7045597,-0.13213757,0.33238572,-0.15183291,0.6014492,-0.81797075,-0.04220669,-0.39266744,0.120156,0.66323733,0.42762735,-0.04430059,0.26850033,0.33354837,0.18442063,0.42106915,-0.19713171,0.13067465,-0.3732695,0.3487502,-0.14150806
Amapiano,-0.010624875,-0.1654548,0.07181038,0.38179678,-0.013368779,0.036748078,0.20504978,-0.1679912,-0.25844473,-0.23963863,0.07837149,-0.2946494,-0.19147053,-0.17695302,0.09513722,0.07030954,-0.036854703,-0.012904217,-0.118006326,0.2558681,0.096272826,0.28488815,0.23933284,-0.30380347,0.13484736,0.10219851,-0.13121927,0.1593766,-0.03501642,-0.07557508,0.20527354,-0.012180089
Frevo,0.54355514,-0.30591625,0.032658212,-0.04557369,-0.047351304,-0.21926497,-0.40798882,-0.061013293,-0.54412246,-0.0465926,0.23556155,-0.36504325,-0.21390584,-0.53086567,0.08018132,0.4425408,-0.39052314,0.2619758,0.178586,-0.028076798,0.26359233,0.32914174,0.13629332,-0.30604956,-0.036557328,0.16468756,-0.18643017,0.2815967,-0.50881696,0.14768209,0.43436953,0.28368053
Motswako,-0.23110141,-0.47633177,0.027083367,0.2124894,-0.4331999,-0.14233918,-0.32589284,-0.89048475,-0.21908188,-0.16013126,0.1277619,-0.34892583,-0.0958209,-0.33479226,0.054897774,0.37486702,-0.2905108,0.32127255,0.036668118,0.36748737,0.10551145,0.20928888,-0.0005601498,-0.37383547,0.19106211,0.17983906,-0.1477526,0.19818233,-0.06956793,-0.08918361,0.17808314,-0.20992059
Low_Bap,-0.027739916,0.08921519,0.15524313,0.44402596,0.0024846483,-0.31464908,0.2062616,-0.27747518,-0.20587805,-0.6227985,0.1453595,-0.48900646,-0.11886743,-0.08848747,-0.05805645,-0.012177275,-0.48261252,0.015276812,0.1072445,0.062082373,-0.0017491588,0.116985776,0.24979064,-0.17516135,-0.32820874,0.03348227,-0.06463618,0.1759181,-0.14887014,-0.39766175,0.22017066,-0.3740301
Brega,0.04836285,-0.20977144,-0.19609447,0.21374495,-0.11712473,-0.24343434,-0.30421135,-0.27031684,-0.5661032,-0.2979946,0.12325245,-0.20136367,-0.13583608,-0.3855221,0.005877438,0.43613812,-0.16790308,0.4316954,0.103658296,0.08492639,0.24801913,0.2369534,0.15495361,-0.41500372,0.008216754,-0.009529789,-0.18277779,0.27485743,-0.4176195,0.21533523,0.44933468,0.06519608
Junkanoo,0.29560974,-0.14349917,-0.13364099,0.064166784,-0.10204174,-0.18413974,-0.043861426,-0.22476938,-0.33353916,-0.3593039,-0.146773,-0.34402528,0.028350757,-0.15745072,0.1254174,0.649002,-0.24561556,0.04047476,0.09078772,0.12859449,0.2008919,0.42267543,0.15350227,-0.08710165,0.120543875,0.2637874,0.060713176,-0.007951716,0.0017302363,0.16618593,0.28694054,-0.10967489
Sankyoku,0.1864281,-0.25503254,-0.43395016,0.09420488,-0.21917641,-0.13944447,0.094433114,0.030665817,-0.44466254,-0.06324392,0.14680292,-0.38808978,-0.1295652,-0.111800306,0.092512,0.026537633,-0.16474265,0.11592001,-0.16599974,0.043565758,0.5348793,0.20448689,-0.030216591,-0.15134396,0.3031674,0.30399665,-0.018030431,0.09045096,-0.120085865,-0.47027323,0.121168174,-0.04827325
Formes_Fixes,0.58138406,-0.26535097,-0.15244749,0.0683607,-0.34148556,-0.48941556,-0.04155989,-0.27409807,-0.049711283,0.29054007,-0.21715157,-0.5755978,-0.028314037,0.32951877,0.0828386,0.7027997,-0.7517173,-0.17404102,-0.43606827,0.26690495,0.394599,0.76642317,-0.3129456,0.18769202,0.5984617,0.34437934,0.32313076,-0.22607335,0.10704696,-0.4636019,0.21725367,-0.21491615
Rara,0.24327978,-0.33057407,-0.50756174,0.07355853,-0.11133803,-0.21512866,-0.010126335,-0.25733712,-0.50940853,-0.16579893,0.2629743,-0.38215688,-0.14109482,-0.28898853,0.34082618,0.3424793,-0.21711917,0.31095266,0.045538586,0.046030845,0.19508192,0.29875836,0.13445659,-0.13376181,0.19152185,0.16984743,-0.08049759,0.09979727,-0.10390539,-0.11000204,0.29359046,-0.14942293
Grand_Opera,0.3215391,-0.10733186,-0.103314504,0.10156813,-0.3529074,-0.37307376,0.043669328,-0.30929884,-0.17989218,0.044348057,-0.07016256,-0.5647036,-0.005259274,0.29000765,-0.09346002,0.75447583,-0.84836555,-0.16461328,-0.19933991,-0.0032338433,0.49470302,0.6061699,-0.20944403,0.19099346,0.35827196,0.26124245,0.4787569,-0.11745483,0.05900523,-0.35955682,0.47947106,-0.071711674
Bećarac,0.13609065,-0.29096505,-0.37819722,0.022158666,-0.02143893,-0.29394105,-0.0565108,-0.09262221,-0.4324598,0.025325488,0.19398569,-0.40675628,-0.12206381,-0.037175935,0.18346898,0.20649032,-0.25500113,0.43526837,-0.27523828,0.206871,0.25665152,0.05551931,0.08651093,0.004651861,0.24891609,0.16547313,-0.15408866,0.11944995,0.0618386,-0.45353964,0.17070995,-0.16508523
Verismo,0.2899353,-0.13436624,-0.054145213,-0.007451302,-0.26048505,-0.34365696,0.014675461,-0.19683492,-0.060825378,0.09706091,-0.17388506,-0.45492637,-0.18750955,0.29647398,-0.10281959,0.68379885,-0.81210643,-0.060554218,-0.2223991,0.04161248,0.5731481,0.55837804,-0.087921254,0.256888,0.33344418,0.18717934,0.4341734,-0.032508053,0.055059113,-0.39420503,0.36669642,-0.05082119
Baila,0.12008743,0.11292923,-0.3473619,0.27900928,-0.006869899,-0.25047785,0.016121963,-0.035856977,-0.57649297,-0.1508713,-0.08490669,-0.064394146,-0.0014016528,-0.04040646,0.25810695,0.49002907,-0.13008708,0.1991937,0.039607275,0.07663612,0.21449454,0.55901575,0.24099793,-0.2623703,0.06846407,-0.033055373,-0.10099012,0.31633696,-0.25075412,-0.06071642,0.50726455,0.04403042
Dabke,0.19136178,-0.15746103,-0.09157116,0.038951125,0.07599962,-0.03412955,0.04148854,-0.19928706,-0.21017793,-0.21125615,0.26068586,-0.47368902,-0.15951093,-0.108901195,0.057942588,0.2870764,-0.18857875,0.15289135,-0.04844397,0.24173212,0.30379814,0.18150872,0.25793847,-0.03100421,0.08406911,0.11030236,0.055049058,-0.0038720553,-0.085650064,-0.18814872,0.19548453,-0.1376506
Microtonal,0.1376041,-0.036398545,0.17009245,0.33082289,0.056764282,-0.26535362,0.29381934,0.023685522,-0.032716457,-0.04357676,0.06588679,-0.26772138,-0.13769667,0.069388464,-0.24464767,0.12256504,-0.29712814,-0.03701477,-0.13730642,0.2233336,0.41345882,0.26832783,0.23526405,-0.10152387,0.12944412,0.036776952,-0.0609317,-0.008959079,-0.14634664,-0.25164333,0.023030337,0.0664478
Sean-nós,0.21163963,-0.23643841,-0.26438302,0.12374568,-0.11419879,-0.2715541,0.024744315,-0.038312595,-0.26289085,0.03869725,-0.048683785,-0.38114142,-0.008447438,0.11238389,0.098547734,0.33742055,-0.4420564,0.18615796,-0.167887,0.110941105,0.38817364,0.3343996,0.079641536,0.05005366,0.2863546,0.14139012,-0.014820599,0.06305488,0.06257704,-0.35903224,0.19014297,-0.03626356
Aleatoric,0.39794436,-0.32630372,-0.17522459,-0.13718659,-0.27364036,-0.18340227,-0.03429669,-0.3208598,-0.19876967,0.07783453,-0.019984128,-0.41204256,-0.13019544,0.12477441,-0.0036076806,0.4779484,-0.5198917,-0.0024969992,-0.08654989,0.09011494,0.4681622,0.4354389,-0.1010821,0.06117962,0.38911253,0.23798977,0.30955517,-0.15124066,0.008883269,-0.3628998,0.3544622,0.0072704237
Spectralism,0.07953141,-0.09207319,0.24646485,0.12115132,-0.040372767,-0.18918082,0.27957833,0.078086555,-0.08835239,-0.21805209,0.14382572,-0.44915962,-0.05901426,-0.012858285,-0.17999478,0.13611543,-0.17267965,-0.026319416,-0.14694907,0.15295397,0.35052338,0.17765523,0.32170394,-0.105955794,0.08816723,0.18160398,-0.18794507,0.06432361,-0.100650676,-0.35756898,0.057745263,0.016326085
