style,0,1,2,3,4,5,6,7,8,9,10,11,12,13,14,15,16,17,18,19,20,21,22,23,24,25,26,27,28,29,30,31
Experimental,-2.3188615,2.505413,-0.5115113,0.5612423,-0.66211873,-0.3156156,-2.9917006,0.4132806,0.34277785,-0.84354424,0.07974029,2.5687606,0.5964978,0.031624936,0.49901664,0.90387887,0.8276716,-1.5161113,-1.5386955,-0.40543336,-2.7015665,-1.2947627,1.9688635,-0.9986257,-1.34109,-2.3137286,-1.0581899,0.35780814,-2.3000622,2.2801132,-1.3107322,2.432481
House,-1.5827442,-0.41937014,-0.018959938,-1.1480718,-0.09626634,0.10411897,-0.36173287,1.8719661,2.3399518,1.8914058,-3.8363776,-1.3122607,-1.0532784,1.2440885,2.505694,1.2636702,-1.7911291,0.040175058,-0.2774772,-0.77311236,-0.0033375218,-1.0811284,-1.2680635,-1.623198,1.1548446,-1.2897693,0.91483444,-0.9252582,-1.495719,-0.2812116,1.1574029,-1.4551071
Pop_Rock,1.9042836,-0.19968523,1.477455,0.9006016,-0.23966114,0.44518322,-0.2992649,2.8259609,-1.2935373,0.8875882,0.07898009,-1.2434282,0.2815844,2.2231138,-1.413805,0.24733181,0.19747302,1.1603874,2.837109,0.74130374,0.35540885,0.24519849,0.4505614,0.027241819,-1.1000535,-0.6359834,0.8426548,0.40508714,-1.4310036,-0.5013698,2.9219253,-1.2666659
Punk,-0.1126856,-0.3609078,1.9937876,2.028772,1.5376277,1.7069192,-0.6257504,2.0796463,1.0126401,-0.14450067,1.4350474,2.4381378,2.1146538,1.8057877,-1.2589029,-0.97083473,1.4340142,0.17745876,-1.8762658,2.933858,1.4867067,2.4399946,-0.4623938,1.4153951,-0.930567,-2.3111389,1.0280896,0.46415627,-1.4604257,0.42777702,-0.53608394,2.524284
Ambient,-2.2348228,3.110954,0.24074668,-0.9112635,-1.0601858,-0.17692547,-2.327678,-0.78255457,1.5607514,0.86573815,0.14955355,1.9310627,1.0271825,-0.40923992,0.0921939,-1.2184186,-0.2260045,-0.28234813,-0.7987069,-1.0455296,-3.9732854,-0.63127404,-0.015386531,-2.5986972,0.6059512,-0.6092032,-1.8049355,-1.2780315,0.4115553,3.7903244,0.2722323,0.98793334
Techno,-3.8685253,1.4868919,-0.54353493,-1.3720402,0.0067762253,2.0899713,-0.057081286,1.6250006,2.8256216,0.5438029,-2.0144165,0.31579074,-0.014088141,1.6264448,1.1015937,-1.031448,-1.0876075,-1.951412,-1.0090715,0.32129365,-1.7281073,0.10115871,-1.7220268,-0.79695785,-2.2379897,0.080302216,-0.32499638,-1.0176824,-0.4815891,0.61261046,0.6529369,-0.089405544
Vocal,1.9681863,-0.5753896,-0.88430274,-0.9198158,-0.5791578,0.062023126,0.04512751,1.7945913,-1.7558249,0.1046991,0.98704934,-1.2205749,-1.601019,0.15144533,0.16479872,0.54632217,-1.008828,2.5358663,1.7475806,0.11456541,2.24309,-0.29738888,0.047215447,-0.4839359,-0.19516003,0.9309796,-0.3975904,1.6595986,1.7223874,-0.86196274,2.4882808,-0.89945847
Hardcore,-2.7233999,-0.5334595,0.5426631,2.5234425,-0.75045997,3.0845714,0.47159505,-2.2848573,1.373603,-2.3984647,-1.5876334,2.0519905,-0.069741085,1.8160149,-0.8113636,-1.1579331,-0.010158777,-1.4808869,-3.0679646,0.9478132,1.4797972,1.4508524,0.21162352,-1.1556405,-1.7126123,0.0012313264,1.6748621,-1.0031834,-2.0913787,1.682303,-3.1577134,-1.4719588
Synth-pop,-0.66049886,0.08282106,1.8879699,0.79391533,0.4301756,1.2140635,-1.5818733,1.0735335,-0.8711305,2.7053907,-0.8823962,0.043997396,-1.8116788,0.6059939,0.31118727,1.5056642,-1.0803351,-0.37430832,1.0151502,2.0593286,-1.0314432,-1.1262798,-1.8254184,-2.3008194,-0.74674445,-1.160671,-0.40605575,-0.46795782,-0.5216987,-0.38103163,2.240474,-1.5770421
Alternative_Rock,0.21357028,0.29316086,1.5731716,3.628096,0.8874768,-0.4942644,-0.6314059,1.1000254,-0.62235445,-0.20572062,-0.33338365,1.4119381,0.7239499,2.5397425,-0.8054878,-0.36035398,1.2460061,0.99005514,0.71301895,1.0780866,0.07906751,-1.0709026,-0.8946382,-1.0748484,-1.0574192,-3.0275707,0.935098,-0.23906703,-1.3010744,0.91074306,-0.27496162,0.8044562
Electro,-1.9667276,1.0399827,1.1136541,1.0999125,-0.97635,1.3437567,-1.7272239,0.796475,0.94836235,0.12389426,-2.1105855,0.072014,-1.3130275,1.4642721,1.7846676,0.87315404,-1.150816,-0.9380848,-0.92168397,0.76585513,-1.1273773,-1.8416327,-1.1499311,-1.689563,-0.10015822,0.1659753,0.006743908,-1.4676865,-0.8501662,1.0251217,1.2732021,0.90408623
Ballad,0.49798027,-1.1930307,0.9110361,0.031861704,-1.0585278,-0.90408593,1.2352583,1.751224,-0.8045089,-0.15773265,0.8920769,-1.4428785,-1.4817494,1.9176203,-0.42185512,2.9006822,-0.9441496,1.7380271,3.7480452,-0.06968689,1.5557116,-0.025939161,0.95710665,-0.785187,-0.31571448,0.15898322,1.3480619,0.25806937,0.24116698,-0.83143604,2.1916976,-0.81387085
Indie_Rock,0.9852538,0.5237128,1.2460623,3.5730891,0.07605394,0.42012382,-3.0635703,1.1178268,0.27662182,1.3706747,0.6863216,1.2122599,1.6151433,-0.4808935,-0.82469326,-1.9861574,0.7650867,0.7604833,0.3344151,0.44793263,0.7681529,-1.2291827,0.36303428,-0.94315964,-1.3936856,-2.93502,0.43202764,-0.1703475,-2.123448,0.22912847,0.8686504,0.4238954
Disco,1.0537695,0.63486516,0.6249045,0.12147226,-0.9511307,0.2836475,0.17358063,1.9827682,-0.9067611,1.7466038,-2.715025,-0.11668084,-1.5101962,0.28265384,0.80759597,1.3772217,0.07230253,-0.0070529925,2.3211799,0.66655034,0.45387167,-0.8979038,-1.1448712,0.20352167,-0.68790346,-0.31309226,-0.1555657,-1.0982571,1.6368413,-0.42363968,3.4453845,-0.8846361
Soul,2.7075837,1.1210674,1.3636329,1.2745255,-1.3355008,-1.3068092,0.18426181,0.71016604,-1.2525477,0.5227847,-2.014381,-1.8733342,0.29512694,-0.077280186,0.9261495,3.0756176,0.10981713,2.4636512,1.2938877,0.7838037,0.16149797,0.8949374,-1.1801153,0.76447445,0.15129144,-0.19265193,1.409645,1.3204719,1.0608172,-0.16585872,2.5699563,-2.1747947
Folk,-0.049851168,-0.2801269,-1.041841,0.8654641,0.66619384,-0.27801153,0.22425067,-0.36941022,-3.406995,-0.10504654,1.997168,1.3671236,0.23900068,-0.31324807,0.064849384,-1.1826853,-1.0719095,1.2909344,0.8755384,-1.0631328,-1.9542677,-0.36834586,1.2316892,-0.37753966,0.1498387,0.60857946,1.2560973,1.4440972,0.7472325,-0.68730944,0.41831905,0.061142784
Downtempo,-1.9511429,1.0208194,-1.1687428,-0.32677293,-2.219985,-0.1733333,-4.033031,1.0489972,0.618836,1.7697611,-1.9704905,0.56861675,-1.0114968,1.4011182,1.9426879,-0.37617138,-2.6495206,0.45447755,0.7255589,-0.7949828,-1.3763511,-2.3654153,-1.1127492,-0.51265955,-0.025853576,-0.5691145,0.9343938,-0.32543743,0.49700257,0.5866591,0.8103874,-0.30886802
Psychedelic_Rock,1.346927,1.2803723,0.31912285,2.4987204,-0.28756377,0.8424452,-1.0100785,-0.6998988,-0.66736895,0.96438956,0.31031483,0.76391566,1.028979,0.8889928,-1.7856407,-0.75976056,2.8668678,0.8931276,0.75442225,1.0526476,-1.4127249,0.022281531,1.5734177,0.8917979,0.27661675,-4.4051833,-0.20645452,1.6042801,0.45919752,1.2182469,1.6100951,0.93546593
Rock_&_Roll,1.7787178,-0.038973056,2.3596668,2.0100331,0.62595916,1.2226776,0.28925833,0.13129322,-1.9508502,-1.027888,1.6695975,-0.6677412,0.7445418,1.0826297,-0.023034835,0.06935771,1.6083292,1.3355018,2.0456889,1.2351882,1.783329,3.227648,0.51812583,0.40711424,-0.603534,-1.2594986,0.09220096,0.4436482,0.9208088,0.5778692,2.2310722,-1.4766847
Funk,2.1695757,-0.21835044,0.9800331,0.3937839,-2.3471375,0.16676517,-2.027832,0.445499,-1.0233083,0.92524,-1.7801509,-1.2246004,-1.3025259,-0.7905176,1.4060476,2.5850143,0.6790195,2.4257019,2.034562,-1.846482,-0.29974282,-0.68686795,-0.17471802,1.8245865,-1.9912034,-1.2892181,-0.08634466,-0.03900344,-0.27453098,-0.6935018,1.8856341,-1.5085264
Industrial,-1.4364153,0.3931318,0.9710458,-1.4628702,0.740083,3.7093349,-3.8189151,0.6620818,0.43840003,-0.66355866,-0.10320792,2.2749064,-0.021920444,0.5900686,-0.18880688,-1.6175209,0.32007176,-2.4108539,-2.7218134,-1.5864235,-0.98006576,-1.0318475,0.6619038,-0.49777168,-0.95992917,-1.7553084,-2.1101413,-1.826507,-0.31571016,1.7612952,-1.3038753,2.1705165
Soundtrack,0.12647408,0.71553224,-0.7081792,-1.4747535,-1.8182498,0.19608128,-1.3518579,1.5307137,-1.5803396,-0.65144575,0.101603016,0.9217923,-2.5221484,-0.015669763,-1.1474673,0.44869652,-1.077427,0.7773982,1.9843334,1.87915,-1.83322,-0.16567098,-0.2662394,1.609809,0.45197967,-0.19885778,-0.10167297,2.1628964,0.7934989,2.0500903,0.3761795,-0.33284828
Hard_Rock,-0.36976245,-0.5910452,1.9006395,3.1253433,0.22333848,0.5660005,-0.4919544,1.7106322,-1.2648523,0.24488509,-0.7066481,-0.9459016,-0.38090825,3.2583125,-3.7828114,-1.9224682,1.8342305,1.4147334,0.40761578,1.5514227,1.0100976,1.3884944,1.2808949,2.0172935,-0.48399466,-0.87300926,-1.072066,-0.8158741,-0.9016583,0.16412747,0.41167292,-0.8440904
Noise,-1.3446988,2.2536085,-0.073642805,2.6549025,0.6038269,0.6634315,-3.1593268,0.2258656,-0.15190381,-0.9539758,0.32095352,1.1077812,1.2459905,-1.1574601,-1.5971272,-0.36479118,0.8774417,-4.4409614,-3.8338058,0.24299139,-3.701413,0.38851634,0.43839926,0.7444886,-0.1356651,-1.2471733,0.6608312,-0.2909113,-0.6299297,2.566383,-2.2791805,2.437036
Trance,-4.6378427,-1.1059355,-0.9282486,0.5743336,-0.07803818,-0.25024718,0.0040597357,1.7841092,3.4803922,0.78097606,-1.5248832,0.086559206,-2.3374271,0.6121327,1.236864,-0.73788995,-0.38502356,-0.8618103,-0.39584237,0.017041044,2.032595,-1.7234554,-0.22898929,-1.8515439,-0.510924,0.75529623,-0.32260334,-1.1737374,-1.9681572,-0.44163254,1.5690953,-1.9588693
Folk_Rock,0.8559227,0.8603136,-0.06836144,2.6783347,1.0093333,-0.11368185,-0.5515501,0.5350106,-2.6557877,1.1930538,1.4401172,-0.6415589,2.1536248,1.6744107,-1.4328235,-0.12371374,0.35853806,2.7927203,0.36412826,1.3065599,0.2412,-0.22098102,1.8107353,-0.26502606,-0.5033819,-1.9987551,0.01748418,0.46545193,-0.05761423,-0.07174006,1.3307397,-0.33511558
Deep_House,-2.6409118,2.6151261,-1.0211252,-0.028624438,-1.1861256,0.13622025,-0.446899,-0.5755573,0.8128693,1.5646003,-2.6355464,-1.013411,-0.0751615,-0.24782087,2.6609983,1.533317,-1.8219731,0.7653193,0.05966093,-1.2028166,-0.57686514,-1.9404682,-1.2647164,-2.1383545,-1.5732828,-0.10305063,0.13959773,-2.2653441,-0.20306686,-1.90767,0.22987585,-1.1313864
Tech_House,-2.482795,0.40491173,-1.3279173,0.30726263,-1.3797832,1.2325021,-1.0580236,1.5418923,2.5736275,3.3293943,-2.9821143,-1.1160635,0.07489416,-1.7001557,1.6026864,-0.77703184,-0.8913868,-1.1107719,-0.7489214,-0.2652994,-0.34021392,0.6811076,-0.3182122,-3.1153326,-0.1721304,0.053191304,-1.4628104,-1.3698673,-0.27319208,-0.45935237,1.0196581,-1.0049736
Minimal,-1.5586643,2.9987452,0.2444134,-0.8419826,0.56723887,-0.2988705,-3.1587167,1.2581236,0.42480615,-1.0602568,-0.92028826,1.5060248,-0.40595558,-0.73721445,0.7316827,-1.5135646,0.06633997,-0.728915,-2.0418074,0.59082705,-2.9411123,-1.6278533,0.81477094,-2.9888077,-0.83200955,-0.58509994,-1.5602238,-2.0234017,0.7734673,-0.059597984,-0.22826144,1.3687909
Chanson,3.185608,-0.5028881,0.108798645,-0.23185529,-0.36766693,-0.017101115,-0.005049352,1.0875698,-1.1053984,-0.16099636,1.7611988,0.20285098,-1.8275981,0.22548993,-0.6398869,0.4306966,-0.58823985,1.568991,0.73458475,-0.6520794,0.011049662,1.1182799,0.5631941,-0.11459972,-0.26445174,0.3426395,0.6017309,-0.06922974,0.4129356,-0.32115242,2.4285953,-1.395397
Romantic,2.7126215,1.1354755,-0.361816,-2.2528906,1.8805021,-0.3320173,2.1183643,-2.2447426,0.32318512,0.17792353,1.2636795,-0.22343601,-2.042547,-2.3394763,0.15018572,-1.0717316,1.8287795,0.22622444,1.950598,2.8364727,-0.71187204,0.5489908,-0.73957783,-2.913999,1.9804487,1.6598207,-1.5627998,2.876247,1.8399106,-0.8363903,-2.1499944,-0.24285159
New_Wave,2.5078654,1.1084353,0.86708385,2.541498,0.042975813,2.4030871,-2.5859315,1.0618632,-0.514695,2.2529106,0.08959245,-0.10395804,-0.62438625,2.2914176,-0.6547794,1.2045088,0.89296466,-0.72070754,0.321782,1.7441485,-0.87331593,-0.61651415,-0.74834836,-0.7017059,-1.333082,-1.7007936,-0.86739796,-2.1854565,-0.56154037,-0.38146344,0.9184859,0.48202586
Abstract,-1.6123886,2.7430525,-1.1453203,-0.14402424,-0.4549641,0.661618,-3.5112748,-0.9450343,1.1318306,-0.01269843,-0.45757836,2.1319945,-0.824427,-1.3614417,1.0639572,-0.40705383,-1.0628327,-0.3467581,-3.212659,-0.5024251,-2.597376,-1.7671111,0.06100542,-0.70348704,-1.03713,-1.1367556,-0.71661717,0.23736234,-0.25406465,3.2494087,0.42710695,1.6692905
Heavy_Metal,-1.4114528,-1.5036241,0.803045,1.4427062,0.91626245,1.8006357,1.3365945,0.6162302,-1.6960176,-1.3016211,-1.1974024,-0.6096311,0.51076293,1.0707332,-2.7672381,-0.20733762,3.4184442,-0.55176723,-0.12240628,2.0751386,1.6170843,0.31733358,0.98659956,1.1722151,0.3969811,-0.7454987,1.0155632,-0.6632259,-1.2116178,2.6007507,-1.1812582,1.4782864
Garage_Rock,2.2439501,0.31891555,1.7796818,2.950175,-0.011371292,2.333051,-1.3360903,1.0417867,-2.0208101,-2.4160962,1.4708878,-0.2754418,2.2223256,1.2057178,0.27288705,-2.353888,1.2606418,0.08397052,0.23101276,1.6124259,0.4759974,0.47710443,1.6970001,1.2355149,-0.34735745,-2.8620908,1.4305145,0.4340026,-0.22218639,-1.1681507,0.679495,0.5334557
Rhythm_&_Blues,0.512552,0.15561321,-0.025147554,1.5756298,-1.591645,-0.3373375,-0.7639468,2.3341594,-1.176533,0.23518175,1.0700346,-3.0406442,-0.0253552,0.17335595,0.8099128,1.2104895,0.06515335,0.8949262,1.9545262,0.38163513,1.2139871,1.4029173,-0.8257635,2.8946238,-0.95547515,-0.35067722,0.9030316,2.4014552,1.2763877,-1.3718938,3.117582,-0.69634306
Easy_Listening,1.0866061,1.1568389,-2.1273818,-2.0031116,-2.105312,-2.030562,0.13901144,-0.79474735,-2.5108058,-1.7730534,2.7328115,-0.51368695,-2.9900334,-1.7360244,0.29523948,0.50390905,-1.0036018,3.9167538,0.5372122,0.4433946,0.8666655,0.87022805,0.8598461,0.7496375,-0.3625717,-0.115697,0.90324193,0.13243896,2.807898,-1.0303844,1.0894024,-0.6005875
Prog_Rock,0.44655862,1.8223737,0.036189985,1.5003036,0.65895635,0.57450175,-1.2228061,-0.19373809,-2.6024482,0.15414198,1.1801984,0.7533022,-0.089233436,0.41495275,-2.6995025,-0.3691115,2.5948339,1.9222668,1.1485667,0.1504646,-1.3180711,0.0033508213,1.1239206,2.1942594,1.2205266,-3.671024,0.050298333,-2.2308404,-1.4550816,0.16629732,0.19168214,-0.2526125
Euro_House,-0.36273885,-0.916889,1.5632842,0.8365978,-0.40604463,-0.58414716,2.9011657,1.4195637,2.1854582,2.7068584,-2.552183,-0.51218647,-1.9275211,2.8843443,0.8217021,0.20554227,-1.9968868,-1.346731,1.689002,-2.7186344,2.0154066,-0.46355888,-2.258507,-1.6437175,1.7963365,2.3666086,0.5091029,-2.7228065,-2.4101255,-0.41926962,2.6265223,-3.3583503
Drone,-2.3664584,1.3340688,-1.032117,0.086235054,0.7187541,0.06862154,-2.5700755,-1.7735131,-0.64579135,1.30049,1.5928884,1.592612,0.42253235,-2.0468695,1.0637577,-1.9214371,-1.0673028,-1.9601965,-2.8787818,-0.27922168,-5.067062,-0.830809,2.5385175,-0.80051506,-1.7579597,-2.6230812,-1.6626396,-0.18780997,-0.86737293,2.1601856,-2.165096,1.1651553
Country,1.6727235,0.90986377,-1.0560085,1.9372467,2.2948678,-0.33897233,-0.19119503,2.0270553,-1.2511888,0.878382,2.4688227,-1.647983,1.2899135,-0.080406934,0.034733087,0.20331879,-1.5215801,1.1462638,2.5233655,-0.077997066,1.006653,2.784196,0.6847343,0.81632155,-0.35943618,0.028561424,0.52384883,0.39470387,1.2535683,-0.04086196,0.95131487,0.19509691
Schlager,2.7924576,-0.40862256,-0.6999112,0.71337366,0.055445686,0.6068994,1.3766026,0.9451327,-0.9989101,-0.13739426,2.6501508,-1.1266301,-2.7971108,1.1572877,1.1064546,1.3350288,-0.741092,1.2136256,1.0836283,1.2016869,0.710436,0.9257008,0.7813329,0.3015626,0.87505126,2.5516818,0.7595657,-0.19869922,-0.22917518,-1.3356239,2.9356751,-0.7242723
Black_Metal,-1.5592474,-1.705305,0.8810608,0.8974424,1.9128691,-0.49828738,-1.7852874,-1.1587479,-0.32280743,0.28405598,-0.1495219,1.5675513,0.27600047,-1.9678618,-1.3659064,-1.9058654,1.9355035,-1.4599261,-1.6875726,2.1912427,0.76993483,0.29332685,3.3899558,0.7429607,-0.99877566,-1.488997,0.76083434,-2.6741066,-0.038514618,2.4411838,-3.7561398,1.7820979
Breakbeat,-3.0093987,1.6273539,-1.030341,-0.18917345,-0.43019283,1.0892683,-1.3629366,2.6379707,2.7166958,-0.21889195,-2.4286914,1.3568788,0.6304225,0.13503899,1.823713,0.47724384,-1.7689254,-1.3534418,-0.44220886,-1.5393747,0.87675154,-0.8950961,-3.6234288,-0.28168932,0.67698324,-0.43185818,0.18308851,-1.5593604,-0.46252614,1.5624719,-0.43273023,-1.0931706
Progressive_House,-2.3602698,-0.7530361,-0.3889912,-1.0689168,-0.5590368,0.06957811,-0.96016496,0.6894729,3.8364031,1.5189992,-2.059747,-2.3959813,-0.74493957,2.8691545,1.3912095,-0.9244835,-1.9318062,-1.0730255,0.34280756,-1.496979,1.6828722,-0.7776023,-0.17192228,-3.6652944,-0.92623067,0.82871306,0.2858743,-1.823373,0.5415773,-0.6840754,0.11554447,-2.050396
Dub,-0.109314196,1.7061418,-0.37018007,0.6297858,-0.32850766,2.0705886,-2.7165492,-0.019222943,2.0265234,0.75584203,-2.6562102,1.013844,2.0104656,-0.043370746,1.116669,0.6954568,-0.34115404,0.41207242,-0.23760723,-0.58029246,-2.5865233,-2.573996,-1.7498857,0.034656715,-1.269051,0.5565023,1.3976799,-0.272576,-0.0833491,0.13032193,-0.19493444,-1.4523737
Acoustic,0.4772481,0.016168093,-0.5324443,2.5783415,1.2167158,-0.1500714,-1.9884143,0.2532477,-1.23649,1.4231219,1.0975782,0.0065782582,0.305105,0.9407387,-1.5568583,-0.82073456,0.07018519,0.8054239,0.9278991,0.28365985,-0.6917559,-0.52197677,1.2335861,-0.25393045,0.30228072,-0.9587592,0.88334996,1.2720845,-0.2975443,0.83487046,0.6848541,0.69709635
Death_Metal,-2.2536788,-2.2087724,0.19421181,1.006441,-0.14393115,0.6903715,0.90091115,-1.0392743,-1.8559631,1.426171,-1.3605525,0.82026535,-0.1341009,1.2842058,-1.2737873,-0.62624556,1.5858413,-1.7418188,-3.6126688,1.5710958,1.2918645,2.2011175,0.87710863,1.4657401,0.7204774,-1.618998,0.18921426,-0.35912648,-0.04438838,2.5674174,-3.4990823,2.7911012
Blues_Rock,1.8273447,-0.05711093,-0.78059536,3.5648785,0.13501418,0.06938141,0.41124088,2.8143241,-2.260063,-0.4408744,-0.7561648,-0.9690442,1.7867534,0.51916224,-0.23611018,-0.13964911,2.2559602,2.610008,1.2963023,0.5999072,0.24252234,1.5735488,0.7849569,1.5336497,0.27605104,-2.4618933,-0.08545796,0.5367252,-0.9126359,0.6667752,1.078849,-0.94808906
Europop,1.8463309,-0.5530288,1.1974086,0.31226346,0.21745236,-1.0446987,0.72882205,0.8172529,0.7711771,2.5337503,-2.2417939,-0.6629875,-2.688513,1.06306,0.3276194,-0.036011964,-1.6072111,0.09105661,2.6042233,1.882407,2.6440794,0.28992185,0.7658783,-1.3640584,0.47617856,0.9170628,1.8380724,-1.1030929,-2.026312,-0.32155746,2.8874242,-3.6928258
Soft_Rock,2.0457048,-0.8225717,0.6163217,1.952072,-0.14447029,-0.001696839,-0.6069446,1.9351296,-1.6209961,1.4843112,-0.2106718,-1.7792823,-1.0279157,0.96638566,-1.2217113,0.5198188,-0.64926034,2.8510578,2.9943395,0.3616671,0.32578924,0.37772632,0.30166855,-0.077435225,0.26122028,-1.0760815,0.6514802,-0.26641464,-0.22051154,-0.45170838,2.3761656,-1.4435527
Classical,1.1452955,-0.55268174,-1.154877,-0.96343356,0.65573865,-0.39721897,-0.72506267,0.29036373,1.1640668,-1.7299103,1.2668159,-0.050001796,-2.8647149,-1.9125338,-1.2053088,-0.46017146,0.5284443,2.0361006,1.8647578,-2.0521958,-0.24309076,0.11243596,0.99950993,-1.2870258,1.2002965,0.28179482,-1.8375233,1.2067981,-0.03567247,-0.16684109,-2.5027766,0.17333344
IDM,-2.7977073,2.6691303,-1.5458506,-0.5703711,0.13902289,1.7565184,-3.0207603,0.9246959,1.1633619,-1.2200866,-1.7697042,1.0596027,1.6344392,-2.00028,1.2081909,-0.04985036,-1.3158659,-2.0060844,-2.4368286,0.3034007,-1.2972667,-2.5464127,-0.8994895,-2.2380223,-1.8460025,-1.6459246,-0.63978654,-0.39092487,1.1246965,3.9640744,-0.60828906,-0.33695742
Acid,-2.4923773,-0.098793894,-0.72623277,0.58271146,-0.81667346,2.1040912,0.6017388,1.7044945,2.2292275,-0.76728916,-2.4631953,1.7448136,0.080612846,0.10324255,2.2324588,-1.2713695,-0.1347463,-2.060987,-1.5011812,-2.3936956,-2.533516,-0.6919504,-1.8909364,-2.3685708,-1.2489808,-0.68216383,-1.9679681,-1.8538936,0.4129486,0.38119894,-0.79856414,-0.9926217
Swing,1.5682553,-0.7607479,-4.027387,-1.6253499,-2.246565,-0.7533289,1.1779988,-0.4000433,-2.1866941,-0.2155842,2.4387167,-1.6409017,-1.5813327,-1.2589302,1.136735,1.6774467,0.63319784,0.12029156,0.77922064,-0.2695861,1.573985,2.5355756,-0.36980775,0.8380082,-1.4953439,0.773965,1.6720686,2.357309,1.2168881,-0.12500839,-0.21976195,-2.02758
Classic_Rock,1.4934274,-0.4181972,1.6114141,3.0550625,0.33361876,0.40844637,0.39201835,2.3323154,-1.3460091,-0.7392,-0.594538,-1.4673004,-0.1786073,1.5185075,-2.1039114,0.20356451,1.1118221,3.3711696,1.8385195,1.0525635,-0.35701725,1.5607748,1.5144581,1.0625781,0.1220564,-1.6718783,0.5155838,-0.59957284,-0.6416326,-0.2471957,1.9664642,0.19612731
Drum_n_Bass,-3.3430548,-0.0063032005,0.4474664,0.642362,-1.8605024,0.7532699,-0.61734897,1.591359,2.710295,-1.2103695,-3.1647825,1.0814697,1.1810781,0.07878993,1.6940356,-0.21838981,-1.9898782,-0.4040079,0.27988437,-1.4550316,-0.8142735,-1.5085652,-1.9556135,-0.036827784,-1.2752223,-0.9705271,1.1182003,-1.3952817,0.2766414,2.9753785,-0.35701492,-1.0634567
Progressive_Trance,-3.200203,-0.02286967,-2.1525934,0.5113666,-0.59224653,1.1695504,1.2501032,1.4886078,3.845138,1.198595,-1.7349901,-1.4095439,-0.014843211,0.26779148,2.3844116,-2.3478773,-1.3936499,-1.7525859,1.6836376,1.1806711,-0.34115577,-2.1810753,-0.16177116,-2.2409458,1.7004923,0.0861291,-0.4237408,-1.4348176,-0.6424972,0.04361497,0.3989441,-2.635615
Post-Punk,0.5602043,1.1990105,2.8293345,2.1269717,-0.6520305,0.8369239,-1.9618672,0.31560847,-1.2918625,1.5419388,1.1154404,2.7611187,1.4898887,2.19626,-0.27632925,-1.8916528,3.2631352,-0.86504936,-2.2995098,2.8099055,-0.921639,-1.0852363,-0.29612097,-0.60168463,-0.22800152,-1.7963,-1.8377796,-0.528515,-0.5946728,-0.7863222,0.06320105,2.5651667
Baroque,-1.3208005,1.1562767,1.4834921,-1.5502928,0.044381805,-0.34315485,1.6750919,1.3255416,0.9718128,-2.2516005,1.2600249,-2.2274182,0.7869385,-1.3463111,-0.5383137,-1.6181087,2.5005252,0.5969679,3.1331477,0.8088323,-1.6714003,1.274445,1.5198652,-0.27944657,3.2878304,2.821664,-3.8192112,1.6680031,2.2308154,-1.7352098,-2.2120917,2.9917052
Thrash,-0.08967057,0.08206821,1.1796889,-0.14649081,1.1340286,0.6643229,1.3741586,0.48900414,-0.16110577,-0.22773051,-0.5013549,0.5617867,1.8564116,2.1095653,-3.1535923,-0.1953876,2.7303123,-2.067662,-0.56676483,0.30428785,1.5335562,3.0354533,0.74932396,1.6683149,-2.1406045,-0.7663865,-0.24051002,-1.5928094,-0.54690593,2.0461295,-3.3744054,0.96247244
Indie_Pop,1.3645082,1.2017738,0.9409758,1.0779943,-0.13038196,-0.9394513,-2.7601643,2.4037802,0.33945262,1.495189,0.88666254,0.19136241,0.9785774,2.0706975,-0.022291476,-0.31423658,-1.0235319,-0.2464676,0.61009103,0.93606645,-0.682146,-2.0046618,-0.59812385,-1.7033929,0.41798234,-1.9161975,1.274228,0.64318967,-1.0070184,0.34814692,1.6305994,0.34021056
Dark_Ambient,-2.5417821,0.7566097,1.0447172,-1.701504,1.7229973,-0.025976969,-3.48716,-0.282702,1.7763182,-0.7654156,0.6023294,1.5954043,-0.111072406,0.14039798,-0.8097888,-0.6698042,0.11110718,-1.2722709,-2.8915734,-0.24911943,-4.643491,-0.77933216,1.064395,-2.3839436,-0.7725215,-0.63289875,-1.5023181,0.57300985,0.9621799,3.5575051,-1.5720686,1.3352094
Modern,1.1680452,0.87869996,-2.0139396,-2.073705,0.26564926,-0.82983476,-0.8691715,0.83240354,1.4367064,-1.1542058,1.3205268,-0.8098914,-2.4532793,-1.4510465,-1.4951447,-1.701969,1.1645933,2.3601277,-0.80453724,1.3144703,-1.8369008,-0.6908467,0.5230284,0.21653341,1.4184239,2.2653458,-2.4459264,2.5539832,-0.9643077,-1.3633997,-2.9929461,0.42841142
Big_Band,1.765486,1.2735931,-1.8200605,-2.3475842,-1.7975533,-1.5515509,1.7175324,-0.31787783,-0.7727517,-1.8713814,2.7530968,-0.46600747,-1.5735059,0.3343848,-0.26843902,0.53126866,0.82839096,1.8604606,1.6446501,-1.5349717,-0.15038085,3.1627057,-1.1015966,2.1938376,-1.1862442,1.8416718,1.4161904,1.1296914,2.6420574,-0.08917339,0.87118715,-0.5453878
Holiday,2.087507,0.19385763,0.5969015,-0.30513677,0.45888647,-1.1975702,0.73887384,-0.16486827,-1.4877714,1.4392655,2.3781073,-1.2329354,-1.2945455,1.2032335,-0.42093414,0.7902312,-1.1778783,0.85900176,1.4799461,0.3124269,0.86793476,0.5555923,0.7248817,0.21737902,-0.16304606,1.0990914,-1.4652115,2.101922,0.88061357,-2.0214517,-0.09902844,0.19279711
Doom_Metal,-0.47777092,0.14418316,0.35198575,1.1711936,1.6270432,-0.118174426,0.2638182,-0.69855624,0.5262942,-1.5759022,0.7930559,0.95924973,3.0597174,1.0762767,-1.877199,-2.2329252,2.7991214,-0.30944848,-3.8188858,1.0744491,0.292683,-0.6618497,2.8894217,1.3673029,0.60667217,-3.3908393,-0.7411201,-3.1058517,1.1431735,2.2148156,-4.027048,2.1839097
Breaks,-3.0667753,1.3494697,-0.35645542,-1.0006762,-1.5365752,0.7273436,-0.47071096,0.7971096,1.2330291,0.31063402,-2.694311,0.59300536,0.69968784,0.27552164,2.496383,-0.5619327,-1.8944362,0.007569295,-0.80789083,-0.8924262,0.088369876,-1.9337794,-3.0417023,-0.8877641,-0.48816356,-0.6511621,-0.09567715,0.034756973,0.12699205,1.4617908,0.81676763,-1.5243441
Country_Rock,1.7300254,-0.9890346,0.37137723,4.1020937,-0.14289637,-0.26755244,-0.6403655,1.645159,-2.1538048,1.0279258,1.0563825,-1.4489249,0.5327134,2.7388477,0.29162687,-1.1501173,0.74661684,2.095791,1.6438105,-0.502187,-0.31123048,2.0622294,1.2311444,0.7820173,0.7668168,-0.36378914,0.20319021,0.58189356,-0.99270546,0.62275153,2.0051622,0.48740345
Avantgarde,-0.020754695,2.6999228,-0.051376373,0.14076945,0.269346,-0.17164037,-2.0894141,-0.80332726,-2.515478,0.39944807,1.7208339,1.353509,0.516054,0.80036503,-2.3168766,-0.9228456,1.6568644,0.037215497,-2.3367245,-0.031180898,-2.2471611,0.15203036,1.3000946,0.45532113,-1.6439501,-2.7450244,-0.38113305,-0.24078338,-0.99241674,1.3640212,-0.14836542,2.7706566
Hard_Trance,-3.8666415,-1.7961041,-0.7178174,-0.5385964,-0.45837784,0.0213522,0.7966907,1.409821,2.5369656,0.44387743,0.05606102,-1.380092,-1.1068641,1.0970571,1.7506374,-1.6707087,-1.1013795,-4.5633907,-2.0860002,0.33973423,1.5237972,0.56871176,-1.0664619,-1.1844673,0.9185782,1.3353624,1.0749042,-3.075532,-0.6073583,-0.7719571,-0.3556727,-4.045636
Lo-Fi,0.3991457,2.095807,0.7457928,2.8293033,0.123886734,-0.19289348,-2.8804884,-0.1335015,-0.48186624,0.476439,1.6840587,1.558405,1.8863077,1.1609503,-0.3611515,-0.78500044,0.2764674,-1.2861524,-1.6596498,0.06549398,-1.1599131,0.13687038,0.7596496,-1.5201273,-0.8233899,-3.4216042,-0.01195173,0.66401404,-0.54161984,1.889754,0.326596,1.0571661
Leftfield,-0.65404296,3.2287107,0.16108917,0.5858539,-1.4053841,0.54176503,-3.4823341,0.237024,0.6629813,0.09397853,-1.3489476,1.2792972,0.54558486,0.0392229,1.160346,0.572048,-0.85606235,0.04578039,-0.52920496,-0.6012815,-2.5126917,-2.4651606,-0.88661855,-1.5201516,-0.7394505,-1.5838034,-0.40064573,-0.0906763,-0.52147955,1.3508661,0.7316606,0.4247149
Art_Rock,1.2655952,1.5296812,-0.73609775,2.1576805,0.34018382,0.55569,-2.218439,0.4846888,-2.3714626,0.9341202,-0.46285477,1.548777,-0.06818869,0.59478074,-2.0841322,-0.7942184,2.5604887,1.0557535,-0.87407583,2.1594765,-1.3116806,-0.6230511,0.8180495,-0.67505795,-0.6612768,-3.3359127,0.027287245,0.4589762,-1.0884548,0.9952672,0.73968536,0.5362169
Instrumental,2.7032917,3.3533242,-1.5903614,-1.0836446,-3.0498247,0.09792024,0.12880775,-0.87971586,-0.13162372,-1.4747614,-0.20722304,-0.4583496,1.0054761,-0.0051805396,0.5421056,-0.06358092,-1.6755114,0.12793897,1.5703493,-1.2307442,-0.3409195,-2.5733886,-0.11155373,1.5597985,-1.0390549,-0.53493834,-0.20653698,1.6297351,1.4146874,2.6633773,-0.56019115,0.2849096
Fusion,0.62566656,1.1004691,-1.6571803,-0.9972576,-1.9977844,-1.772144,-1.2038416,-1.0524566,-2.2764504,0.6922023,-0.7875041,1.3767655,-1.0940548,0.1281093,-1.5369761,2.4311924,2.4396117,4.418526,-0.7530937,-1.5753802,-2.2238607,-0.010272273,-0.84669745,1.7618613,-0.21061796,-1.7508553,0.8884807,0.861398,1.4251888,-0.087896995,-0.21597414,0.38194615
Post_Rock,-2.6971326,1.7237816,-0.529116,0.887592,-0.656382,-0.37642074,-2.6512077,-0.61620945,0.43742275,1.1014947,1.7512441,1.3650651,1.7388628,0.50200385,-2.024329,-1.8375305,1.8749361,-0.313715,-1.5198292,1.0499845,-1.4628307,-1.3993753,0.40233016,-0.18818595,-0.08486046,-4.087127,0.34163567,0.78506374,-0.7095871,0.93732303,-1.1540275,2.3491163
Contemporary_Jazz,1.4507139,1.6863213,-4.0088873,-0.44149044,-1.954902,-2.7795987,-0.544694,-0.971232,-1.5954674,0.6458627,1.1125809,-1.1003051,-1.6805714,-0.85054255,-0.43040517,1.57804,1.2221625,1.9369502,0.5847781,-1.5806276,-2.2488842,-1.1326711,-1.5014237,0.8492432,-1.0915754,-0.25240487,1.5590423,0.6312143,1.052502,0.8640413,-0.79240644,0.64190453
Theme,0.86677486,-0.6216981,-1.024664,-1.9030167,-1.807662,0.20536223,0.6717564,1.3132198,-1.5787293,0.14473839,2.5246751,-1.1403527,-2.836581,-0.26049027,-0.21508966,2.0733593,-0.7090326,2.2115216,1.4443529,0.8846738,-0.68543625,0.32707834,-1.5712615,0.5835435,0.15102655,-0.36602962,-1.489167,0.95457757,0.093117565,1.2497238,0.6617399,-1.175205
Jazz-Funk,1.9632088,2.5057101,-2.3415887,-1.2589003,-3.74997,-2.4869413,-0.6564261,0.9701819,-1.0921509,0.8950284,-0.32961166,-0.7694722,-0.30932418,-1.8904754,0.4818884,2.3186882,2.0507023,2.9777381,1.4450707,-0.33318797,-0.022173334,-0.10722496,-1.9771307,3.5381937,-0.4730103,-1.4139056,1.1797884,0.4239923,0.029368686,-0.8916442,0.99453765,-0.986777
Dance-pop,-0.4031164,-1.424282,2.2272644,-0.14455466,-0.23711118,-0.7599307,-0.023895916,1.678069,1.1656786,2.476434,-2.6547375,-0.6798397,-2.6777432,1.4706662,0.34210372,-0.27648985,-3.2084203,-0.8288078,1.117429,0.31238914,2.0178041,-2.2646048,-1.5540793,-1.9710562,-0.0959836,-0.078516856,1.4890934,-0.97303987,-0.47323066,-0.4438001,2.290901,-1.3760478
Beat,2.9659734,-1.6714277,0.50998515,1.9441688,-1.7224779,1.0264314,0.6617371,1.403857,-1.1634257,-0.12828892,2.4495208,0.02294706,-0.022873443,0.3831846,-0.26761606,0.64163727,0.2592308,1.6488124,-0.13145964,0.40418953,0.2584594,2.8364403,1.0637466,1.3757672,0.20739834,-3.2977686,-0.25190198,0.6952868,2.4369261,-0.8191785,2.3686798,-1.4443896
Religious,-0.6204703,-0.34970912,-0.26578438,1.7394218,0.6091669,-1.2937322,0.39307266,-0.5130543,-2.218921,0.040019035,1.2494937,-0.9677991,-0.52501726,-3.223888,-1.4543157,1.7886989,0.086326554,0.71155894,1.1915997,-0.08783839,-0.89123785,1.0972022,2.683869,0.4347357,2.6433613,3.1478944,-1.4121264,2.9673615,1.07486,-0.86608785,-0.7078397,-1.4170778
Reggae,-0.16284941,0.08252941,1.1969472,0.30081317,-0.9356245,1.1167243,-0.86531866,0.93536675,0.24401917,1.128147,-2.1715531,1.4159548,2.128935,1.3100439,2.0688157,2.8213265,0.9968324,1.5940192,1.7111163,0.9057334,2.004601,-0.94394594,-0.10625398,2.3286343,-0.86289537,1.1203098,1.1540912,0.7472809,-0.2628495,-1.8985974,0.63099164,-0.5404139
Gospel,2.4037077,0.25251162,0.38965315,1.3605103,-0.57545626,-3.6017802,0.89419526,1.8044323,-2.2715082,0.9427901,0.492448,-2.2704854,0.24164246,0.90273476,0.87220633,0.10690177,-0.46963638,1.1791884,1.8860675,-1.1849383,-0.20641807,0.22680038,0.75404865,1.308317,0.77944773,1.2918853,-0.6260873,1.5240037,1.101179,-1.41465,0.6065389,0.32684433
Score,-0.60809016,1.2534815,-2.0621703,-2.237717,-1.2125711,-0.046984997,0.13461478,0.86382574,-1.4421139,-0.9451761,3.115902,-0.46361125,-1.9177214,-2.5882075,-0.33591515,-0.38741884,0.36904258,1.7365601,1.7770604,0.6933826,-1.4700073,-1.5252681,-1.3680037,-0.4447622,-1.9519526,-0.33219156,-2.4503937,-0.18622264,0.7233203,2.6173797,0.40702423,-0.2349772
Contemporary_R&B,0.34539965,0.70270014,2.6370418,-0.36660376,1.7283072,-1.1377168,-1.890213,1.1061294,-0.9218348,1.1489701,-1.6329026,-3.3980975,-0.97406965,-0.3658745,1.5772883,0.557248,-1.4264168,0.41108477,3.4943664,-1.4250475,2.2223527,-2.6028914,-2.9337435,-0.38603917,0.99116665,1.7280982,2.19471,-1.0391062,-0.359653,-0.4644433,2.5686462,-1.2897595
Contemporary,0.117103085,1.939354,-2.9085264,-1.1365467,1.0864128,-0.60677224,-1.0567256,-0.5342233,-0.92123115,-0.046261095,1.7722721,-0.3094717,-2.7742164,-2.440821,-1.9948165,-0.09382715,-0.005613626,1.5592949,0.39155596,-0.01270453,-3.1689234,0.55607784,-0.31522688,-1.0403571,1.5560097,0.25928098,-1.3607736,1.1899672,1.1491144,0.8664269,-2.309267,2.2199638
EBM,0.5459043,0.0027452481,0.82509065,-0.5885341,0.22884697,1.1536459,-1.8627645,2.4681518,1.3734102,0.9014473,-2.0270348,1.4313353,-0.81077147,2.4037254,1.2565547,0.069050275,1.2035644,-3.4463089,-3.1072257,2.232115,-2.3745346,-1.5554504,-1.1052936,-2.8989694,-1.7962956,0.61391115,-3.5368962,-2.2468722,-0.6274675,2.35179,-2.1239226,-0.2684865
Emo,0.5191167,1.4601513,1.146463,1.3299531,0.5328926,-0.11958468,-0.74993825,0.96155953,-0.37788343,0.3264983,0.7469315,2.0759847,2.4559338,1.4040385,-1.2994498,-2.2975435,0.2063045,-2.9986854,-0.20039609,1.7978538,2.3542843,0.08677321,-0.76969063,-0.68547606,1.8975569,-2.600443,2.5201974,-0.17507674,-2.4468741,0.4770136,-2.8219914,1.4575928
Modern_Classical,-1.5233699,1.2924895,-1.8673776,-1.1270308,0.50247645,0.21864042,-2.6989198,0.24345821,0.40753192,0.3779443,0.9761038,1.2434735,-2.3230572,-0.6078109,-1.2587091,0.054182548,-0.40703905,0.34799585,0.42363474,0.14200953,-3.9009957,-1.5182495,0.05785443,-1.7118113,-0.30433622,-0.70554304,-1.749891,-0.06260999,0.2882159,2.6765578,-1.1363698,1.0015116
Shoegaze,-0.47300062,1.0118473,1.4881748,1.7054492,-0.8687378,0.86197394,-3.9300883,-1.1915663,2.0406246,0.29764456,1.7233003,2.201473,1.1749934,2.7871866,-1.2297938,-1.1641514,0.6678529,-0.674155,-2.4547126,1.5803413,-2.0569685,-2.4092715,1.6625526,-2.2290552,0.74937445,-3.7223353,0.6798078,-0.28952676,-2.211323,0.6089291,-1.5776618,0.34428453
Rockabilly,1.5153929,-0.8514481,0.49629351,2.7581959,-0.5173788,1.5695543,0.3687814,1.6852987,-1.0599971,-0.76585853,1.6380237,-1.872761,1.0950962,1.271744,0.8662075,-0.09045503,-0.798953,1.9673549,0.4943014,2.961422,0.8250764,2.4932091,0.88355047,0.777185,-2.3381946,-0.39049736,-0.14700493,1.4425935,0.89277047,-0.5317604,0.32410207,0.2703646
Power_Pop,1.4630216,-0.22865891,2.1714346,3.7501245,-0.23662691,1.3717624,-1.0841902,2.585985,-0.82042265,-0.037649192,-0.41345587,0.47725868,1.177984,1.2520279,-1.7962635,-0.25374064,0.9072935,0.6000816,0.94773346,2.0338833,0.8247046,0.7868476,-0.1611985,-1.4674639,-0.025819827,-1.6947107,0.37633425,1.1387374,-0.94672865,-1.2902884,0.90185535,-1.0445008
Grindcore,-1.3116366,0.654014,2.744777,-0.98549783,1.292452,0.27212414,0.4969645,-1.5708213,-1.7208278,-1.9256154,-0.54891413,3.2561984,2.165124,-1.1824145,-1.3806962,-1.0422753,1.3350244,-2.4559767,-3.9315782,1.1580167,0.7196256,1.708017,0.25541928,1.3033767,-1.772204,-1.8168848,2.2656856,-0.09964292,-0.60286605,1.4651194,-2.9383106,0.15340732
Pop_Rap,0.44514883,-0.21633428,2.2137475,0.8630215,1.3385159,-0.88099813,0.032457445,0.47788733,1.2493458,1.0965394,-3.459206,-1.2732303,-2.42009,2.8313441,0.47809094,1.0548902,-2.3304935,-0.70418024,1.5676705,0.28033766,3.3094394,-2.5693614,-0.9076424,-0.48207018,0.79383695,0.77886903,1.3103772,0.5468982,-1.2031622,0.4589662,1.5499929,-2.392726
Opera,0.9011594,-0.03336364,-1.6012107,-1.4320555,0.3913851,-0.05734497,1.4858427,-0.0015305157,-1.7948583,-1.5308925,2.1062603,-2.7360363,-2.6511831,-1.7441738,-0.93656504,-1.0904814,0.053129323,-0.5432381,0.021026526,-0.028421294,-0.9977475,0.52593607,1.5796889,-1.3786411,2.3333986,1.4207115,-1.7965975,1.0378963,-0.28912193,-0.47823212,-1.5285312,-0.53159386
Jungle,-3.7153084,-0.7122055,-1.224893,-1.2415752,-1.027348,2.201743,0.17117722,0.4777014,2.1778913,-0.38654202,-2.7459767,2.5904708,1.1131208,-0.5192789,2.9312325,-0.17292494,-0.67927635,-2.7385569,-0.86867005,-1.7124475,0.8279328,-1.396074,-3.0735056,-1.2624613,-0.34874722,1.6715444,1.4395313,2.1014283,-0.2093421,1.6277931,-1.0483634,-0.32454354
Tribal,-2.9160516,1.3294593,-1.7238361,0.16571015,0.23058453,0.040245797,-0.35107797,-0.07080836,1.5423614,0.63166237,-1.8139335,2.3729575,0.025537722,0.0624297,2.348499,0.0418335,0.50361246,-0.9355984,-0.5118823,-0.73014766,-2.258284,-1.7592809,-0.30395523,-0.5762215,0.26874572,-0.008494289,-0.21784613,-1.9148171,1.382956,0.7206566,0.43271658,0.05526161
African,1.0566728,1.4618446,1.3491199,-1.8768108,-0.5836791,-1.1747394,0.29797047,-2.1701598,-0.66867524,3.211964,-0.3894856,0.14875536,2.1505268,-1.7215005,0.9694283,0.030332167,1.0989434,1.6898699,-0.8831922,-2.680234,-0.51355135,0.287224,0.7909482,2.378943,-1.1260521,1.8061653,-0.4557973,-0.6356117,0.5049397,-1.207533,2.3387253,-1.5586207
New_Age,-2.283322,1.817068,-2.3305223,-1.6673477,0.0050582984,-1.0267135,-3.0042994,0.80804664,0.27556574,1.0178521,2.4600105,0.9021438,-0.5030834,-1.6572859,-1.728903,-0.43179718,-0.03186267,-0.17589395,0.7962808,-1.5287448,-2.98895,-2.33067,0.5653706,-0.7016515,-0.57326424,-0.6239482,-0.9058626,-0.12990426,0.9255549,-0.145532,0.44229573,-0.94263124
Hip_Hop,-1.0469601,1.4776742,1.5978341,0.03421024,0.20811002,0.39442977,-2.1590905,-0.029889222,1.4659069,0.24642274,-3.1650395,0.6757656,-0.7222494,0.87491053,2.3201463,1.1613932,-1.9853023,-0.5566355,0.65042603,-1.2948952,0.68949574,-1.6460613,-2.6092463,-0.23141472,-0.1389219,-0.8362699,0.93926036,0.7471231,-0.45079818,1.4404874,0.6615102,-0.44512147
Bolero,2.8057945,1.9987348,-2.2149687,-2.1311927,-1.2826339,3.2761502,1.9831246,-2.683547,1.7394148,1.1994045,1.9903859,-1.568637,-0.23576865,-3.327288,-0.38132775,0.5162174,-0.9816694,-0.4032146,-1.361843,1.0984833,2.5336144,3.034292,1.1939663,2.541804,2.0664597,1.6430044,3.9773216,0.66019166,1.45169,-1.8490022,2.2159505,2.249196
Spoken_Word,1.6280999,2.1555037,-0.75361335,1.4729674,1.7810844,-0.011092662,-0.16879758,-0.051306095,-1.8879081,-1.125874,0.97835535,1.8271596,-1.5944855,-0.87059355,-1.1499679,0.52272886,-0.6706595,-0.26945993,-1.2666355,-1.8527747,-1.937068,-0.5174711,0.446346,0.7741797,-1.4988056,-0.10202797,-1.8637799,1.8860879,-0.48045227,1.1759568,-0.4516485,0.8102491
Stoner_Rock,-1.2575202,-1.3820153,1.426884,3.0695496,-0.8891747,1.0791701,0.2773333,-0.7604677,-0.63323826,0.18075828,0.72450995,-0.47141263,2.478417,0.40656835,-0.99130976,-1.8626751,2.4011536,0.79819685,-1.4788712,0.7492455,-1.2952634,1.6558446,1.5681379,1.8673489,-0.37061048,-4.783117,-0.5441772,-0.3016333,-2.6387117,0.40942645,-2.9103625,-0.19305682
Trip_Hop,-1.7415915,2.398096,-0.70036477,-0.031177772,-1.1749653,0.7986888,-3.2716634,-0.32635847,1.4163228,0.23837008,-1.4268738,0.9473195,0.69597715,0.17360748,1.7182075,1.1422179,-0.778919,0.7609369,0.8440258,-0.91384983,-0.42871577,-3.3338664,-2.1202,-0.8689609,-0.25824288,-1.914772,0.76814824,0.45577836,-0.43689275,2.1674821,0.5789965,-0.6740727
Choral,2.2279723,0.50779605,-0.5205297,1.2104679,2.490407,-1.0064294,2.7033176,-0.10331263,0.45707673,-1.2147793,2.5737786,-4.4674883,1.0574151,-4.58712,-1.2380321,-0.42688134,0.93757296,-1.0678,2.9310708,-1.1036872,0.07008049,-3.2751226,2.131485,-1.3370267,0.62376595,3.0089562,-3.3051567,-0.24402179,0.42953333,-1.4141084,-3.5104785,-0.353782
Oi,1.0390888,-1.5482236,1.9385623,2.247154,1.1781132,2.6419911,1.4584595,1.960603,-2.2464807,-0.04002117,-0.18793193,0.9291519,3.3300273,0.4505467,-0.6747318,1.0077918,1.6231239,-1.8729625,0.3046865,1.3636612,1.3981608,2.6221495,0.90030336,0.83266616,-0.35465482,-0.14934595,0.122759104,-1.351961,-0.5751574,-0.8034539,-2.7565887,0.7914141
Soul-Jazz,1.7911154,1.0842164,-1.9043186,-0.8692767,-2.2769308,-1.7379841,-1.0423434,0.13243234,-1.6266663,-0.7399873,0.25291616,-0.8369091,-0.92651945,-0.33837938,0.65438473,3.7128007,2.5257053,2.2705567,1.5908543,-1.5940713,-0.60286045,0.25908795,-2.1662226,1.8928447,-0.744444,-0.5761144,1.727099,0.42229375,3.0676854,0.87898374,1.3082112,-0.9883822
Comedy,0.8409174,2.0465302,0.4769266,0.3283769,1.0639021,-0.77506,2.1317635,1.1284059,-3.3829176,-1.0292333,1.6115648,1.2441641,-1.6006861,0.79265416,-0.4913886,0.35781795,-1.1625366,-0.5761841,-0.56923693,-0.65263045,1.6195922,1.4075236,0.5685102,0.71121794,0.06291712,0.6852072,-0.7045814,0.7231058,-1.3074542,1.0506381,2.1212604,0.63856673
Garage_House,-2.1897914,0.7491864,1.0249358,0.18398128,-0.9700972,-1.5468699,-0.40372083,1.1383364,2.2217984,1.4553322,-4.378198,-1.6592487,-0.9454278,0.18511991,0.56890273,0.3423125,-1.1609632,-0.3638563,1.1441251,-1.4879068,0.9702572,0.23273237,-1.6486461,-1.0054394,0.67076504,1.1798313,1.9061159,0.02620193,-0.05934058,-1.2441658,1.9392036,-1.9916457
Orchestra,0.7344276,-0.36032033,0.9388403,-0.5832779,-1.3353462,-0.9909071,2.0423222,-1.4489678,1.1054052,-0.27311438,2.7447243,-2.6927092,-4.192984,0.11343816,4.485959,-2.0854764,3.7079985,-0.63920105,-0.41152996,0.3900642,0.06552524,0.54563314,-1.6415501,-1.5151514,6.52121,0.19139792,-5.006099,2.2759469,-1.716162,-1.7188067,-2.8175786,4.327201
Darkwave,-0.5640339,0.8776476,0.9888003,-1.2628247,1.1490858,2.6337926,-3.260846,0.93628573,0.5034982,1.420161,1.3308583,0.027017662,0.30595353,0.8930808,-0.43534878,0.013355417,1.9213847,-2.9892285,-1.2895503,2.5659242,-2.3936408,-2.788934,0.76423925,-3.4542952,-2.144718,-0.5841933,-2.0844889,-2.459132,-0.12589228,1.3494757,-0.26397115,2.2983918
Ska,2.4139886,0.32889783,1.994618,1.3515455,-0.78618324,1.8381197,-1.517774,1.0093273,-0.674245,-0.3791729,-1.4192519,2.1274698,1.5288409,1.4547368,0.55274284,-0.35467586,1.6974049,1.454755,1.1708142,0.63014215,1.8555565,1.378312,-0.86507326,1.3998641,-0.2984872,1.3756664,1.2691257,0.019313786,0.44489187,-1.5330751,0.5082562,0.22818013
Jazz-Rock,1.2647809,1.6557767,-2.2538662,1.5809232,-1.8372875,-0.37381384,0.11353856,-1.081085,-4.065443,-0.07110609,0.30526295,0.14413531,-0.5576252,0.25394416,-1.8013223,0.2741503,3.8832905,3.3668363,0.8039401,0.35647824,-1.130211,-0.27055624,-0.05006645,2.3329775,-1.6577643,-1.6503582,1.0739795,-0.37986395,0.7613503,0.6584477,1.2838533,0.39542595
Roots_Reggae,-0.17497943,-0.7748058,2.2404215,1.5524358,-0.69595176,-0.42334506,-1.6534165,0.87076586,1.958803,0.42641816,-1.4700817,2.8511434,1.885964,0.90038997,3.1794891,1.4043862,0.9485829,2.9971786,0.20188315,-0.15659153,1.2665596,-0.81437844,-0.89234877,2.5305095,0.04677502,2.0750196,0.06742556,0.040635884,1.286262,-2.0585265,-1.1266823,0.1907517
Salsa,1.5866634,-0.35313687,1.3845962,-2.2240362,0.8715603,1.2587901,2.592245,-0.41655755,2.2327313,1.2302159,0.12687713,-1.0826138,-0.006783156,-4.095531,-0.5603922,1.5507915,-1.0958469,1.9266284,-0.34262168,-2.340965,3.364277,-0.13701026,-1.2417902,2.8379714,-0.46709743,-1.0204751,2.4517856,-2.9458,0.76159674,-2.929439,1.8498964,-0.43450654
Goth_Rock,-0.21382856,-0.4945641,2.0245752,0.6893161,1.6485049,1.2074035,-4.032875,1.7813798,-1.7793179,0.5903461,0.7053451,-0.1195294,0.6256105,1.5713612,-1.2887461,-0.20198321,2.9761436,0.035082065,-1.0023706,2.6049926,-0.7259588,0.910204,0.37439173,-2.103375,-0.34703192,-2.1773455,-1.6963706,-1.7802135,-1.1275123,0.7732489,-2.0514753,0.4947542
Gangsta,0.5677208,1.8664196,2.012429,0.6746385,2.5153632,-1.613727,0.08475145,0.099537864,2.5473487,1.1004764,-0.77320117,-1.9468416,-0.48159757,1.2733303,0.38059208,1.5103415,-0.9176994,-2.1318402,0.453285,-0.6779914,3.1315966,-0.24690026,-3.6094642,2.4472558,1.1958077,0.87090266,-1.319617,0.85185844,-0.58858806,2.7732925,-1.7694471,-1.3733113
Latin_Jazz,0.99300253,1.4143305,-2.8579218,-3.8608973,-3.6505482,0.33222443,-0.0140038915,-3.074916,-1.6778442,1.5035894,1.451351,-0.6406163,-0.7851853,-0.4951022,0.2671753,1.9915863,2.576819,1.4852536,0.62455696,-1.5455605,1.6857685,0.7398008,-1.2059265,2.8810403,0.20454298,0.005182378,1.9713871,-0.4054086,3.0056965,-1.2288495,1.1795634,-0.4681725
Synthwave,-1.0450186,0.80988836,1.2841307,-0.82561284,-0.7770345,0.798166,-2.8238094,1.3209845,1.8442537,1.4249504,0.9317061,1.2361947,-0.80357015,0.026145589,0.4096925,1.4749063,0.22290052,-2.2500823,-0.7210969,1.0959449,-2.2981617,-1.5632994,-0.80086404,-2.3763497,-1.4979146,-1.7389413,-2.0492568,-2.9299538,-0.40666568,1.0648448,-0.5642093,0.60873216
Dubstep,-3.348234,0.59135514,0.9492653,-1.203833,0.8346652,1.5030015,-1.173878,0.6514561,3.2285802,-0.64543664,-2.0457714,0.40728176,1.5250504,-0.97805476,3.0475733,-0.9057943,-3.0257154,-1.2178254,-0.46402133,-0.74329954,0.9880463,-2.1788223,-2.7141597,-2.6113915,-0.61338586,1.0649624,0.26687586,-0.48933384,-0.27619162,2.2940774,-1.8187648,0.84998405
Glam,1.2671468,-0.28180912,2.384475,3.3832934,0.35101148,2.312541,0.7710319,1.6989715,-1.1942649,0.10854471,-0.12766246,-0.8500791,-0.14952585,1.8477222,-1.1841965,0.75983244,0.8155038,1.2561296,1.8863268,1.7529098,0.3629212,1.1882805,0.5544143,0.52153283,-0.15607768,-1.7854882,-1.3985016,-1.1543167,-1.6760651,-0.6943364,0.6423375,-0.14282577
Future_Jazz,-1.3262309,3.5195584,-2.5312762,-1.9253247,-2.799384,0.08775577,-2.7703073,-0.5244235,0.53158706,0.65967584,-2.7512758,0.9708181,0.30113494,-1.5898976,1.1446152,1.0691073,0.39270687,1.0193759,0.9324039,-2.5258393,-0.77064365,-2.6135278,-2.489669,-0.60481024,-0.09865845,-1.2437218,1.2045319,0.47619507,1.420879,0.84560657,1.117774,-0.23346962
Free_Improvisation,0.40923956,4.125136,-2.3455324,-0.9631131,1.1593568,-1.4424293,-1.8011369,-1.8223671,-1.7066616,-0.92033005,1.4482112,2.256972,0.02282228,-1.2091134,-0.3039475,-1.3254664,2.798214,1.219148,-1.957591,-1.2719405,-3.650664,0.5729694,0.46675533,0.7488057,-1.1983294,-2.0673947,0.5495084,0.9999749,-0.6467743,0.92043173,-0.5650749,1.422114
Eurodance,-1.817264,-1.6959485,1.82101,-0.19607528,1.9410173,0.40569082,0.7778036,0.6312355,3.2034657,1.685938,-2.1207361,-0.35146117,-3.1971288,1.8547341,0.9080051,0.10871057,-1.9917792,-1.681107,2.3650348,-0.62100476,2.2887237,0.56942594,-0.48895952,-1.6584437,1.6462691,1.639532,1.6514581,-2.3177335,-1.6532866,-0.7885595,1.8831502,-3.3585987
J-pop,0.8676957,-0.73946226,1.3383281,0.4397344,-2.0253348,-1.0870674,-0.9688371,2.1967876,0.01729241,1.4114637,-1.0998405,-0.34943858,-1.0483812,-0.16252768,-0.6258646,-0.030745292,-1.4101764,0.079634495,1.1720843,1.3595934,1.7923932,0.13880347,-2.7314444,-1.5021824,0.65905005,0.21923803,0.571716,-1.0157005,-0.5921041,2.7954805,0.26920223,-1.9250646
Surf,1.0646383,0.29931578,0.64047325,2.4439473,-1.6914008,1.3801868,-0.8387822,0.71405023,-0.1744836,-1.6531221,2.45861,0.41120544,1.03785,0.3252612,0.6363615,-0.052576713,0.78003687,0.63424313,0.43887234,1.873194,1.2659261,1.6630809,0.628649,0.86916304,-0.33941352,-2.4463596,0.0736727,1.3948777,0.6866969,-0.09750907,1.0422001,-0.39934778
Field_Recording,-1.0766509,3.4001133,-1.6536614,0.24745026,2.7338543,-0.5962395,-0.39403486,-0.66209024,-0.5301282,-0.4984258,0.77484506,2.1382804,-0.84582347,-1.2004935,-0.23558368,-1.0458821,-1.4360944,-0.93673956,-1.8143628,-1.2411128,-3.771373,-1.1189481,1.9140799,0.3209901,-0.49200347,0.109695695,-1.4611881,1.9487407,0.93176746,1.3052523,0.21443342,2.5374138
Doo_Wop,3.913619,-0.6870106,0.6813839,2.0064738,-0.67931515,-0.3933612,0.047958303,1.4894475,-1.4161015,-1.0797945,1.1178062,-2.4284022,-0.34487268,0.7929676,1.1301494,0.58549404,-0.51576984,0.28683752,0.91173834,0.9011878,1.066764,2.2535028,1.5342925,1.7244368,-0.14761078,-0.6931305,-0.059059203,0.76255393,2.2825847,0.052727055,0.7976608,-0.38441062
Psy-Trance,-3.4153688,-1.3364751,-0.9344346,-0.52358246,-1.1271665,0.6522642,-0.63304365,0.39774632,4.54594,0.8255758,0.66914165,-0.6011038,1.0054626,0.3724956,1.1621438,-1.4870311,0.5841981,-0.5533131,-1.1294405,-1.0948377,-0.93703747,-1.693923,-1.6309488,-2.0790713,-0.2192961,0.37941262,-0.73245084,-2.0664437,1.4584001,1.3037851,-0.19481777,-1.4625965
Dancehall,0.43775618,-0.20397921,2.126713,0.29582146,0.4170454,0.3980555,-0.16917399,-0.2712309,3.7382128,1.3226761,-4.0942135,1.6590848,1.293734,-0.6821641,2.614341,0.121357106,-1.090994,0.6458681,2.2914872,0.33600476,2.014927,-1.2025573,-0.961068,1.4607229,-0.0037987852,2.0444045,1.4153887,0.7079937,-0.11789563,0.4829367,-0.82998145,-0.46962973
Conscious,-0.42711744,2.1090841,1.5220022,-0.6308329,1.1064607,-0.97267,-0.35408607,-1.2600533,0.09946,0.60389495,-0.8852715,-0.1376668,1.2351116,1.1666802,1.8950002,1.0080467,-0.8372518,-0.006391757,1.4165301,-2.576652,0.55013263,-2.5252326,-1.9658806,2.6553211,-0.26907152,-1.2582508,0.6778207,2.276525,-1.4444051,1.7974116,-0.57270056,0.19464779
Electro_House,-2.5412538,-0.2248292,0.3995118,0.4675735,-0.020249054,-0.23341408,0.8256839,2.0549355,3.9489007,1.7854184,-2.095101,-2.208291,-0.91183996,0.5047869,1.3593056,-0.6669702,-2.672993,-2.295357,-0.2376502,1.0935231,0.9578075,-2.6471975,-2.3846405,-2.4713607,0.42550534,1.296988,1.3986481,-1.1482863,-1.3036859,-0.305905,1.2510223,-0.12068735
Happy_Hardcore,-3.0722208,-2.5082397,-0.05371533,-0.2929119,-0.14096417,1.4656657,1.7783325,2.298396,2.072351,-1.8095932,-2.2063394,0.9884247,-1.8131756,-0.053024787,1.4049202,-3.7543,-1.0797267,-3.491191,0.45779797,-0.92420536,1.4613444,-0.4483884,-1.626099,-0.6231532,-0.82286024,1.4688925,2.1300504,-0.7511573,-1.9630954,0.91378057,0.8375887,-2.579203
Gabber,-3.3964548,-0.4675665,-0.24569377,-0.68305784,-0.020182785,1.1029404,2.478249,1.6693083,2.9371114,-2.618775,-0.0033271292,2.5902503,0.5539604,-1.0641928,1.6673318,-0.10526735,0.19103834,-4.751964,-2.7609057,-0.62961036,0.31105378,0.70821834,-1.7014985,-1.198112,-0.33156464,0.93198675,0.8765984,-0.8700419,-2.1670318,2.6106246,-1.1157507,-0.4658932
Hard_House,-3.4136372,-0.0738477,-0.3161678,-0.2896695,1.1215433,0.4882166,2.2937148,0.5812419,2.7084575,-0.57541686,-1.9762518,-1.0418104,-1.6305684,0.20529215,1.4680922,-2.1717048,-0.21972863,-2.317729,0.2684989,-1.30476,1.6870644,0.4390347,-0.82964474,-2.1748533,0.9743399,0.4103702,0.7489815,-2.263041,-1.1118884,-0.12529382,1.2220589,-1.5984849
Cumbia,2.9085085,0.14141008,0.24145286,0.14881557,-1.5806036,2.134669,3.2963781,-2.3879137,1.1106204,1.7599577,-0.38099277,-1.317425,3.3755167,-1.6334919,2.7131693,1.549977,1.1424483,0.66834295,-3.198005,0.10396982,3.3883781,-1.7986598,0.2187475,0.16944513,0.48148182,0.9791494,1.670206,-0.9053833,-0.24843997,-1.1807855,2.381844,0.08593024
Novelty,2.3863497,0.6407919,0.45173597,1.4023674,0.2818385,-0.34608787,0.33776724,1.7828623,-1.2594752,-1.8838274,1.567794,0.5469773,-1.6550404,0.3812921,0.26171744,0.89629817,-1.9598594,0.42291954,0.30604717,0.6280702,1.556956,1.3999364,0.80638397,0.92541814,-1.2773397,0.8494591,0.17417012,0.8363714,-0.11166983,0.27743945,1.542223,-0.8911719
Rumba,3.00553,-2.117663,-1.5486037,-2.5778644,-1.9390751,1.5710365,3.0528142,-1.9764394,1.3458644,-0.21965937,0.9906116,0.008409457,-1.5175742,-0.7622735,1.0903451,1.1278284,-0.410565,0.08733377,-0.77056074,-1.6446731,1.176704,-0.7319178,1.8723826,3.4222786,1.4291576,0.52835333,2.6359344,-0.9600321,2.5501425,-2.1914454,0.47685248,-0.011272829
Samba,1.1473477,-0.16425855,-1.2313076,-3.2815316,-2.6633594,2.5385227,1.6372061,-2.6642768,-1.1891198,1.933393,0.64408576,-0.7189713,-0.34157145,-0.74529934,2.3261883,1.8691761,0.02855487,3.280262,1.5567545,-0.19691293,0.7667459,1.0445126,-0.61955565,1.6578927,-0.6523495,0.5542482,1.8898191,-1.2242588,1.8549004,-0.8049631,1.81894,0.10381542
Italo-Disco,0.8224914,0.30762148,2.029673,-1.1839153,-0.9366453,0.97986585,-0.35151717,1.7923951,1.0020193,1.9472387,-1.6654882,0.50033385,-3.651799,1.2288402,-0.37936097,1.78324,-0.36476052,-0.93187463,1.2782758,0.906899,-0.7336326,-0.42501846,-0.2912233,-0.80435586,-0.11126485,-0.4810296,-0.95240515,-2.2893176,-0.77496386,-1.6624285,2.5793698,-1.4160594
Kayōkyoku,3.7001333,-1.6206081,2.3383174,0.50269073,-2.724521,-0.5401521,-1.835769,2.8035378,-0.703426,1.0413578,1.3817812,-2.4938855,-2.229957,-2.1792185,-1.2960529,2.6790907,1.7221625,1.9806166,0.4092213,1.4503663,-0.0022631346,2.1755872,0.25889695,1.496735,0.95647115,2.6732554,0.5085584,-1.3074899,0.5246073,1.910683,3.6178858,2.133252
Free_Jazz,0.93613696,2.6440318,-2.9593709,0.18858477,-1.7967666,-2.2412932,-1.7480112,-1.2175429,-2.5119045,0.09500214,-0.009765472,2.8725798,-1.1079286,-0.5451551,-0.08614431,-0.7104314,3.6920953,0.76406974,-2.421238,-1.4311589,-1.9130405,0.9708421,-0.39562118,1.1167154,-1.1623439,-1.4868551,-0.20425428,1.0835226,0.70307845,0.5036843,-1.0727714,1.39263
Bop,1.8019118,-0.2818505,-2.7449198,-1.5192612,-0.9176347,-3.5816941,0.19301388,-1.6633884,-0.33683628,0.008846633,2.2639778,-0.3803789,-3.224714,-0.23009898,0.6889766,0.05626125,2.0965967,1.2812958,-0.11290799,0.21652251,1.2378997,1.6597148,-1.4092404,1.6185529,-2.274954,1.1649206,2.7849345,1.5217845,2.9503338,0.089641884,-0.08541324,-0.28594157
Boogie,1.5698401,1.3240005,2.2780163,-1.43073,-1.0814817,-1.0697931,-0.5625042,2.3518639,-0.90403485,2.4396844,-2.167635,-2.68492,-0.66007406,-0.122637294,0.43559843,3.4361718,-0.48342887,0.9440818,1.6174747,0.6199735,-0.9569841,0.04321766,-1.3127618,2.4225178,-0.7745554,0.04426175,-0.24739058,-1.0563933,0.75307274,-1.487049,1.9493692,-0.02623185
Pop_Punk,0.86938417,0.23414664,2.6054645,3.1411655,-0.007439741,0.97137856,-0.22007611,0.6060974,-0.06607194,0.7769979,1.137037,0.66121674,1.6130962,1.7938147,-1.1850551,-0.37605157,0.4085311,-0.6004077,0.2386812,2.2525525,2.5898497,0.31989083,-1.297531,-0.59452707,-0.67420936,-0.5869975,1.0759302,-0.17158988,-2.206482,-0.012083699,-0.27910867,-0.16028455
Vaporwave,-0.8189487,3.0507436,1.022606,-0.24132533,-0.1296243,-0.3232506,-1.4407315,-0.6124747,1.7951677,-1.1744453,-0.6744008,0.6946901,-1.0106559,-0.08333212,0.9464273,0.5995974,-3.7759573,-1.8732888,-1.1553855,0.9607677,-2.251059,-2.9155025,-1.1537067,-0.42564687,-0.5827283,-2.425113,1.1013248,-1.1100703,2.0707123,1.8198786,-0.4944819,0.3820168
Hindustani,-2.1314988,-1.9693383,-2.1685898,-2.0322921,1.3522199,-0.931683,2.5557847,1.2656491,0.3441302,1.7701219,0.7249701,1.4549962,-0.716732,-2.0877476,2.3895524,0.094040014,1.061329,3.3880537,1.2612685,-1.1656207,-0.85838366,-0.7145411,-0.24963813,2.0610352,-0.7974597,-1.5192753,-2.5760112,0.0037802428,1.4339212,1.2620193,0.49186265,-1.0083898
Progressive_Metal,-1.589161,0.14660963,-0.19566649,-0.6016863,-0.96893585,0.1795479,0.42256296,-1.3980823,-1.4893148,0.42332494,-0.9281468,-0.06060473,1.2932413,0.12920046,-3.3647556,-0.57378304,2.691524,1.828189,-2.1120176,2.1150248,1.0405092,-0.43955958,1.4336927,1.3937362,0.48978934,-1.9788356,0.10504817,-1.7631809,-0.9652439,1.546428,-3.500529,1.0686601
RnB/Swing,-0.22141571,0.44581017,1.8812314,-0.12313698,1.3607459,-0.3055739,-0.8759074,0.72711575,0.7080257,1.1133456,-2.6738946,-2.4395227,-1.3926954,1.060782,1.070093,0.5687938,-1.9277097,0.16530496,3.2963018,-1.4812059,2.8112476,-2.223042,-2.1182134,0.25169736,0.8077811,1.2882078,1.8142527,-0.75628585,-1.3860762,-0.25435397,1.9475294,-2.1801744
Dub_Techno,-2.3238103,1.6638415,-1.4486512,-0.05908991,-0.78357935,1.3513823,-2.001862,0.49795493,3.0768423,0.39004612,-2.1475208,1.0846529,1.2880654,-0.85862505,1.3454838,0.18038686,-1.1750625,-0.6212742,-2.5191374,-0.723809,-2.0266056,-1.3617406,0.77706015,-1.8208435,-0.5824274,0.21230675,-1.7533805,0.04338621,1.9559702,-0.2744871,-1.0992718,0.6323531
Latin,-0.35883456,0.74478936,-0.2544717,-1.2923756,-1.0861074,0.40691078,-0.442399,-0.7444959,1.7012376,2.6345825,-2.771201,-0.1769613,-1.3241547,0.7464257,0.92921317,1.1530696,-1.6484268,0.45103142,1.4680793,-1.7529689,1.5548159,-0.4564099,-1.0130953,-0.15812942,-0.026264196,0.4096285,2.666974,-1.4802213,-0.26231694,-0.8567461,2.5371087,-1.3225453
Italodance,-1.7175658,-0.6180931,0.53164595,-0.8323509,1.3012962,-0.09511874,1.3207887,-0.24109866,2.2034929,1.173958,-1.5310553,-0.19979769,-2.86016,0.93855006,1.5152352,-0.8963716,0.4865812,-1.7856638,1.6344535,-0.18517663,1.899118,-0.7040055,-0.7025716,-2.2499769,0.53333265,1.124041,1.7840554,-3.4781125,-1.4340929,-1.939677,1.7749665,-3.0550666
Krautrock,0.6049763,2.2373216,-0.6586539,1.107758,-1.0880135,0.3617148,-2.4654264,-0.06383073,-0.16321146,0.45805785,0.23100992,1.6513414,0.80353767,0.073397316,-0.8167484,-0.3998545,2.4284165,1.0997404,-1.8630171,0.67897284,-3.6944354,-1.490972,1.5002435,-0.0015006677,-0.7067882,-4.2428865,-0.7118574,-1.2407429,-0.73790145,0.75642127,0.6706396,0.41298512
Cha-Cha,0.7123629,-1.4552228,-1.0929551,-3.4470594,-2.873512,2.248479,3.2601047,-0.5462071,1.4938341,-0.7272297,3.5189116,-0.23822053,-1.2883587,-1.8000485,2.184867,2.001973,1.0174646,0.1887452,-0.41939357,-1.3630478,3.8650286,1.5698214,-0.22508816,1.2766452,-0.67357355,0.7679319,1.2705531,-0.40689495,1.0621259,-2.3413186,2.8157456,0.5135072
Parody,1.6067945,0.9232864,0.34183043,1.379065,1.305547,1.1193831,0.48334628,0.83904386,-2.0522468,-0.18400407,0.30084395,1.3003913,-1.5498853,0.74808896,-0.7302623,1.2750368,-1.2918937,0.01936984,-0.050788295,0.45079306,1.3147686,1.8793733,1.2288682,0.6815425,-0.98031217,-0.3215678,0.12861642,0.38805762,-2.0698,0.27207848,1.0653406,-0.13059562
Space_Rock,0.15802364,1.5165386,0.12820897,1.620942,-1.4098564,0.31515363,-1.204152,-0.0033411607,-0.106519476,-0.39836502,0.32982546,0.9086244,1.6227874,0.86365193,-1.4345324,-1.891754,2.481942,0.64771307,-1.5035613,1.3955044,-2.6104865,-1.8261495,2.1171665,0.8587174,0.050836146,-3.8174915,-0.60058993,-1.2327019,-0.90213996,0.8599809,-0.17813726,0.5074989
AOR,1.8670123,-0.5149365,2.405772,2.0791116,0.06301681,0.2798591,1.0732123,1.0851241,-2.209626,1.6447495,-0.69382674,-2.6512804,-0.0622623,0.32513088,-2.278834,1.6072413,1.7042964,3.272817,3.8284683,1.310877,-0.056160554,0.09628954,-0.15014194,0.19737555,0.34885967,-0.86688447,-0.2998032,-1.4130759,-0.13243787,0.035703696,1.5450784,-0.34396273
Glitch,-2.2298186,2.149523,0.070635535,-0.2204463,-0.61479986,1.5312335,-1.9939436,-0.26994887,2.7055585,-0.7276294,-0.53072554,2.1980383,0.55706066,-0.5233115,1.3177757,-0.4640774,-2.7625866,-1.7473197,-2.2890263,-2.1875787,-3.2287858,-2.1707578,-0.9170708,-1.3929209,-1.3749897,-1.0555012,-0.81696093,0.5674664,-0.9104631,3.1092293,-1.1072165,1.9942956
MPB,1.7936205,-0.7305432,0.2828995,-0.22543065,-2.8128471,-0.94983464,0.24025197,0.3192381,-2.2995286,0.9549845,0.2711718,-0.0039575445,-0.017678604,-2.074487,2.0088665,0.1521079,1.1893023,3.5116374,0.99644166,-1.3968825,0.52972925,0.59593284,-0.6331519,1.1047657,2.1439157,-0.69659364,1.4492625,-1.5954554,0.43990767,0.4608819,2.2526097,1.4810877
Hi_NRG,0.57328117,-0.3552221,1.4277422,-0.15614818,-0.14307702,0.13673407,0.39927346,2.240942,1.6277918,0.7231254,-2.1719887,-0.9710627,-3.3714972,0.9827541,0.4772309,1.8701408,-0.049567793,-1.162796,1.1718549,0.8661037,0.00073370774,0.10754838,-1.2823678,-1.0882416,-0.9345111,0.93652284,0.8883076,-2.3961763,-1.7569445,-1.1611929,2.319328,-2.6329005
Smooth_Jazz,0.59848976,1.3963907,-1.3703713,-0.9852052,-2.7933419,-2.7460635,-1.1833615,-0.52514046,-1.5225208,1.3188846,0.35728738,0.021850312,-1.9531524,0.032420557,-0.5508726,1.5308555,1.3010231,2.719974,3.4239016,-1.3603668,-0.08972295,0.037389543,-1.6062833,0.8517019,-0.7801668,0.16726618,0.718539,0.53008634,2.4413304,0.49451572,1.5261368,-0.99244034
Bollywood,0.7704285,-0.5624093,1.1105125,-1.2765193,0.9080079,-3.5372274,4.1106453,0.6513494,0.87674296,-0.33555117,3.5568118,-0.080877826,0.16283731,-2.3044598,2.1599226,0.017570969,0.9516862,2.754285,-0.12416884,1.834354,-2.1512544,-1.2612249,-1.9920064,1.1147133,-0.11263134,0.02992813,-0.2632842,-1.6703128,-0.53523296,1.8296114,0.6730644,-3.1840658
Metalcore,-1.4491212,-0.42148256,1.1592374,0.2036749,0.7074256,-0.3346753,1.7435695,0.44574523,-0.074132994,0.1909775,-0.4780994,0.9503884,1.037409,0.35336438,-2.671123,-1.9260718,0.69418955,-0.95873064,-1.8882526,1.4675597,3.094809,0.007049909,-1.6376797,1.2397764,-0.24529281,-0.9845692,0.7550023,-1.1877116,-1.1913686,0.516431,-4.0148973,1.6926814
Hardcore_Hip-Hop,0.79404485,1.4600439,2.9034445,0.055980124,0.6936562,-1.306186,0.22871852,-1.9598781,0.5268348,-0.7966041,-1.2518348,0.08265601,0.51274705,0.66728216,0.8045773,-1.9257215,-0.0823139,-1.9803333,0.26978064,-0.83310324,2.5469422,-1.8692906,-1.8413918,3.0119367,0.70926356,-0.042583138,-0.2544021,1.5625557,-0.8496873,3.4639857,-2.8565238,-0.17622867
Acid_House,-1.7101004,1.5564814,-0.058341112,-0.45498362,-1.0973305,1.062583,-0.77903235,1.2184798,1.0393782,0.6147281,-3.4078953,-0.1747269,-0.6273353,0.9532627,1.3347218,0.65537804,-0.8223772,-1.602202,-0.894436,0.028406158,0.47092804,-0.35061514,-0.8465694,-1.5342666,0.09920367,0.016298605,-0.1049941,-1.2600594,-0.48607278,-0.68823814,0.75510937,-1.2858441
Post-Hardcore,-0.16327113,-0.2144526,1.1608803,0.13200343,-0.1399596,0.60240805,0.5964744,-1.6116937,0.7645607,0.9201856,0.44990253,1.6343459,2.7503064,0.65979844,-2.6847208,-2.9898353,2.3001783,-0.97286165,-2.6520648,1.4599411,1.7841198,0.69527704,-0.61125576,-1.3860476,-0.5268275,-2.5260735,1.942836,0.69025856,-2.073844,0.42630652,-3.1871982,0.8955902
Sludge_Metal,-1.1060593,-0.39271927,1.5893817,0.3529488,-0.40328592,-1.045306,0.55191356,-2.0275056,1.1699399,-0.22678933,-0.5839927,1.3743721,1.4914464,1.4114405,-1.3333567,-3.4702816,2.7919645,-1.6275784,-2.1563923,1.6920415,-0.80688435,1.7775023,2.639247,1.4046098,1.1117541,-2.5323317,1.8800069,-0.9861153,-1.4215937,0.8864037,-3.6444457,1.5282967
UK_Garage,-2.287422,-0.5442048,-0.6830127,1.3492714,-0.41087228,0.09062229,-0.04987055,0.701809,2.5385602,1.0034057,-4.3331575,-1.8098809,0.25815126,0.66084486,2.0712247,0.7488396,-3.018979,-1.8906252,1.2801962,-1.7663534,0.6459906,-2.4016142,-1.6998179,-1.6563889,-0.8893923,1.0565447,1.5408252,0.5775581,0.2815002,0.7394572,-1.9071118,0.20028819
Boom_Bap,-0.022260549,3.2620406,1.006327,0.16240367,-0.839451,-0.8074833,-1.8718064,-2.5159812,1.6565847,-1.4007229,-0.82768214,-1.441196,-0.5812992,0.34043983,0.8202328,2.1464376,-0.9238177,-0.13249615,-0.17443088,-1.8504357,1.628257,-2.449768,-1.2198063,2.6042418,1.7374587,0.05902578,0.68002087,2.313749,-1.1742628,1.5907409,-1.88779,-0.079677545
Power_Electronics,-1.3420802,0.84049094,0.920844,-0.71972406,1.8569227,0.18758596,-0.5297774,-1.415336,0.5122797,-1.114138,0.30547872,2.752731,-0.651644,-0.17016298,2.3385522,-0.6589904,0.5529833,-3.4761052,-4.1563053,0.36579436,-2.7544,0.70308393,1.6170158,-0.99183404,-1.8212123,-0.13475466,-0.9756139,-0.20537691,0.16673003,3.1228073,-1.0620054,2.2965431
Post_Bop,1.2229186,0.69168997,-2.8917654,-1.2066956,-0.99921584,-3.2408507,-0.73004556,-0.8773748,-1.8669481,-0.6927732,1.4520322,0.062421616,-1.8989083,-1.3704209,0.014827926,0.6951927,4.6030526,1.2260418,-0.026098073,-1.3439306,0.642479,1.46136,-1.9677588,1.233156,-1.8657602,0.539302,2.1593466,1.2737179,1.3641407,0.097219385,-1.0783473,0.8198626
Cool_Jazz,0.90956825,0.8913992,-3.0674393,-2.1691775,-2.0654562,-2.363607,-0.05632582,0.42108446,-1.2988439,-0.8975991,2.0110245,-0.74364954,-1.630108,-0.24371412,0.0988987,1.3029904,1.549879,1.2014722,0.7012191,-1.3575553,0.34281766,1.0021423,-2.4601588,0.8553754,-0.7171012,0.080946244,1.6237198,1.1072968,2.0763555,0.1797449,-0.10051824,-0.24905354
Musical,2.1486397,-0.087167315,-0.97452545,-1.5049185,0.84328365,-0.7871308,1.6118623,1.236682,-1.3607275,-1.0495261,2.7835863,-0.4163887,-2.721929,-1.074503,-0.92546123,0.48569664,-0.47881413,1.9000525,1.3942052,1.1701477,0.09123759,0.9136018,-0.107133076,1.1649817,0.4083797,-0.027018104,-0.9028423,1.0565047,0.31524646,0.26298192,-0.20029683,-0.51277125
Celtic,0.68132174,-0.8202787,-1.4116744,1.6741246,1.0881134,-1.1016414,-0.008696832,-0.25897524,-1.2512896,0.9840672,1.7694398,0.543439,-0.42778903,-0.13598393,-0.6561594,0.36242872,0.28320393,0.95230794,0.87867874,-0.27293417,-1.2626286,0.19204281,2.6474206,-0.059107047,0.7259608,2.029616,-0.5397016,0.59046406,0.32541797,0.6134682,-0.84990793,0.53110325
Grunge,0.7173329,0.1697276,1.7126812,2.3429756,1.1875166,1.2746344,-0.33144104,-0.11071459,-0.06223912,0.09487875,0.019645302,0.11740948,2.9555788,1.460401,-1.4100698,-2.577134,2.0824745,-0.063238814,-0.9000457,0.8789309,2.1889489,0.014976186,0.58587646,0.11609503,0.18702593,-2.6670892,-0.16906248,0.97092426,-2.4596756,1.0636048,-1.3697797,0.3413163
Concerto,0.3624149,-0.032437515,1.3967617,-2.80678,-0.70081335,0.015325974,2.3500915,-2.676319,1.8386686,-1.0968758,0.0059598265,-4.6535296,-0.67211705,-2.8553262,-0.8638198,-3.3964622,0.5498823,-0.7951519,0.97727484,0.0682362,-2.5151513,-0.4481366,-1.492802,-0.07300132,-0.22995488,0.49459127,-0.31117547,2.0361986,-0.7344285,-4.006046,-6.8206015,-0.3498834
Story,0.358504,-0.3202692,0.031666286,0.5984079,0.4671261,-1.9627476,2.3978474,2.1323388,-1.6797082,-0.76824856,2.7404013,0.7630139,-2.8885021,-2.7883303,-0.43508595,0.23288989,-1.519194,-0.1681955,0.14460734,-0.2164157,0.16144475,0.26224566,0.712565,0.48271742,1.1571172,0.24717161,-2.522915,1.3130641,-0.52025324,0.42827052,-0.13871643,0.9796796
Breakcore,-3.2748835,0.6046948,0.102036744,-1.0024893,-1.011107,2.3590164,-0.94529516,0.5185781,2.7569842,-3.436958,-1.0435323,3.5334835,0.26176685,-0.66724193,2.2993968,-1.8246449,-2.5271316,-3.3173492,-3.1436245,-0.7810742,-1.3794253,0.08982109,-2.646771,0.033537094,-2.028997,0.6476863,1.911639,-0.29023308,-1.527988,3.1945531,-2.9031827,0.7902376
Neo-Classical,-0.54890823,0.23021537,-1.4884112,-1.6260629,0.49035364,-0.040511753,-1.5763445,-0.5844255,-0.8892908,-0.19790237,2.626536,0.666772,-1.9538703,-1.0305631,-1.68166,-0.3312399,1.0605025,0.31645766,0.9224653,0.6264976,-2.842994,-0.7779972,0.39870635,-2.1734848,0.61404383,0.3066862,-2.0487618,0.23044474,0.58865255,1.4746208,-2.9934225,1.2491713
Polka,1.0088123,-0.39123675,-1.5325141,-0.838061,0.22368422,1.4570059,1.5987772,-1.1377398,-0.55617934,-0.6921457,2.7640734,0.16642673,0.56373304,-0.4061848,2.075666,1.4182428,-1.1591707,1.279876,0.1071586,-1.1660383,1.2248482,2.2867908,2.495749,-0.7904509,0.73539597,2.7474017,0.79362047,0.4690811,-0.7281774,-1.3587654,-0.7883593,-0.14488675
Avant-garde_Jazz,0.017139716,2.946809,-2.9228992,-1.2552159,-1.5164204,-1.5857233,-1.7986403,-1.9182675,-2.1758456,-0.29214406,1.1971979,1.0237339,-0.78240293,-1.1286005,-0.5716112,0.20479119,3.0755308,0.929073,-2.530463,-1.4420209,-2.6811666,-0.12274572,-0.36241114,1.0658572,-1.7213019,-1.2351534,0.68628526,1.3585824,-0.13229346,0.64163125,-0.75537086,1.6341596
Piano,0.31008765,-0.9007033,1.0540658,-2.5750527,-2.0871317,2.5297444,1.8176416,-0.7533745,1.4007457,-4.0861716,-0.47406557,-3.766815,-3.2721233,-2.0619164,-0.50795364,-4.056324,4.242409,-1.2322704,-2.244081,0.68694645,-1.2876245,1.8994529,-1.3411322,-0.500052,2.3929036,3.3950408,-1.8481554,0.62901086,1.7609136,-1.024006,-2.1019676,1.7583663
Merengue,1.5736196,-0.16987854,2.3493295,-1.4608963,-1.2578214,2.0697284,3.1665413,-2.714373,2.392424,0.7155719,-0.47263446,0.33225965,-0.6488612,-1.8820868,1.7977972,0.73404515,-0.3784871,-0.23734374,-0.7621626,-1.5238813,3.4895532,0.69126564,-0.14107545,0.8281206,1.173733,1.8872128,1.3702457,-1.6794975,1.2099228,-2.6834934,1.6517935,1.2955817
Jazzy_Hip-Hop,-1.0868127,3.0641937,0.6343145,-0.0955209,-0.31586438,-1.3647726,-2.5681455,-3.1001725,-0.19263244,0.6080999,-0.4680835,0.122440524,0.053749718,0.44889832,2.034752,2.149686,-0.31995922,-0.2040361,1.5693303,-2.7776623,1.6031497,-1.8188299,-3.3852093,2.580452,0.6538615,-0.7893061,1.3296304,0.8907511,0.5317877,2.2247849,-0.79902315,-1.346896
Bossa_Nova,1.7418469,0.15689254,-1.5868504,-3.090641,-3.9201427,-0.7985586,0.3679872,-0.1509594,-1.2905605,0.48994288,0.8170805,0.05649443,-0.40191764,-0.6306578,-0.32143775,1.6722487,0.68160796,2.8140297,1.9539064,-0.84387535,0.3361989,0.7131514,-2.020268,0.88271904,-0.9803009,-1.0557632,2.6783993,1.148542,2.0682273,-0.5083358,0.78752905,-0.33207786
Power_Metal,-0.960441,-1.4330099,1.0043867,-0.1203433,1.2275555,1.426567,1.8576708,-0.19904305,-0.55837536,1.4755642,-0.73365664,-0.7562571,-1.0745894,-0.6087118,-3.8540025,-0.6446252,0.95238286,1.1963427,0.679957,1.2803364,2.05362,1.595715,1.7966464,2.401057,0.45821822,-0.51014477,-1.7337554,-2.2823293,-0.7913729,1.3321309,-3.0170121,1.8547498
Trap,-1.0791793,0.38794482,2.9608207,0.9145843,0.31642878,-1.1782628,-1.2409606,-2.3119602,3.3508136,1.0577904,-0.31087044,-1.0064554,-0.16328165,0.062816165,1.7815634,0.034225546,-3.0247672,-1.8819045,-0.78337985,-1.2855276,1.4843469,-2.2811034,-1.3954977,-0.9466274,-1.5085899,0.53527635,1.0592774,0.053839307,-1.2880901,2.5635586,-1.367417,0.90681726
Tribal_House,-2.2746544,0.02431022,-0.60449576,-0.38457826,-0.81830454,-0.767005,1.4097896,0.57156014,1.9677085,2.4362242,-3.1139598,-1.7446724,-0.6055281,0.1699261,1.3421625,-0.66582066,-1.3553485,-0.45204633,0.6856408,-1.0428579,0.34168696,-1.818046,-0.5290899,-1.481655,0.600205,1.1522765,0.8679098,-0.8141733,-0.74739,-1.8873982,1.4316224,-1.0298226
Bluegrass,-0.06584873,0.13212475,-1.2283617,2.5666802,1.8880813,-1.3935158,0.5821266,-0.30004436,-1.7238096,0.86484826,1.4910495,-0.56442606,1.620364,-0.4711172,0.8180746,-0.89225334,0.07872308,2.3712802,1.040802,-0.26195118,0.5704444,2.2012203,1.6577944,-0.10832776,-1.1091086,1.4631338,-0.052232478,2.3328917,0.030388186,1.099231,-0.30887473,0.8787715
Speed_Metal,-1.8625968,-0.34876516,2.2686422,-0.06918075,0.0049510743,2.1307302,1.3747693,0.15805946,-1.7531691,-1.3282865,-0.77052885,0.21804553,0.9862209,0.76278496,-2.179578,-0.07543003,0.7603099,-0.24991107,-0.95284665,1.6418467,2.4064624,1.6116456,2.0093057,2.1057086,1.2832626,-0.21889402,-1.5336751,-0.89555216,-0.068225116,0.026263768,-3.0741866,1.4608767
Mambo,1.8632104,-0.4218231,-1.2393546,-3.2226138,-2.9389994,1.3308666,3.5150263,-2.183093,2.4291077,-0.12793027,1.1783185,0.08197024,-0.49789172,-2.0466003,0.74614066,1.5812734,-0.23252714,2.2551804,-0.71077394,-1.1832236,3.4891205,2.3975096,0.3756487,1.8152457,-0.5069448,-0.26354575,0.8324927,-0.3659854,2.6704395,-1.4382504,0.6608518,-0.5847854
Mod,2.864976,0.20854071,2.0341752,2.493584,-0.48716563,0.38210243,-0.6423699,1.0503321,-0.7837602,-1.4026324,1.9415514,-0.20196983,0.7209302,1.5525686,0.6666185,0.5568405,2.9775178,1.1814342,1.1056608,1.3355279,2.1117544,-0.105457276,-0.1184555,1.015122,-0.8604568,-2.5607636,0.34790033,0.21887289,0.17643642,-2.0762544,2.370177,-2.2414062
Broken_Beat,-1.8832383,2.4870636,-0.8496673,-1.4419055,-2.204156,-0.22078405,-2.3170698,-0.59857744,0.6620665,0.1401528,-3.053779,0.76915586,0.70044374,-0.77715904,2.8141685,1.2263212,-0.9938621,0.08264914,-0.44183132,-2.4821494,-1.5640463,-1.6163602,-2.2200708,-0.44311106,-0.78310746,-0.3584782,1.3888272,-0.0085650375,1.0933377,1.4120964,0.23259757,0.055503387
Musique_Concrète,-1.1774781,4.168541,-0.93365043,-0.11818898,1.7927772,-0.6526444,-2.2400296,-1.2661763,-0.6722318,-1.2753474,1.0513587,2.1075838,-1.237377,-1.9396714,0.043474536,-1.6166692,-0.39821884,-1.5782651,-3.175464,-1.3760068,-4.3128777,0.04834557,1.49514,-0.8635148,-1.6464088,-1.0068761,-1.7835493,1.084355,-0.5289278,2.6836867,-0.34470534,2.0137615
Volksmusik,2.488553,-0.19207849,-1.0043718,-1.2953632,0.854885,-0.6006082,1.4534969,0.81304765,-1.417055,-0.40676558,1.3340433,1.1241041,-1.2113473,-0.5335658,0.5210317,-0.6740871,-2.1308217,-0.8387161,-0.25726855,-0.7723171,0.3117836,1.830128,2.5525973,-0.98904115,0.578703,3.0854862,-0.8015772,0.30875525,0.9734546,-0.66176206,-1.3994353,0.013837901
Crust,-1.0957543,-0.750796,1.6699425,0.66639197,-0.021210495,0.019926354,0.74011266,-0.8317927,-0.45654094,-0.75510585,0.46575037,1.6381571,2.612334,-0.23185149,-0.58994496,-0.95341444,2.183103,-3.1846416,-2.6785784,0.41462505,2.3993297,2.7884147,1.5473064,1.0175215,-0.31565797,-0.5284754,0.8330505,-0.43760383,0.07262836,-0.19698481,-3.519212,1.6593924
Tango,0.88598526,-0.53999895,-1.691916,-3.99213,-2.013975,1.1637967,2.624769,-1.6796829,-0.61232346,-0.18866555,2.6555219,0.6980517,-0.27361473,-1.0357273,0.6133235,0.39801097,-0.21488072,1.8718406,1.0315545,-0.920853,1.3945831,1.4384545,1.1838824,0.019550564,-0.123945236,1.483376,1.2481523,0.13558957,1.1024996,-0.9117779,0.7394079,-0.3638032
Symphonic_Rock,0.12794891,0.116667315,-0.3444943,1.1577609,-0.9030888,0.60909724,0.76524824,0.8510983,-1.8014417,0.7640481,0.60121566,-0.3813197,-1.3392272,1.5205001,-3.401482,-0.1574786,1.6839709,2.3675692,1.4027398,1.3803807,-0.45450607,-0.5563273,1.4195716,0.14580853,-0.32852018,-1.5407732,-1.5579557,-0.8052922,-1.1070036,0.4581203,0.455736,0.7776574
Math_Rock,0.56175256,1.5579507,-0.4770643,0.80312675,-0.8750057,-0.32983777,0.41423023,-0.74031794,0.028561499,0.512396,0.22671598,2.5409315,1.6096388,1.1653482,-2.577271,-2.814494,1.7487233,0.027847527,-2.5555985,1.0272937,0.015534225,0.4846173,-0.4140433,-0.48987412,-0.53910834,-3.195375,1.4070139,-0.28446838,-2.2055814,1.0348096,-2.4952924,1.7437259
Renaissance,-0.08087382,-0.8220321,-0.36606497,-0.19165552,1.2417135,-2.5466082,1.2883503,-0.9810958,-0.41387662,-0.2810928,0.79744613,-1.731142,-0.96198833,-1.3015763,-1.8733228,-0.77881855,1.5511172,-0.23810668,0.37959334,-0.887426,-0.16404204,-1.1256733,1.7316034,-2.915822,2.261102,1.5248903,-3.0462422,1.7189813,0.97583747,-1.4293686,-4.673049,-0.60975105
Psychedelic,1.287268,2.3462133,0.25816885,0.053670507,-1.746029,-0.6253868,-1.4269854,-0.71283036,-1.0944369,1.0795237,0.50634646,0.7307404,0.7197436,-0.11106993,0.5983628,1.487237,1.1513939,2.1574144,0.17276427,-0.7405926,-1.8780324,-0.7242937,-0.378229,2.0225568,0.17029186,-3.0917897,-0.105390616,0.91424173,1.8907816,0.30857328,2.6324332,0.6261341
Arena_Rock,1.3733506,-0.58632654,1.6705501,2.6835456,0.89148194,1.5882496,1.1732209,2.2690382,-1.4781061,0.83803135,-1.3227139,-2.2003338,-0.36995977,1.6289282,-3.179644,-0.2470874,0.94994146,2.335906,1.9922454,1.4121934,0.74395126,0.50851065,0.3544805,0.6317539,0.7037835,-0.7952235,-0.8423723,-1.1711459,-1.5549511,0.016383147,1.2034512,-0.92342323
City_Pop,2.4623828,-2.724941,2.4010391,0.76601475,-4.558626,-1.887793,-0.38923198,2.1515305,-4.056831,2.3434906,0.2168802,-2.7714047,-1.4437569,-0.14837937,-1.4875995,1.8262914,0.19796273,0.8268788,1.0196617,1.3740537,-0.45937788,-0.2528414,-0.16963774,1.4163685,1.0204297,1.517566,1.1581846,-4.032326,2.2735908,-0.42629373,1.709787,-1.8967229
Reggae-Pop,0.86191356,-0.83891094,1.880219,0.84698856,0.58137774,0.4298229,0.035436746,1.085995,1.6031407,1.9491353,-2.3574553,0.4756084,-0.40007222,1.5626547,0.93313175,1.3271604,-0.8506518,1.3407784,2.9614973,0.95732653,1.8062266,-0.72394025,-1.046469,0.8251249,-0.08132451,1.0985173,1.7317988,-0.46322694,-0.7229525,-1.5715237,1.74741,-2.0646229
Ethereal,-0.7145418,0.61260915,-0.19844496,0.8857709,0.23873201,-0.6462611,-3.3075519,-0.13111842,-0.5489782,1.9376671,1.9653829,0.9531216,0.47522146,0.74080634,-1.0299326,-0.9356317,1.2389097,-0.42049733,-0.17607763,0.8191943,-2.3513246,-2.841351,1.1594188,-1.8515382,0.4179841,-2.43349,-0.6208634,-1.0742458,0.033284273,1.2357603,-0.4872904,1.4320935
Dungeon_Synth,-2.9905024,0.54903084,0.29490116,-1.5609176,0.54431224,0.6248489,-2.0960417,-0.6164805,-0.9299462,-0.3204888,2.8518164,1.3559515,0.4732116,0.1046749,-0.21017425,-0.64354587,-1.2522684,-2.2006733,-1.139617,1.9044683,-2.1270473,-2.1437283,2.9946601,-1.0391579,0.2316033,-0.48131296,-1.7644997,-1.7519197,1.7396526,2.2295034,-2.2728977,1.2663375
Neofolk,-1.4312773,0.54204047,-0.49397188,0.782065,2.0728965,-0.3855736,-2.6388097,-0.17934327,-1.9425976,0.77543014,1.9565713,0.90618294,0.24091329,0.67287654,-0.19696918,-0.48914608,0.35234362,-0.07264258,-0.5015675,0.50548345,-3.0330064,-1.3984128,1.8439707,-1.7967036,-0.4587129,-0.41795534,0.0046653487,-1.1403127,-0.087244466,1.7151653,-0.44431123,1.9008261
Acid_Jazz,-1.0334384,2.395569,-1.1724821,-0.95830834,-2.6309354,-0.78390306,-1.5662602,-0.4354226,-0.14268944,0.57013404,-3.0782182,0.57598335,-0.14983247,0.900069,1.3598783,2.2143416,-0.13314445,0.96821076,2.0856936,-1.9286788,0.44183135,-1.9932365,-2.8221893,0.40900606,0.20746131,-0.9194532,1.9868274,0.21493159,1.0852531,0.5727319,0.69806004,-1.3704631
Flamenco,-0.6999591,-0.4354703,-0.96304554,-1.4921463,-0.4531021,0.56471735,2.5426128,-1.5331054,-0.61660457,0.9053141,1.0605527,0.21549729,-0.96343774,-1.5813775,-0.6188152,0.52309567,0.4736946,2.7969816,0.25704825,-0.7890988,0.5570326,-0.16030799,0.9051463,0.29765594,-0.4198965,2.271334,1.0961726,-0.83203715,-0.40371773,-1.067111,1.9588604,-0.17709455
Nu-Disco,-1.5201254,2.2224116,2.189435,-1.0313295,-2.252729,-1.2179998,-1.3926799,0.5537554,0.90679973,2.1682582,-2.4041789,-1.0741006,-0.55415916,0.2576935,1.5587602,1.5178038,-0.610193,-1.3038514,0.5653575,0.46031144,-1.0187049,-1.3689904,-1.0617968,-2.263613,-0.27143818,-0.4833558,0.38287687,-1.7037553,-0.017916225,-1.2639505,2.293088,-0.95040673
Symphony,-1.5067036,-0.039917212,-0.3102352,-1.648905,-0.35165912,2.3946874,1.4952592,-0.9312488,0.55517095,-1.7224495,0.011621321,-4.3945065,-1.7920319,-2.9752722,0.03364811,-2.9865866,0.113638416,-1.1240572,1.1805825,0.852369,-1.1021495,1.5188534,1.9319433,0.8648587,1.6174768,2.6942906,-2.5336695,2.1182735,0.6495482,-1.4723701,-3.0242004,1.6463602
Bass_Music,-1.6680056,1.1639152,2.1308029,-0.93080914,0.43973812,0.52546877,-2.0313182,0.27854416,2.6526735,0.08661716,-3.192518,-1.0602553,0.47907057,-1.0103337,2.5188117,0.12017319,-3.8710318,-1.3826488,-1.7487259,-2.093302,0.7191551,-2.7462988,-1.9993485,0.4844468,-0.36447945,0.10009494,-0.2329523,1.2599555,-0.056421865,1.4872687,-0.2683804,0.18965787
Ranchera,0.9963256,-2.7197356,0.4263643,-0.83566344,0.48134953,1.4591693,2.8688867,-1.3721424,0.11189921,0.04654734,1.8744383,-2.5601814,1.7740403,-0.32944176,0.9540928,-0.92158705,-1.0260649,2.9112048,-1.2860817,-1.902758,2.3038905,1.2333057,1.5646335,-2.7160833,1.2665368,1.6311126,2.9226792,0.45306504,1.0480198,-2.5524714,0.29794317,1.8051503
Video_Game_Music,-2.1999564,0.19080275,-1.0954591,-2.2373707,-0.5878429,0.6688872,0.09095028,1.7143506,0.3872256,-0.8971102,1.5847645,0.12609708,-1.7021015,-1.2413181,0.6977898,0.5977126,-1.6625857,0.4710138,1.2698762,1.4082787,-1.0641941,-1.6646926,-2.2000406,-0.49102953,-1.0399508,-0.7746889,-1.6726048,-1.535633,-1.6408663,2.5549533,-2.5435236,-0.5155994
Poetry,0.3704252,1.6559763,-0.85069436,-0.23742342,1.5613065,-1.2081649,0.0599614,0.49473685,-2.8256257,-0.4667432,1.4071134,1.6495955,-1.2771461,-1.1499639,-1.1049734,0.7459125,0.07909754,-0.41417837,-2.0166256,-1.1648966,-0.8656782,-0.16428699,0.38353926,0.08524643,0.7722647,0.05426346,-0.6431466,2.0939026,-0.37611365,0.503416,0.53227854,1.2459986
Southern_Rock,-0.29513085,-0.16063632,0.6508378,3.3300009,1.2768061,0.054891624,1.3572471,0.6604111,-1.0522687,-0.14359568,-0.49771413,-1.9675529,1.8505837,1.5154495,-1.1305419,-1.2381598,1.2300389,2.1265895,1.7134501,0.75439924,0.5247055,1.5236919,1.5633789,1.8213363,0.015960298,-1.6542664,0.58473116,0.33830136,-0.478914,0.07759014,0.0429361,0.4378737
Berlin-School,-1.9414686,1.665717,-1.0179797,-0.4918982,-0.5009157,1.3558295,-1.4439424,-0.51700246,1.3838661,0.4096336,0.6951414,1.6059784,-0.9725355,-0.17901123,-1.2021127,-0.31689796,-0.2224372,-0.26071703,-0.004873618,0.9369614,-3.9428425,-2.4509785,1.0930754,-0.79717624,-0.77847385,-2.1225963,-1.5992253,-1.244305,1.6192858,0.84450704,-0.17140998,0.020396672
Guaracha,1.1591083,-0.35621494,1.1411173,-1.7370366,-1.2972604,3.0623274,2.9266932,-2.1892111,1.5752743,-0.8284799,1.8807778,-1.1687571,0.90914124,-3.780307,-0.0012396625,0.7485088,0.2171943,-0.045795746,-2.3030322,-2.4946554,4.338482,0.1677103,1.1302125,1.4684503,-0.25543413,-0.2654854,0.81869066,-1.2863984,1.3819051,-3.9735143,0.9024436,0.020371769
Marches,1.1583778,-0.52588,-0.94249547,-3.3134005,1.584332,1.0730827,1.1780642,-0.6356069,-1.4979373,-1.9811038,3.6436198,0.08234608,-1.0201133,-0.6258543,1.5190413,-0.04173799,-0.80574954,-0.57439387,0.48155463,-1.5705377,-0.39753175,1.2844555,1.2026359,0.4151952,1.0543426,2.8506367,-0.72363436,1.282193,0.22143696,-0.034380347,-2.1943383,0.41276014
Chamber_Music,-2.2411852,0.69129467,2.6867042,-2.9325411,-0.56677806,-0.67788553,1.7825664,-1.3101649,1.1498691,-2.8851194,1.6145753,-3.3051422,-2.3726234,-2.6695144,-1.24179,-2.102911,3.2702346,-0.45814145,-0.33894354,0.21057004,-2.7245371,0.85310066,-1.7963058,-0.9962644,1.9703554,0.6752098,-1.6878884,0.40804535,-0.3968057,-2.9027958,-2.895824,0.0081198
Freestyle,0.037937693,1.4603775,0.87117803,-0.40614986,-0.1155113,-0.06643539,-0.57285166,0.3482485,0.56940037,1.3035712,-3.0733418,0.0852145,-1.6795135,0.2759182,1.5663948,0.025947418,-1.3896248,-1.5366063,0.87630177,-0.8896521,0.0799519,-1.0847245,-0.8812577,-0.6810249,-0.8849298,-0.24055071,0.6403414,-0.9557072,-1.333919,0.72528976,1.7703428,-0.2946986
Mandopop,0.8089597,-1.4286793,1.7052784,0.18288653,-0.05979532,-1.7363398,-0.46511883,0.9147766,0.47986972,2.153303,0.9111851,-2.64343,-0.98886937,-0.68911153,-1.9071801,1.3882282,-1.6969278,0.71672356,0.7097695,0.48577812,0.6610306,-0.082723044,-0.33646703,-1.772891,0.43376312,1.4799669,1.9827576,-1.3119266,0.057859123,2.4769032,2.7599068,-2.4545724
Bossanova,1.5944549,0.38646045,-0.7486512,-2.4800315,-3.0787709,0.6432213,0.74266165,-0.9328213,-0.8407385,0.7838726,0.2703977,-0.017207088,0.03678951,-1.3042549,0.69398326,1.2379103,-0.1476617,2.0850022,1.7266287,-0.85342604,0.7745805,0.45966887,-0.05051379,1.0349077,-0.02937977,-1.2820151,2.209919,0.23473832,1.2432773,-0.77853036,1.5331923,0.26721543
Hard_Bop,0.33664778,0.10528026,-2.2722502,-1.8719922,-2.1055489,-2.9606826,0.9262991,-0.9941616,-1.629103,-1.0671066,1.6911076,-1.2629685,-1.4155402,-0.55995107,0.346616,0.6634483,3.249006,1.2396657,-1.4931484,-1.5537391,0.8204671,1.609724,-2.9782858,1.4768305,-2.0118022,0.37692893,2.039313,2.006504,1.4611957,-1.0937775,-1.3471559,-0.05475934
Tech_Trance,-1.8521507,-1.2201403,-0.8163958,-0.5847324,-0.083682284,1.3703569,1.3538119,0.49696866,2.9176657,0.54435235,0.13432966,-1.2534256,0.26060835,1.1974769,1.8233888,-3.0137439,-0.32918766,-1.3297352,-0.2369926,-0.24543056,-0.32373464,-0.8782788,0.088207945,-2.407502,1.5404289,0.39166713,-1.2364479,-2.4460285,0.29605782,0.2249007,-0.13940462,-1.6691666
String_Instrument,0.05622618,-0.1606636,0.5046861,-1.5006577,-0.45931274,1.4793772,1.5821342,-1.8529181,4.022025,-3.0150795,0.22071429,-2.4206574,-2.1518824,-3.3744946,-1.2629995,-2.746791,2.9409273,0.5848459,-0.7597428,-0.20314294,0.5967074,1.6214976,-0.9893944,-1.4495678,1.2044874,1.9438151,-1.9227816,1.6458207,1.1747352,-0.6653544,-3.1419709,0.9617526
Nu_Metal,-0.9449306,-0.46744886,1.5195608,1.0661986,1.5076913,1.002227,0.2856873,0.2524014,0.21795708,0.43063858,-1.0912193,-0.011281065,1.0660634,1.5511286,-1.690619,-0.9951503,1.0670364,0.16838723,-1.107041,0.73138195,1.988017,-0.6440839,-1.6305043,1.0391835,0.39907628,0.5908871,-0.3053757,-0.57388735,-3.091438,2.2457066,-2.6268373,0.3306722
Minimal_Techno,-1.9718765,1.9290469,-0.5976814,-1.0394435,-0.5003698,0.9286732,-0.8299782,0.8848216,1.8091493,-0.18206896,-1.2941444,0.082553774,0.81041884,-0.8047897,1.1589503,-1.0541127,-1.2585101,-0.9191786,-2.4073834,0.006741516,-2.2656455,-0.9979698,0.6795009,-2.7903597,-0.2835041,0.2540437,-1.3863242,-1.3165948,0.73220015,-0.30072975,-0.34190136,0.76591516
Country_Blues,0.090785444,0.06678743,-1.8004963,2.4882855,2.5801275,-2.2714605,0.3335188,0.82469195,-1.7960172,0.3226464,1.2013092,-1.8172182,2.277742,0.26842746,1.63273,-1.04869,0.6775875,1.6066074,-0.25246748,-0.68963265,0.35684702,2.7419894,1.8928404,0.93741757,-0.70116085,0.19436494,0.6257844,2.6347015,0.9155176,0.31900942,0.534225,0.34042862
Chiptune,-1.4141265,0.50741774,0.7292784,-0.49230832,-1.564439,1.2725563,-1.152179,0.8108034,1.9914294,-0.8827317,0.015085624,2.0475838,-0.44679338,-0.46680766,-0.38239253,-0.23386933,-1.5456839,-1.8506021,-1.1364579,0.34099272,-0.56200933,-0.9233,-1.7899054,-1.6193633,-1.9098787,-0.42110878,-0.5496648,-0.64397097,-0.35905197,3.434004,-1.1239917,0.8468881
Dream_Pop,0.52623844,0.66225576,0.66585624,1.1889244,-0.50451773,-0.82776237,-3.4326026,0.41082895,-0.046835236,1.7674519,2.014796,-0.12608083,1.8112153,0.7507552,-0.21285842,-1.580745,0.7619893,-0.4632159,-0.051246196,1.1539598,-0.79936117,-3.175687,-0.14857595,-3.0824473,-0.38084158,-2.983112,0.8830126,0.26462606,0.1995911,0.32037964,0.610789,0.3487214
Dixieland,0.97155154,0.51980704,-3.12165,-1.2469034,0.1988533,-1.0505967,2.3223388,-0.4167314,-1.3256172,-1.508635,2.0844214,-0.7313007,-0.9760549,0.3669681,0.948615,0.42915642,0.51540774,1.5208347,0.15703894,-0.24625534,1.8721111,2.4953284,0.057905994,1.5072126,-0.8140564,1.3804225,0.7221659,2.2880793,1.9920789,-0.17262702,-0.2641616,-0.057208594
Big_Beat,-1.7467489,0.7061677,-0.5858638,0.09584494,-1.6266402,2.064403,-1.1337322,0.4598207,0.4639646,0.021802284,-2.7598357,0.17376746,0.061181698,1.2484294,1.6362625,0.116848536,-0.6542204,0.32179132,0.7919783,-0.6381195,0.7887466,-1.8456125,-2.7018976,-0.87951064,-0.17926367,-0.03993023,0.3500545,-0.0018836384,-1.0086231,1.4988341,0.36966467,-1.5112919
Hip-House,-0.68931466,0.36972377,1.9302397,-1.0233024,0.5271195,0.43853724,0.8831901,-0.20697871,1.5411595,1.4534748,-4.540416,-1.2351141,-1.7226343,0.8939612,1.7510654,1.2872146,-1.5111948,-1.6582664,1.5521795,-1.6145589,2.9700422,-1.6049654,-1.1061226,-0.84131813,-0.059072033,0.8021868,1.4159312,-0.4717283,-2.7076035,-0.7805272,1.5359,-1.8611007
Afro-Cuban,1.244379,0.10435985,-1.6731577,-1.9239498,-2.5091941,1.5340406,1.8541719,-2.1211245,0.27296445,1.6034011,-0.14250496,-0.3861522,-0.15430605,-2.5881414,0.77287954,1.8455775,1.4656291,1.774465,-1.2250557,-2.1762161,1.4845564,0.01371305,-0.4032869,3.1851797,-0.5548245,0.6760669,0.8478586,-0.22177304,1.5879747,-2.5776753,1.3958017,0.82024527
Afrobeat,0.6347753,2.1642675,0.49667522,-0.7720234,-1.7328372,-1.0716945,-0.5555218,-1.017959,-0.78335327,1.4924929,-2.1875165,0.48800197,1.1222168,-0.4686239,2.178044,2.098904,1.5791352,1.8372328,-0.35914552,-1.5502273,-1.4959724,-0.8831562,-0.8078354,2.734338,-0.23524527,-0.1707588,1.5466592,-0.14579764,0.3996918,-1.9309517,1.8305466,-0.024638195
Freetekno,-3.505918,-1.153806,-0.94194657,-2.7344992,-0.8540117,2.905654,0.57928395,2.328315,2.3851311,-0.9131649,-1.7172242,1.0343293,3.1702344,-1.2206271,0.034931693,-1.5561855,1.7238421,-2.0437572,-3.193873,-1.7551728,-0.6974271,0.35527506,0.19796073,0.5061272,1.735451,3.1917942,0.2867917,-0.8407442,-1.5476475,0.7649415,-0.38509515,-2.1007464
Guaguancó,0.58295536,-0.43521082,0.7040773,-1.4613025,-2.300453,1.5113235,4.4072895,-3.7166722,1.6549966,-0.13006836,0.03892141,-2.7396982,-0.5921444,-2.4095106,0.5733176,1.7803493,1.163241,0.30899534,-2.7596188,-2.3535323,4.136836,1.3766701,0.22345012,1.7450246,-0.56820095,0.23506297,-0.0011011155,-0.811865,3.2197835,-2.7528775,0.33071333,0.5616432
Neo_Soul,1.0231901,1.2701203,0.5494614,0.6292515,-1.34446,-2.7387645,-1.9104959,0.008725543,-0.82664096,1.2368983,-2.7935684,-1.359422,0.15254535,0.24464443,1.0807447,2.3679135,-0.8093742,1.3174096,1.2987533,-1.599861,1.2407072,-2.0197883,-1.3065273,0.79321754,-0.14757535,-1.0773355,1.8918674,1.385484,1.0143535,0.49615034,0.86226493,-1.1228719
Indian_Classical,-0.23832126,0.46538273,-1.270905,-0.9587914,0.81845844,-2.6024585,1.5073372,-0.9839233,-0.35579896,0.32392773,0.5859852,1.1331836,0.44092396,-1.3221139,0.6157512,-1.2003294,1.0507978,1.7124645,0.2040494,-0.7718245,-3.0765936,-2.1272907,0.6149448,1.3308696,1.3515404,0.50997007,-0.022456923,0.34049717,1.3197755,0.5720225,-0.6301818,-1.2034292
Sonata,1.1775795,-0.35258088,1.9751745,-1.8340131,-1.92979,-0.3448292,3.1781015,-1.4425446,3.0637405,-1.1046301,0.116831735,-2.7510595,-1.5425954,-0.75509894,-0.8807455,-2.2219446,2.3778975,-1.142222,-0.58619857,0.104442,-1.4995525,0.6857595,-2.1779752,-2.013738,2.3773632,0.9881956,-1.2630475,2.1650662,0.57336277,-3.5734203,-4.2762804,1.5423455
Chillwave,-1.7049712,1.8065634,1.7029115,-0.37735435,-2.1509826,0.14910121,-2.8380423,-0.34522757,2.2980022,0.12715018,-0.45793766,0.61842114,-0.29580775,-0.68938076,0.6959012,0.70352685,-1.6322848,-1.599264,1.05229,0.6779202,-1.5153024,-3.5489173,-0.6247807,-2.3125503,-1.120478,-1.2888063,-0.21603458,-0.20159802,1.2246467,1.343183,0.2676405,-0.25729117
Impressionist,0.0065330584,-0.064844646,-1.0977437,-1.7893747,-0.58789223,-0.24663052,1.1961409,-1.1192288,-0.33360288,-1.24439,1.2308967,-1.7947408,-3.218472,-1.735955,-1.3502276,-1.5835501,1.0062413,-0.18133324,0.512872,0.09835549,-1.5056174,0.23045604,0.085687764,-1.830378,1.1419746,0.6155667,-0.983411,0.8757746,0.58240145,-0.7702625,-3.0337443,1.9838024
Organ,0.6185057,-0.28417814,-0.24229456,0.064235516,-0.9179273,-0.81560755,0.71697754,-1.1831572,-0.26623255,-1.2013117,1.6592789,-1.6344146,-1.5924755,-2.135455,-0.77154434,-0.7523906,1.0052117,-0.13336773,0.75374955,-1.6033399,0.39256567,0.18048266,0.08371003,-1.5571963,2.0673835,1.4943647,-2.3731368,1.5359248,1.9991207,-1.3699495,-2.656296,-0.09089818
Modal,0.85566664,0.8393483,-3.0442128,-1.6637188,-1.9156893,-3.1758752,0.23446772,-1.5845741,-1.7002895,0.09885096,1.1136805,-0.36140776,-1.4935457,-0.61656284,-0.03672733,0.5215445,3.5296106,0.8684137,-0.96783996,-2.117281,-1.315767,0.16191757,-1.782162,1.5220368,-2.07817,-0.050517228,1.7386317,1.1534685,1.2562577,-0.727138,-1.2775129,0.42489827
Electric_Blues,0.49932277,0.20038477,-0.9489032,2.0207899,1.3579903,-0.7809387,0.20106277,0.07019877,-1.7570177,-0.5005771,-0.17324106,-2.7313232,0.83960354,0.82138413,1.032335,-0.25781,2.1259863,1.3461728,-0.09485277,-0.74652267,-0.31568485,2.0252645,1.3107859,1.9438221,0.020485653,-1.3792871,0.43425784,1.8798877,0.8408251,-0.49759683,0.5956973,-0.089165404
Thug_Rap,-0.09311972,1.0635214,2.342174,-0.47322667,0.78863883,-0.98392993,0.6869635,-1.5947901,1.2736148,-0.63194615,-1.1401848,-1.9954971,-0.5931056,1.4473118,0.8343051,0.17634788,-0.80794704,-0.875811,-0.15460658,-1.0670854,2.4596057,-1.8522208,-0.69901174,2.5682192,1.0317066,1.1408004,0.19286779,1.5362158,-1.7821844,1.6929085,-1.4348654,0.36375475
Radioplay,0.93616265,1.0471791,0.4913508,-0.19242418,2.2702303,-0.41885722,1.0640569,1.3977463,-1.1929312,-1.2519814,1.7020198,0.88862586,-2.1373649,-1.9781114,-1.6070406,0.7058211,-1.5406536,-0.822824,-1.2369356,-0.80584645,-0.9258062,0.3025826,0.36191866,1.2092241,-0.48879886,-0.20369025,-1.9323926,2.4971287,-0.5937704,0.74866056,-0.37691182,0.4583089
Anison,-0.8492413,-0.57188416,0.9636527,-1.4767445,-1.3127532,0.052375246,0.9241854,2.5572512,-1.3182787,-1.1246403,2.4157681,-0.19672444,-2.258732,-1.4443507,-1.7015953,0.5391101,-0.90315497,1.9158921,1.6362906,2.123214,0.17944886,-2.538109,-2.8997724,0.5740977,-1.2064079,0.31995994,-0.9737158,-2.3282504,-0.66670823,1.5378628,-1.025402,-0.43257183
G-Funk,-0.3638592,0.74120986,2.5958111,-0.5469792,0.19713016,-2.3596745,0.08406715,-1.7934407,0.32997498,-0.13082503,-1.2895601,-2.7451682,-1.3909338,0.3384608,1.6405386,0.5608014,-0.18217799,-0.73298687,-0.28219235,-0.33796185,2.1012316,-1.8450607,0.16677085,2.0819423,0.1142327,0.8737768,-0.5196662,1.5552559,-0.30757278,1.1874092,-0.6401147,-0.0066335765
Rhythmic_Noise,-2.1221008,0.77630657,0.5745341,-0.46072263,0.6541929,1.7131785,-1.2610934,0.11639786,0.97777426,-1.3303812,-0.7662524,2.2192101,-0.26802877,-0.9321031,1.5214815,-0.4669236,-0.077341035,-2.8789558,-3.4521978,-0.97819966,-3.6119514,-0.6106432,-0.24158868,-0.8080522,-1.21271,0.33902764,-0.80284554,-0.2938232,-1.1541568,2.9702113,-0.5725934,1.6952553
Son,0.28072008,0.046940107,-0.3478714,-1.5970384,-1.0556757,1.5483258,3.9956226,-2.9670248,1.6576608,0.24703783,0.705347,-1.3780673,0.9181051,-2.8580139,-0.2434467,1.6196955,1.6933717,0.410853,-2.2325983,-2.0715055,3.089786,1.0564492,1.2833028,1.3676231,0.29347044,0.6337015,1.1455785,-1.6722382,1.9585474,-2.431352,0.6969496,0.8876957
Lounge,0.87738705,1.9637226,-1.5720698,0.3221636,-2.612936,0.27092808,-1.4492325,0.2108261,-0.89415056,-0.25856417,1.6624792,0.798633,0.31276804,0.21190453,-0.12970547,0.9757245,0.03174161,1.8090241,1.3987459,0.4252076,-0.42302048,-0.45776007,-0.8027641,0.4338564,-0.5950376,-1.7130543,0.38622496,0.14120567,1.3877572,0.8190154,1.1924024,-0.8189519
Atmospheric_Black_Metal,-1.4908806,-1.6439029,0.34294465,-1.2222431,0.8653617,-0.86619884,-0.97670615,-1.6097461,-0.3855051,2.030026,1.1123837,0.0910435,1.6789576,-0.328016,-1.2236516,-0.33462486,0.57630813,-1.8360944,-1.5542452,1.22145,-0.59814507,-0.9214143,3.0643349,0.17764734,0.7691329,-1.6727383,0.7121648,-1.3996544,1.1626107,1.7091315,-3.8031116,1.7115734
Laïkó,0.33031672,-1.5928372,-1.0379874,-1.8242112,2.4970648,-0.46889234,1.9556533,1.3364265,0.51386106,1.1198547,2.196154,-1.0257515,-0.77407014,0.3407231,-0.67346174,0.829351,-2.316673,1.8430402,-0.21619768,0.8619745,0.30599287,-0.19095033,0.20167409,-0.21352705,1.1379611,1.1807247,1.7678001,-0.4460907,0.11572163,-0.41680342,0.6258775,-1.9945928
Goa_Trance,-3.4185169,-0.090640806,-1.4434136,-1.0417708,-0.02187765,2.6135693,0.29221648,0.10943599,3.6009402,-0.39504796,0.28950846,-0.009749237,1.0964452,0.7671188,1.7249587,-2.2088342,-0.07865161,-0.7789855,0.04920427,0.5161983,-0.7160881,-2.1039026,0.22208673,-1.4718665,1.0829772,0.8449389,-1.2220207,-0.96733767,0.016695194,0.7643132,-0.062014963,-2.4020927
Rocksteady,1.9380922,-1.0165169,0.97107846,0.70173204,-0.23482497,1.2807641,-0.047751464,0.39370415,1.1617177,1.1235157,0.32031408,1.5500287,2.3377123,-0.063473605,2.2043297,1.4448662,0.9729041,2.1422222,1.0971335,1.1074682,1.7753661,0.6991058,-1.4927515,2.9892697,-2.495556,0.43837607,0.96821904,0.7625227,1.4861941,-2.2715197,-0.9777964,-0.55960584
Light_Music,1.5778787,0.5029084,-1.1453867,-1.5818429,-1.4213666,-0.27620974,0.5966996,0.06424612,-0.5824832,-0.8273099,2.5554614,-0.28089693,-1.1973149,-0.72316563,-0.9356414,0.3849552,-1.2654256,1.3374186,1.3846197,-0.042659227,0.6332968,0.78993154,0.30598283,0.036778387,1.3651661,1.3450505,-0.27710843,1.234604,1.7536634,-0.08231958,0.13893454,-1.1691736
Calypso,2.367302,-0.8396651,0.6450344,-0.78432256,-0.49340966,0.5721054,2.15096,-0.8128521,0.4227641,0.9291026,0.48454595,0.93240726,0.40534487,-1.4944881,2.4688601,1.697432,0.091160625,0.9360343,0.599121,0.5003425,0.9315187,1.6313757,0.24860208,2.6952157,-0.8011018,1.5781717,0.45444232,-0.15583047,1.8994801,-2.055792,0.5723474,-0.7237678
Speedcore,-1.908824,-1.2352852,-0.3450408,-1.1620028,0.49657536,2.1280777,1.6249391,0.35618028,1.7188618,-2.7115211,-0.3100839,2.5671647,0.07361087,-1.1231145,1.0098712,-1.5429567,-0.5505736,-3.8863432,-3.633291,-0.9502592,-0.41344574,1.1071564,-1.3178704,0.5821071,-0.93115216,0.14969791,1.2600352,0.24571817,-0.36155915,2.8487158,-1.7385373,-0.2506601
Ragga,-1.2727528,-0.77732474,1.5073595,-0.05956923,0.7024586,0.9764914,0.59221095,-0.5746223,2.5781326,0.3538785,-2.9548187,1.8365276,0.5566831,0.76431185,1.4585129,1.0234036,-1.1629169,0.012557254,0.31763205,-1.0581503,1.686241,-1.3014361,-1.0785458,1.5059292,-0.36228377,2.8884542,1.5959984,0.133602,-0.2788159,-1.2456652,-0.80887854,-1.9249595
Hardstyle,-2.3559473,-1.9323596,0.108217545,0.27227354,1.1498672,0.888834,2.6712296,1.0049946,3.6267772,-1.206928,-0.06973058,-0.60574937,-0.6056169,0.013943658,1.3444811,-2.0987368,-0.49328014,-4.1152024,-1.5364403,-0.57834166,1.6291585,-0.67672324,-0.3582203,-1.5066803,-0.46181834,0.5090817,0.0995401,-1.257888,-1.3544117,0.8784141,-0.3649288,-1.1137133
Deep_Techno,-2.4509802,1.145778,-1.0865278,-1.2790139,-0.8656915,1.4522519,-0.9442829,1.036675,2.0233467,0.631277,-2.1093352,-0.04757587,1.4830916,-1.2345158,0.80270725,-0.64021003,-1.1802846,-0.46264774,-1.6475521,-0.47506723,-2.0345051,-0.88459903,0.731024,-2.1603386,0.060689595,0.2380868,-1.1446786,-1.2011889,1.1299573,-0.29766184,-0.61051255,-0.048226766
Twist,2.6826062,-1.1036336,-0.15259795,-0.46094927,-1.6242456,1.7379994,1.0963126,1.1457027,0.22284949,-1.4696615,1.823127,-0.8165257,-0.56247866,0.11146567,1.9868863,0.5140242,-0.5815308,0.79701716,0.63430303,0.9567397,1.6947709,2.3469107,1.3372654,1.6933086,-0.4367238,-0.8703212,0.37482783,1.1291844,1.9112225,-1.1779908,1.854618,-0.28053516
Post-Metal,-0.9477103,-0.46848813,-0.06757529,-0.19151184,-0.27706122,-1.517538,0.64833874,-2.15387,0.8567335,1.7574618,1.1587313,0.23809643,2.7414844,0.1131513,-1.7533995,-1.9826972,2.096689,-1.4667562,-2.7106247,1.5225583,-0.4136945,-0.31625077,1.0424906,0.11475347,1.5517648,-3.4947913,1.4299858,-1.3309718,-0.7507035,1.8526877,-4.2606463,1.2234228
Hands_Up,-1.3641276,-1.3498309,0.5376588,-0.10003968,1.3743757,-0.053258575,3.387818,0.15863253,3.568074,0.93961525,-0.3150038,-1.4835651,-1.9556508,0.49022293,0.9729775,-3.078382,-1.3219541,-3.3733509,1.3050289,-0.3121503,2.0835166,0.12860721,0.0357217,-3.1781538,-1.0339372,-0.29001898,-0.164811,-1.4807528,-0.69388235,-0.5238152,0.7800547,-1.7300007
Medieval,-0.92170626,-1.824102,-0.30023354,-0.4480837,1.843419,-1.2771577,-0.40691328,0.90941006,-1.6829237,0.7881357,1.8380989,0.16609204,-0.4580972,-1.1676825,-2.0328674,-0.8240863,1.701524,-0.52154195,1.165956,-0.51318145,-2.3589058,-2.0724788,2.1583874,-1.9068339,1.7042482,1.6357045,-2.8034189,0.23044452,1.4631094,0.08491204,-2.83703,1.6650567
Euro-Disco,1.1503248,-0.9888306,1.9231073,-1.1469537,0.16290018,0.1339749,0.59003943,2.1225212,0.8268191,1.1129739,-1.2866926,0.05331766,-3.858879,0.9764374,0.3944028,1.6361567,-0.13447578,-1.3701781,1.2514578,0.1737898,0.41042387,-0.38290533,0.035740517,-1.3541481,-0.43384477,0.73231596,0.4555543,-2.6026757,-1.4957123,-1.4629706,2.5799303,-1.3861465
Romani,1.5286658,-2.2777398,-1.5327923,-1.5194988,2.875507,0.4270046,0.16698553,0.36297557,-0.48288953,1.3686395,0.9213107,0.22128245,-0.94114864,0.7159865,0.3545417,-0.025439432,-0.5600346,1.0505627,-0.82723635,-1.7833602,0.025249846,0.16512829,0.23026565,-0.41230544,1.5586249,2.6389294,1.5346502,0.35359251,0.59407943,-0.3567113,0.80417514,-1.9353085
Military,0.30741283,-0.8013693,-0.8122879,-1.9739968,1.7847172,0.05046086,0.24010536,-0.08398181,-1.9925814,-1.6021521,1.7540966,0.66536456,-1.3098117,-0.6669096,1.0710014,0.5805663,0.27028456,-0.9370897,-1.1646885,0.17316616,-1.3493057,0.09956148,2.1482906,-0.23495951,0.5665834,3.6148396,-1.8292314,0.19665322,0.6732839,2.2541773,-2.1671865,0.29622173
Space-Age,1.7768725,3.1480823,-3.2354643,-0.9557346,-3.1390386,-0.12736306,-0.46213612,-1.6598887,-0.8148745,-0.9628257,2.5529354,1.0911235,-0.9388297,-1.1316841,0.7463872,0.6177687,0.5997362,1.7766216,-0.17087488,-0.003984873,-1.107343,-0.13608357,-1.6289593,2.1655266,-0.9231568,-0.78429186,0.023586843,1.236939,1.8740438,0.3783309,0.037741657,-0.17464776
Honky_Tonk,-0.15407883,-0.106524296,-1.0459422,2.1661987,0.960761,-0.706587,2.1688766,0.1833144,-0.9215021,-0.31122005,1.7792262,-1.5402064,1.3012168,0.34558308,2.1101923,-1.3902965,-1.2642459,1.0918372,1.5597343,0.39901316,1.3586392,3.018711,0.8317688,-0.09707547,-0.6183629,1.6164383,0.059594117,1.9867224,0.64976025,0.93225324,-0.69861597,0.5177807
Gothic_Metal,-1.0206915,-2.6164181,1.5767514,-0.67681855,1.1375772,0.6818201,-0.2911579,-0.74599105,-0.8882394,1.039968,0.7411242,-0.90688616,-0.45480123,1.5496153,-1.7297336,-0.45708954,2.8416061,-0.649829,-1.0680834,1.7475902,0.5737026,-0.23524779,2.19177,0.38181737,-0.69536686,-0.8476473,-1.3843914,-1.8801903,-0.8965183,1.6532426,-3.1140535,1.8631299
Symphonic_Metal,-1.4492017,-1.4777669,0.3567244,-2.188588,1.1649902,0.06081649,1.1609404,0.025875866,-1.3171555,0.36978266,0.028527312,-1.5240514,0.2613869,0.60537094,-2.9034693,0.8816651,2.1574848,-0.36581415,-0.7734859,1.135758,1.2127627,-0.12800953,1.5128715,0.4501735,1.2332301,-0.32413375,-0.49342713,-2.1522205,0.73600626,1.9424362,-3.07166,1.5516071
String_Ensemble,0.79233485,0.094754465,0.6543267,-1.1506991,-1.7243968,0.32404193,2.6974714,-0.48579243,2.6909645,-1.148001,0.010685511,-1.2559954,-1.672652,-1.3402656,-1.2904178,-2.3117425,1.9965678,-0.36641145,-0.77041084,-0.25852513,-0.70343673,1.3745921,-1.5080506,-2.156634,1.845743,1.5680069,-1.9775755,2.2395191,-0.1478743,-1.9694405,-3.1853435,2.3627875
Dialogue,0.87882215,1.0159088,-0.2679366,0.12845826,1.5625426,0.032902554,0.7542297,1.8704181,-1.9362572,-1.3934088,1.3839539,0.71320385,-1.960564,-1.5843316,-1.0845224,1.2734262,-1.1414555,0.71732146,-1.2765666,-0.7928512,-0.6217963,1.3971525,-0.6713777,1.5618318,-0.92130685,0.08596511,-1.8264301,1.4558748,-1.0190129,1.8045666,0.25359455,-0.10474359
Soukous,-0.3900178,-0.01230345,0.7927047,-1.1274669,0.34655154,-0.26950127,2.6976101,-1.4619124,-0.064347014,1.8290427,-1.1174293,-0.34392944,0.3600985,-2.3765147,1.8068049,0.8278497,2.0750263,0.31277114,-0.5649176,-1.1291832,-1.4514695,-0.1150493,2.2821848,1.6097515,-0.9765534,2.6936512,-0.27548403,1.558926,0.7988685,-3.5944693,2.0540543,0.57923186
Lovers_Rock,0.4038402,-1.0675524,1.9331616,-0.049862035,0.08184477,0.39293724,-0.808201,0.59444654,1.3181566,1.303572,-1.4409193,0.668148,1.8067453,0.2186453,1.8788356,1.0928357,0.42096022,2.0481727,1.2802994,0.82555085,0.73040694,-1.0459529,-0.7845365,2.0004287,-0.506518,2.4400113,-0.11381332,0.3851356,1.4525326,-1.6791992,-1.0524379,-0.9427625
Ragtime,0.7836447,0.3090234,-3.2470093,-1.5657797,0.7682445,-1.0125552,2.145591,-0.41281807,-1.6266068,-1.1679015,2.547296,-1.3709154,-0.6044487,0.2257466,0.7481523,-0.6957273,-0.1988668,0.83999664,0.0197035,-0.6825374,1.3990719,2.6162264,-0.26955694,1.4853592,-0.4491831,1.4010324,0.317986,1.9600691,1.53567,0.28520533,-1.3739309,-0.3144314
Interview,0.165283,0.86468345,0.32150835,1.2737631,1.6181803,0.3022435,0.28655303,1.4017516,-2.108365,-1.343357,0.36309424,0.040951837,-1.1495697,-0.015288463,-1.1897511,0.40816256,0.32684502,0.23525639,-0.57175714,-1.0732741,0.1278019,1.3588219,-0.19151089,0.6207136,-0.027245805,0.0015492624,-1.0098059,1.1895614,-1.314152,0.52115744,0.6722686,0.37423897
Goregrind,0.7508904,-0.18671748,1.864144,-1.1113421,0.28972125,-1.6361059,0.19937913,-1.2352777,0.53164876,-1.641647,-0.28174943,1.5321342,-0.86764336,-1.0405934,0.22333816,-0.47538236,0.42258033,-1.9887563,-4.286089,-0.50127745,1.5294936,2.4980211,1.8821229,0.68039423,-2.0345156,-0.6778063,1.0910633,-0.6919193,0.20308949,0.60236305,-2.2728908,1.5489911
New_Jack_Swing,0.5171686,-0.16982701,2.1839867,0.10213944,-0.18571314,-2.4080627,-0.26027325,1.1358047,-0.29473317,2.0308502,-2.8814058,-2.6086361,-1.357963,0.42706266,0.42437273,2.0922863,-1.2659508,-0.14396308,2.0282774,-0.3646684,2.0573745,-0.88525707,-0.84709144,0.6634942,0.23796117,1.0476614,0.63585186,0.6582371,-0.06194897,0.68752605,1.4502943,-0.9246036
Melodic_Death_Metal,-1.8504735,-1.4873359,1.3976536,-1.8790283,0.5489122,-0.23481055,1.2997184,-1.3849173,-1.3779682,0.81265444,-0.70344555,-0.66861904,0.6705199,0.06570248,-2.2835875,-0.2912574,1.4764827,-0.165343,-2.0604436,0.73977494,1.7876977,0.48283052,1.4251453,0.96661425,0.6805142,0.14838798,0.36877874,-1.5752242,-0.78397375,1.3127592,-3.5937846,1.6805665
Audiobook,0.016637543,0.53050625,0.54209393,-0.0069294507,2.203273,-0.89564395,1.928448,0.9379791,-1.240858,-0.96850616,2.0499182,1.318976,-2.2503247,-2.0554802,-1.5023576,0.7147002,-0.9291024,-1.0872631,-1.4109023,-0.95591635,-0.54470897,-0.46667382,0.29042745,0.62216544,0.15599196,0.20354643,-2.242202,2.5128322,-0.05952133,0.52234316,0.10760699,0.31460714
Britpop,0.5093399,0.18431138,0.5273058,1.9825737,0.27971616,0.9499979,-1.8044603,1.6243516,-0.12832232,0.75271523,-0.5750491,-0.2836976,0.23989429,3.0298374,-0.7871118,-0.45650157,-0.091609724,-0.0016080202,0.64016193,0.67554146,1.023403,-1.0270275,-1.19566,-0.8027899,0.99763095,-1.4908668,1.2408061,1.0395808,-1.0432417,-0.00047600787,1.4329954,-1.3500205
Grime,-1.7707571,0.53847665,1.9056196,0.2938922,0.54170644,0.21611686,-0.56313056,0.3957428,2.5643458,-0.5522613,-2.6814435,-0.53183216,1.7069422,-0.5531888,1.6931533,-0.10671976,-3.0068684,-0.98342687,-1.5764762,-1.7272196,0.71374434,-2.331297,-1.5899566,0.19110966,-0.095695555,1.5006173,0.39197567,0.9723279,-0.23313752,1.9945531,-1.3234707,1.1250424
Acid_Rock,0.39441696,0.2314872,1.0419737,2.2370398,0.018441387,0.32245663,-0.09937959,0.36017755,-0.8540637,-0.3342187,0.6164882,0.05948336,1.7221448,0.7710265,-0.9370543,-1.1997228,2.6322753,1.200173,-0.9140545,0.1554269,-1.4661222,0.35210517,1.897628,1.4786272,0.14794096,-3.57073,-0.6219309,-0.33481592,-0.8656172,0.049751293,0.7404971,0.004186537
Brass_Band,1.414736,-0.054906193,-1.4797553,-1.6234031,1.0547128,-0.42813256,1.048936,-0.59480983,-1.6638759,-0.8132911,1.0947636,0.59887993,-0.1405807,-0.22018354,1.9296234,0.7625201,0.2543506,0.4906507,0.022240598,-1.3081359,-0.13764141,0.021445641,0.58456457,0.16968745,0.24708839,2.67062,-0.06947117,0.5793577,0.15001306,-0.33727577,-1.7761235,-0.14471437
Neo-Romantic,0.65712696,0.4271933,-1.4520231,-2.4415138,-0.20170002,-0.42512524,0.3521588,-0.2682199,-0.49460632,-0.74988115,2.4283297,-0.7819153,-2.4756567,-1.4858149,-1.0571179,-0.8435515,0.7715204,0.6439981,1.359145,0.45403025,-1.1105059,0.4941405,0.481095,-1.411674,1.5310222,0.7505491,-1.685163,0.81317043,0.27326536,0.45975852,-2.1657155,1.2031776
Coldwave,0.36459342,-0.61981076,1.5017716,0.12894009,1.0163639,2.0068758,-2.9629183,0.7371062,0.8136878,1.6724927,1.6671168,0.036279958,-0.22167209,1.0839126,-0.24515799,-0.06320502,3.0151372,-1.6896105,-1.6277444,3.1495981,-1.158551,-1.0319403,-0.044568066,-3.0646067,-1.8106258,-1.9307508,-1.2205828,-1.9224765,-0.0027163767,-0.58551675,-0.7144071,1.7623413
Psychobilly,0.62267137,-0.08447811,0.9524144,3.085713,0.72834414,2.0902483,0.28372452,0.8753602,-0.09945248,-0.7068673,1.9639727,-0.02963002,1.8361166,1.4462357,1.0352176,-0.9963557,1.6339252,-0.96355015,0.78288704,1.8585215,1.9752415,2.4393733,0.70655584,0.024410304,-1.8515157,-0.85359293,-1.3174902,0.42821175,0.78382564,0.4084675,-0.47755948,1.9653783
Jazzdance,-0.57098114,1.4937587,-1.3814192,-1.3584002,-2.3895361,-0.46603885,-1.2411736,-0.18938057,0.66991305,0.92949563,-3.0141869,-0.062476326,-0.77120394,0.25700235,1.4529479,1.4397571,-0.052128386,1.7492212,1.7324574,-1.8000475,0.2846239,-0.64524084,-2.1661646,-0.2587226,-0.46617094,-0.35176864,2.3558047,-1.0826519,0.93567586,-0.32146138,1.2103204,-1.3154135
Sound_Collage,-0.5020849,3.5799196,-0.09641925,0.27976793,1.1323332,-0.2578791,-2.27488,-0.8159558,0.26587602,-1.024011,0.6493144,1.8484427,-0.75007564,-1.7882668,0.9509891,-0.053964842,-1.5435692,-2.0410726,-2.1676302,-1.0941643,-2.8610122,-0.7437368,0.40988722,0.0441301,-1.3625807,-1.437172,-0.5165057,1.003936,-0.7811724,2.623749,0.07266845,1.5199568
Electroacoustic,-1.5273359,3.2198527,-1.7893494,-0.78970873,1.2639937,-0.4684478,-2.6218548,-0.7859462,-0.14091653,-0.09877024,0.85847694,0.83317244,-0.6639991,-1.7886217,-0.525297,-1.4702272,-0.27076554,-0.9133917,-1.6342263,-0.8886091,-3.5200553,-0.46461493,1.436139,-0.7836543,-0.38976735,-0.7766587,-0.86046195,0.864191,-0.079071164,1.3921198,-0.5947009,1.942037
Political,1.0818156,0.2794795,-0.18179436,-0.37874028,2.3041315,-0.027663255,1.2512845,0.32216546,-2.2538888,-0.71174455,1.0497273,1.6560485,-1.2299126,-1.0940301,0.06033432,1.3508577,0.46186543,-0.32035965,-1.9021511,-1.8953495,-0.1308519,1.1263558,0.878639,0.7062769,1.5523827,2.1373026,-1.1518791,1.7633251,-0.5139642,1.1137854,0.8782748,0.7237015
Harsh_Noise_Wall,-0.054127917,1.2254356,1.2269402,-0.5643402,2.159914,0.34195942,-0.6485857,-1.6233711,0.851934,-1.667063,-0.25881475,2.2396686,-0.6728705,-0.7277502,0.78070784,-1.5350332,0.16378254,-3.1440918,-4.2293954,-0.48797116,-2.820363,0.7094039,1.695166,-0.13661923,-0.6537782,-0.028041225,-0.2605907,0.7097999,0.876547,1.8046504,-0.5616451,1.5999386
Éntekhno,0.15545024,-1.1122786,-0.20020822,-1.2130358,1.0646632,-1.1379799,1.9915093,-0.0028853398,-0.4983428,0.782793,1.9503422,0.0070894053,-0.39672577,-0.39681864,-1.5691315,-0.49403137,-0.7487399,1.2509527,0.6841597,0.12128588,-0.11107912,0.39813906,1.1812307,-0.47237754,1.9715141,0.5029696,0.5463795,0.91904193,0.4537048,1.3627053,0.9327014,-1.7512053
Folk_Metal,-1.598639,-2.0667844,0.6615412,-0.12174262,1.3826737,-0.2611017,0.45470935,-0.2367341,-1.7684317,1.3327113,0.79611474,-0.22546841,1.6054451,0.9018975,-2.0804238,0.084333755,0.99744284,0.12966031,-0.20707868,0.512012,0.47366866,0.4061101,2.6493142,0.6550337,0.7773057,-0.24113794,0.20266977,-1.5043854,0.36551568,1.206765,-2.664366,1.4347482
Melodic_Hardcore,0.30859306,-0.17410463,1.3577118,0.989318,0.45770994,0.26870105,1.1683313,-0.14692177,-0.34044528,0.39512768,0.36588895,1.2509061,2.0693264,0.88816077,-2.0870798,-1.6275675,1.087654,-1.2488745,-0.54624295,1.0049815,2.4623957,1.1637661,-0.99713343,-0.04161583,-0.16873029,0.1962676,1.8681061,-0.18094806,-1.3715276,-0.72831696,-3.0410652,0.75344944
Chicago_Blues,0.852785,0.05094361,-1.4029114,1.1991582,1.782297,-1.5713606,1.1959031,0.4068183,-0.9674298,-0.80781114,-0.18620753,-3.559534,0.72003424,0.15939632,1.6503142,-0.5304767,1.8248401,0.49121282,-0.6138889,-0.29007852,0.7852279,2.443307,0.66567284,2.18704,-0.17294988,-0.3251265,0.8142954,2.5882242,2.1270182,-1.1041532,0.1903074,-0.49150133
Nursery_Rhymes,0.73293155,-0.7897715,0.63768786,-0.2175643,1.0101271,-0.7312538,1.0142081,0.84992564,-1.5078568,0.044200987,2.4058871,0.93730074,-1.6556767,-1.6401461,-0.2460022,0.5200709,-1.7188246,-0.23694308,0.22999385,0.048044525,0.58987546,-0.5657085,1.45663,0.12746789,1.0750268,1.0259447,-1.0312518,2.0139153,-0.19203569,-0.080385454,0.66304505,-0.067204855
Pacific,0.21762167,1.0364635,-1.0617684,0.40741104,-2.205272,-0.32600752,0.8150256,-1.0443292,0.066252805,0.6155345,2.6421118,1.1876919,0.7996584,-0.48732573,0.8938818,0.27297676,-0.8039565,1.1060035,0.82422554,-0.44635594,-0.10680211,0.89823586,0.74287766,2.0931053,1.2579603,1.8028936,-0.57071674,1.5267276,1.1947004,-0.79844016,0.3044744,-0.932319
Mariachi,0.9022306,-1.0089347,-0.4996679,-0.74749297,-0.13756806,1.1432915,3.52874,-0.635664,-0.17299263,0.3102539,1.1881757,-1.3142159,1.4020303,-1.040577,-0.63646966,0.5925704,-0.39887062,1.1189085,0.2308483,-1.0380782,1.5830128,0.85139173,0.75746113,-1.326474,0.98681325,1.3041991,1.9764438,0.060732506,1.1779175,-0.9564017,0.36067003,1.1961579
Monolog,1.0224762,1.0562739,-0.29734513,0.21122567,2.066168,0.047476433,2.4000971,0.54854226,-2.1268804,-0.90011376,1.1345071,0.89468396,-2.2426462,-1.3346516,-0.94251376,1.5885168,-1.3033372,-0.5595577,-1.588551,-1.0621777,-0.060317177,0.93642557,0.53499156,0.662473,-0.6556986,0.6938017,-1.0224329,1.5211498,-0.41776675,0.43388104,0.596982,0.5808456
Education,-0.1349335,1.8427986,-0.65023535,0.6036205,1.3868777,-1.3404542,2.5625064,0.43170983,-1.2919014,-0.9794205,1.8938953,0.40167964,-1.2682302,-1.8337238,-0.8504357,0.3463546,-0.66831833,-0.6779534,-1.6764517,-2.7110536,-1.1110052,0.938917,0.17085873,0.6469877,0.72211653,0.9373391,-2.3107605,1.7912427,-0.22310694,-0.21699163,0.15957417,0.44735822
Cut-up/DJ,-0.35921523,1.9305189,0.45829833,-0.26933634,-1.0652375,1.1182137,-1.3470504,-0.7118024,0.55973965,-0.8154483,-1.756969,0.12606075,-0.24709399,0.7738316,2.8902225,1.4736063,-1.4179659,-0.99460256,-0.89740026,-2.1460803,0.9137964,-1.5205039,-2.4571621,1.9944668,0.2569282,-0.5278229,-0.5710485,1.7603803,-0.5437427,2.3978896,0.04079826,-0.975952
Noise_Rock,0.49251413,1.2392614,0.1736753,2.1263318,0.48092455,0.15159418,-1.0600677,-0.5574463,-0.2034477,-0.13266666,0.6607214,0.53929365,1.7967962,0.2030834,-1.3486058,-1.9618807,2.726545,-1.6073521,-2.896329,1.180885,-0.27162504,-0.025627326,-0.22436468,0.3967586,-0.32015142,-2.5938609,1.1909126,-0.31035516,-1.5137109,-0.019701337,-2.030229,1.679707
Ragga_HipHop,-0.72767574,-0.16100717,1.78816,0.3203788,0.7758673,-0.4262345,-0.15508114,-0.59444535,2.3657398,0.9343366,-2.936807,0.575941,0.26218015,1.3798981,1.9516916,0.7881167,-1.0086691,0.3637171,1.5927807,-1.4809346,2.4741786,-1.867203,-1.5651915,1.4782323,0.27766326,1.6997468,1.229813,0.9331788,-1.5537823,0.34949607,-0.28058958,-1.6336536
Hard_Techno,-2.692637,-0.7723255,-0.28346765,-0.21362422,-0.053281732,2.3476925,1.7601252,0.7168207,2.0028186,-1.5693623,-0.91574997,1.0379157,0.4187314,-0.51974666,1.1664767,-1.0056583,0.6760549,-2.1596546,-2.7643046,-0.16981281,-1.2443511,0.3412489,-0.5302144,-0.6203284,-0.18023023,1.6518024,-0.61907715,-1.5204189,-0.35641152,1.1046987,-0.060222056,-1.3783677
Afro-Cuban_Jazz,0.5896497,0.14603284,-2.2095783,-1.7177912,-2.7602885,-0.23686688,0.8823496,-1.7487292,-0.18134323,0.6586615,-0.084262654,-0.16654876,-0.6244899,-1.8216498,0.31531855,1.5220479,2.1810653,1.602794,-0.14824559,-1.8145704,0.9270374,0.62387985,-1.6612178,2.2718358,-1.5915017,0.445125,2.1148229,0.42989844,1.7677354,-1.7945032,0.26074174,0.43098626
J-Rock,0.37377355,-1.681387,1.4934695,0.7610022,-0.20677559,1.6440896,-0.76157194,1.7941487,-0.9222948,0.27975762,1.1878133,-1.0629201,-0.13135782,0.57473254,-3.168672,-0.21591987,0.5925553,0.811261,0.38114783,2.216018,1.3993576,-0.6218348,-1.7321435,0.36839673,0.46189782,-0.57760406,0.6859462,0.028868236,-1.9718677,1.3183799,-1.4409472,0.4124885
Nordic,0.14718081,-0.006044578,-1.9276592,-0.4453322,0.98108995,-1.5029488,-1.0737149,0.04476484,-1.4469501,0.64533514,1.8830508,0.7828908,-0.40658477,-0.07637188,-0.4885701,-0.11032362,0.11280968,0.8780161,0.070276186,-1.5745769,-0.42620525,0.3020588,2.1570914,-0.9898852,-0.21272688,1.5331283,-0.4051932,0.28190637,0.8424491,-0.024381768,-0.7277441,0.68825006
K-pop,1.0472573,-1.5283244,2.4173203,-1.0296694,0.84122276,-1.5878396,-0.71413285,1.5906442,0.753336,1.9152002,-0.91749924,-2.7978172,-1.524931,-0.36284497,-0.23837548,0.80889595,-1.5837058,-0.40415648,0.34590906,0.3518605,2.1993918,-1.1818715,-1.3812618,-1.3154447,-0.36512715,0.21536556,2.003078,0.40811843,-1.5231699,1.0142512,1.3757511,-0.5719362
Operetta,1.1852806,0.029892579,-1.3203346,-2.1777833,0.025076948,0.34548318,2.3401887,0.5973438,-0.62033325,-2.1640599,1.9755137,-0.5264488,-2.4454074,-1.1360594,-0.047463473,-0.6996984,-0.7550931,0.5718714,1.1132023,0.9078335,0.26429823,0.81462616,2.0752747,-1.0464828,1.6487702,1.0953094,-1.229416,0.72724664,-0.18213508,-0.93506,-0.90717393,-0.4938083
Yé-Yé,2.2167192,-0.93657357,0.451942,0.7232727,-1.9262921,1.1007601,1.1237416,1.5498916,-0.90865546,-0.8246997,2.1561315,-0.6668319,-0.37187165,0.3788721,1.647338,1.6223574,0.46755543,-0.33744508,0.5218242,2.2173622,1.1790084,1.0560439,1.7174003,0.3760737,1.1163361,-2.225401,0.454433,1.4388288,1.0789489,-1.7052102,2.6499798,-0.8736338
Bubblegum,1.2825581,-1.3428473,2.3273706,1.6886545,0.06432488,-0.227436,0.36869425,1.6305057,0.1371399,-0.0330463,-0.034345146,-0.66448575,-1.6921992,1.0082914,0.41638273,0.10364911,-0.7809156,-0.7407059,1.0989215,0.61145097,0.87775886,-0.44018164,0.27834743,-0.23092943,-0.11010079,-0.48697838,1.0494344,0.611937,-0.92398405,-0.6812829,2.7033627,-0.69117016
New_Beat,-1.5453862,1.0976105,1.3790936,-1.0369588,0.1443993,1.6327273,-0.93483937,0.79552984,0.26105997,0.36441216,-1.8818334,0.4970878,-1.9551514,0.9509656,0.9997549,1.3988647,0.43197075,-1.9461147,-0.6951264,0.7562591,0.107605144,-0.4491049,-0.6169994,-1.6889923,-0.5189436,0.15680937,-0.7112502,-1.7733994,-1.0061876,-0.8872909,1.3665056,-0.7500612
Eurobeat,-1.1077576,-2.045072,1.8072095,-1.1428401,-0.59072936,0.63752073,2.068846,1.6368947,0.43142346,0.82374704,-0.8188345,0.323151,-3.6048691,0.5867166,-0.15613171,-0.055321436,-0.5878654,-2.7086327,0.8460784,1.0629313,0.48114407,-0.6484677,-1.4624358,-0.8580421,0.5122957,0.72290933,0.26298237,-1.6299664,-1.8539952,-0.8660045,0.58302605,-1.3149321
Educational,1.1931394,-0.1955213,0.6635647,-0.71534675,1.0447224,-0.7839558,2.0412493,0.34664539,-0.9990279,0.15911695,2.098909,-0.08550745,-1.447929,-1.8248762,-0.8352929,0.25284326,-1.5449961,-0.8200864,0.21754777,-0.5993979,0.40726742,-0.22765094,1.0225433,0.2883278,0.8513612,0.46046954,-1.6286007,2.3471751,-0.29260543,0.2570994,-0.10144354,0.5892151
Witch_House,-0.5680332,1.4102119,2.4031477,-0.06046718,1.0052875,0.1786235,-2.198096,-0.41599485,1.4518561,-0.18687998,0.24956214,0.52277493,0.14567147,0.13682473,1.0404073,-0.3353097,-0.9208379,-3.5896523,-2.1581006,0.74040514,-2.0916557,-2.5642362,-0.47906515,-1.1348988,-0.35799715,0.004402956,-0.85810554,-0.47805282,1.4379135,2.5828092,-0.27249417,1.83468
No_Wave,1.4688667,2.3085647,0.84984577,1.0736269,0.20566559,1.0037298,-2.0052624,-0.96725386,-0.63220155,-0.06965268,0.09958721,2.2664337,-0.05836671,-0.34945723,0.20081279,-0.3078097,2.492962,-0.7424045,-2.4306705,1.1166937,-0.99151045,0.59519356,-0.15371628,-0.6590021,-1.7512572,-2.7573097,0.41332915,-0.68424857,-1.796505,-0.30801606,-0.4284825,2.1311755
Solo,0.041070726,-0.7828933,1.8571863,-1.8949869,-0.44493666,-0.9139617,1.5308686,-1.9427161,2.3634448,-1.9113126,1.0730022,-2.421199,-1.1396056,-0.84964854,0.98534435,-1.4296986,1.7878743,-0.21876745,-0.0077945367,-0.1656828,-0.74657714,0.39355102,-0.8462842,-0.56173515,2.2680442,0.3077977,-1.137074,1.5629393,1.0023037,-2.444784,-3.6937032,0.22649053
Music_Hall,1.5698704,0.41494292,-1.6091373,-1.2453425,0.48970237,0.10331067,1.4562197,0.25724787,-1.6512344,-0.9928781,2.7600088,-0.06016231,-2.206478,0.039841928,0.17311276,0.6780123,-1.2619988,0.42505062,0.51899064,1.0116054,1.1655519,1.1760733,0.66089964,0.31365174,0.07699475,0.74694073,0.05687608,1.3070825,0.2611949,-0.13910653,0.4775176,-0.8019064
Oratorio,0.6152191,-0.5912976,-0.25732112,-0.47174576,0.5218091,-1.1940898,1.4456234,-0.83942837,-0.28254265,0.43869877,-0.009279697,-2.2050598,-1.231514,-1.8686494,-0.45260343,-0.88188124,0.05120669,-1.3154101,0.72244346,-0.32641986,0.17751162,-0.3782881,2.0223901,-1.3256025,2.1296425,1.0519261,-2.3909338,1.8769567,0.37666428,-1.8751057,-3.3263345,-0.3306697
Suite,0.6189827,-0.89859945,0.35164905,-1.8110609,0.5980327,0.7903386,1.0088243,-1.6689527,2.1164174,-1.268471,-0.30927733,-2.492581,-1.9015801,-2.853315,0.20221016,-2.6580844,1.6656874,-0.22756338,0.6506466,0.15539712,0.4194115,0.9518587,-0.20745966,-0.659986,1.5465761,0.92581755,-1.9997689,1.671301,0.7243011,-0.668817,-4.048183,0.7544026
Canzone_Napoletana,1.4839879,-0.38087487,-0.5296023,-1.4782286,-0.34820026,-0.44002038,1.3810027,0.15025282,-0.4516793,-0.158401,1.7440696,-0.16487648,-2.5219991,-0.5112572,0.09434086,0.95542324,-0.096834816,0.21830878,0.61462325,0.90349865,0.07530451,0.9021458,1.3860226,-0.3619949,1.1064193,0.9821243,0.5633115,-0.017593944,0.29062027,-1.355812,1.1103674,-0.14884908
Power_Violence,-0.29890484,-0.48770106,1.1346185,0.75480354,-0.2113635,-0.33339798,0.73838085,-0.50503,0.16243072,-0.60532933,0.027415056,2.018225,0.78544253,-0.81760734,-0.18468495,-1.2900344,1.0290421,-2.872829,-3.2841232,0.3153535,2.175793,2.6790676,0.20244683,0.88460684,-0.5402744,-0.18109092,1.2088063,0.10008716,-0.10649615,-0.36413088,-2.5702498,1.6803154
Highlife,1.3013563,-0.045159668,0.60529625,-0.72446185,-0.05324763,-0.4247141,1.4632059,-0.86902916,-0.09717295,1.4468695,-1.1285422,0.42553788,0.34954527,-1.6219063,2.0281463,0.82255787,1.4766186,0.5855298,-0.2692331,-1.2422904,-1.4058465,-0.6018816,0.70495117,2.5638044,-0.6902606,1.4920125,0.33712894,0.3219672,0.82741123,-3.0857186,0.6704941,0.3990692
Late_Romantic,0.94474506,-0.2756829,-0.0009172747,-1.0875384,1.1975374,0.956725,1.3788558,-1.3331844,2.3133197,0.3419335,-0.44466504,-1.6877358,-0.49590442,-2.7440917,1.5646639,-2.0442016,0.3588724,-0.42265102,1.0761563,0.62829214,0.42372704,1.4759396,0.82882667,-0.10631724,1.6138841,0.66979223,-1.5610483,2.0288038,0.2849532,-1.3056579,-3.2485023,1.374178
Cantopop,1.5424454,-1.8446103,1.5829246,-1.0474646,-0.31393456,-0.6698736,-0.5303721,1.1698608,0.4822243,0.5942656,0.7772469,-2.2539618,-1.5187353,-0.919685,-0.9029652,0.20827922,-1.1112099,0.82960737,0.62352395,0.74474585,0.49958593,-0.4483185,0.29679137,-1.078763,-0.016210843,1.248075,1.5513389,-1.2330545,1.2047774,1.4484599,2.5243347,-0.8541316
Makina,-1.8758943,-1.6296821,-0.82060295,-0.36702743,1.0569514,0.30428502,3.0195625,0.25318977,2.8156402,-0.45332274,0.04354487,0.49774626,-1.6200513,0.19040854,0.72589153,-1.6039928,0.66212803,-2.6896315,-0.55034924,-0.50510234,1.6857873,0.4130259,0.18304542,-1.1515166,0.65281874,0.7829097,0.79809934,-1.6777332,-1.2021257,-1.2013743,0.18335623,-2.309271
Porro,1.3809866,0.08613716,1.0763148,-1.1555723,0.054154865,1.8056566,2.867633,-1.5101713,1.9973967,0.57916534,0.5327849,-0.9341893,1.0654203,-1.2464961,0.65877175,0.9320258,0.17847578,-0.469515,-1.8563478,-1.2044302,2.3875492,0.7319491,0.68068045,0.21228753,0.1980592,-0.46792346,1.1050296,0.23394834,1.2124306,-3.0161242,0.81322837,1.8588921
Soca,0.50069726,-0.6769639,2.0527608,-1.0854192,0.20384659,-0.057616953,1.76398,-0.45689914,0.7159319,1.0506748,-1.0692452,0.7831238,0.28491172,-1.4628462,2.440841,1.3657899,0.12982833,1.1110957,-0.36504373,0.7988037,0.68634135,0.088860065,-0.9201774,1.8837584,-0.2427009,2.1975074,0.33660078,0.2392542,0.07356068,-3.41243,-0.22174232,-1.4199275
Cantata,0.53828883,-1.5137727,-0.17621145,-0.28662285,0.54303885,-0.8453531,0.8424698,-1.6020851,0.6867885,0.97025687,-1.4724721,-1.7919438,-1.9880924,-1.5117996,0.43129104,-1.1713742,0.47774562,-0.97528964,0.34461582,-0.30988306,0.63448405,0.32160723,1.6852382,-0.85223234,2.4135265,0.31232888,-2.5252426,2.5628474,1.0167284,-1.3505007,-3.8685987,-0.8116617
Deathcore,-0.94644684,-0.52757466,1.0149591,-2.0249162,0.13390377,-0.7376715,1.3638937,-0.6890083,-0.37685457,0.25604528,-0.39455426,0.39229584,0.43319222,0.0028814923,-2.3873851,-0.70753,0.9201095,-1.2574577,-2.3633246,0.017217983,2.2177925,0.8664633,-0.45935366,0.7613153,-0.61744887,0.113745175,1.6325202,-1.3602691,-0.8131796,0.9278397,-3.148248,1.7177801
Speech,0.65462077,1.1414834,0.6267997,0.13844846,2.4370687,-0.1832286,1.6101168,0.71241367,-1.9014589,-1.5654554,0.76133996,0.64741707,-1.1609352,-0.47262803,-0.411459,0.7176091,-0.77543944,-0.6172768,-1.3921441,-2.662583,-0.94392174,-0.11124276,0.291757,0.42000347,-0.11963587,0.9955764,-1.8981786,1.2741807,-0.5296972,0.39798257,0.21002762,0.57512754
Piano_Blues,0.92084813,0.42665765,-2.3654127,0.37850994,0.56720126,-2.3378704,0.6233766,0.1520802,-1.333086,-0.6384648,0.7530296,-2.5455222,-0.45520973,0.060222495,1.0509764,-0.4845395,0.9085523,0.9305112,-0.28751418,-0.22779654,0.87288225,2.1264172,-0.28089827,1.4813695,-0.6944382,-0.14475074,1.2682763,2.4776034,1.5856152,-0.79500216,-0.175007,-0.8380084
Funk_Metal,0.16529278,0.3500325,1.0979657,1.2066827,0.8713782,1.5181649,-0.360029,-0.17073615,-0.83099675,0.016859623,-1.3241569,0.29045603,1.0964538,1.2460432,-0.65834105,-0.54310244,1.7249305,0.87840575,-0.3097125,0.14782919,1.6204393,-0.2189311,-1.2900662,2.273925,0.32630047,-0.31440032,-0.0035297254,0.097242266,-1.8280344,0.7881153,-1.3601507,0.7881023
Boogaloo,1.2066853,0.11621495,0.9238248,-1.1374524,-2.5655441,0.8401282,1.7025161,-1.914669,0.6153636,-0.08818959,-0.09031571,-1.882134,0.04106767,-1.9734986,1.1461502,1.1773162,0.9805091,0.23930342,-0.87018937,-1.287529,2.5592635,0.95949274,-0.74575156,2.3796725,0.26041654,-0.5447217,1.0193328,-0.6492088,2.509093,-2.4356387,0.9807673,0.16807003
Hawaiian,0.768657,0.77219135,-1.0522941,0.5374329,-0.82218295,-0.26029453,0.98469764,-0.569552,-0.57780486,-0.47563574,2.4139068,0.53262705,0.85002357,-1.375385,0.8919576,-0.0975527,-1.5580807,1.8445647,1.4991304,0.13761383,0.52760166,0.54513305,0.44585857,1.9060806,0.92883116,1.5345508,0.27747145,0.87090933,1.7556788,-0.65038294,-0.29081354,-1.2272093
Noisecore,0.4189406,-0.15314865,1.2434992,0.1385257,-0.05782146,-0.7793536,-0.025045546,-0.87356037,-0.22813186,-0.7491748,-0.35045198,1.735177,-0.27958888,-0.31483078,0.19775197,-0.83458024,0.32741556,-2.6091204,-4.0277314,0.119152136,0.51372427,2.2313669,0.77540666,0.6047585,-0.847543,-0.83900017,1.4082927,0.46733257,-0.43280366,0.45541635,-2.13726,2.1172361
Norteño,0.7832583,-1.1932698,0.5386392,0.16075554,0.3376467,1.3481239,2.8688335,-0.72639525,-0.024027383,0.20403881,1.0359331,-1.7998264,2.4420576,-0.2929122,0.4194399,-0.23727348,-1.1033902,0.7281751,-0.49454182,-1.1392226,1.5591811,1.0409331,0.9825858,-2.2382004,0.34586075,1.167155,2.3481402,0.6324783,1.1957351,-2.1350203,-0.2295502,2.103224
Corrido,0.2861359,-1.0183762,-0.38587862,-0.30515128,-0.07252367,1.2773116,3.374898,-0.81235456,0.61541396,-0.06217818,1.1738015,-1.5303017,2.4535527,-0.48057488,0.6801291,0.46034122,-0.29643235,0.9136948,-0.9274043,-1.3407782,1.7704855,0.90648156,1.2513857,-1.8497214,0.7915458,1.233567,2.5534496,-0.061807904,0.43626508,-1.6340208,-0.2275885,2.099531
Guajira,0.54186237,-0.4990312,0.24014597,-0.6371708,-1.3192174,1.6121167,2.7918046,-2.50389,1.6466507,-0.5076653,1.1718913,-1.9991403,0.0907257,-2.2721539,-0.058910314,0.99012756,0.6604108,0.44621518,-2.2731988,-1.5527748,2.9572952,0.8323681,0.5915246,1.0703614,0.32784826,-0.13129164,0.90988916,-1.1720479,1.757577,-2.3972883,0.5375653,0.40449378
Descarga,0.37810764,-0.11043077,0.9065184,-1.0517738,-2.5511394,1.1764522,2.2603338,-2.8328393,1.6608442,-0.66034395,-0.16502409,-2.1771677,-0.40258375,-2.8614237,0.56084,1.4970615,1.2188641,0.5395052,-2.1837153,-1.586168,2.8920975,1.1306217,-0.85516655,2.3561506,0.14778915,-0.63337314,1.4054247,-1.0965699,2.4481795,-2.289755,0.07166349,0.6441584
Speed_Garage,-2.4167426,-0.22100665,0.12886195,0.19032581,0.5398421,-0.27607828,1.1578286,0.31014806,1.5286603,0.17566812,-2.8074064,-2.12814,0.2993196,-0.5493985,1.3502517,-1.0984502,-2.1707373,-0.6629991,-0.23062433,-2.1311123,1.5937722,-0.27615523,-1.1415774,-1.2246449,0.3360898,1.2627473,1.4252987,-0.83230823,-0.34023178,-0.85690546,-0.6096046,-1.5020742
Horrorcore,-0.5590344,0.9864661,1.7792234,-0.49063098,1.399704,-0.3819614,-0.2663305,-1.7449995,1.3215193,-1.4891504,0.942917,-1.396697,-0.15920426,0.71134037,0.8733641,-0.12623471,-0.4975812,-1.696821,-1.5833027,-0.5204944,1.5948285,-1.0401738,-0.45793444,2.0486977,0.040419564,0.21876672,-0.5876521,0.9640872,-0.58893293,2.1747882,-2.374915,0.70152533
Cubano,0.626385,-0.08625431,-0.3424021,-0.8773518,-1.2315859,1.4210278,2.4141846,-2.3128014,0.61123824,0.38464016,0.45998707,-0.69862,0.04284663,-1.5742763,-0.2812567,0.9980421,1.0725625,0.9643599,-0.43157378,-1.6878773,2.0983438,0.6464408,0.07391939,1.7299229,0.39308447,1.0089619,1.1284795,-0.8299977,1.8770798,-1.6053231,0.955032,0.55005294
Viking_Metal,-1.2492082,-1.9016744,0.81462896,0.17586218,0.9799723,0.5770314,0.08228081,-0.035977807,-1.1167091,0.74418724,0.8454516,0.3054989,1.1381557,0.8646651,-2.217248,-0.09964939,0.7372729,-0.09960485,-0.660945,0.20280302,0.6488716,1.3660136,2.4663613,0.96988,0.16443256,0.35485846,0.2688806,-1.0864166,0.7427394,1.1449603,-1.8502159,2.0186126
Delta_Blues,-0.04151213,-0.053947903,-1.3199419,1.7195102,2.3653238,-1.7210869,1.0626762,0.08057051,-0.80535764,0.33072132,0.56676024,-2.5107036,1.5863945,0.042792346,1.7638249,-0.7099178,1.1063961,0.2361699,-1.0450387,-1.0048417,0.26288873,2.4226387,1.1073551,1.2165366,-0.34558243,0.104133315,0.2990276,2.9203088,1.03853,-0.47523215,0.31019866,-0.016521782
Pub_Rock,1.4240171,-0.8115794,1.5846751,2.6857283,0.8884358,1.4958293,0.42770767,1.6729126,-0.59462345,-0.80446374,-0.10599158,-0.79309404,1.043345,1.4953818,-0.77201706,-0.19281161,1.2756599,0.72860885,0.7963535,1.7321584,1.0668603,1.9812701,1.052722,0.54701746,-0.85150003,-0.5906219,0.024931608,0.2186212,0.18408158,-1.0253181,0.3537593,0.06967235
Son_Montuno,0.5185828,-0.53377515,0.36286727,-1.0288988,-1.5440516,1.8152102,3.4158952,-2.7735476,1.8554846,-0.21071956,0.3084524,-2.2175522,-0.06061406,-2.3093817,0.030795556,0.8388389,1.3498459,-0.49211776,-2.4887516,-1.6549947,3.310738,1.0465878,0.3864254,1.3026072,0.37009493,0.120558165,0.54743505,-1.4190919,1.9590374,-2.3555567,-0.064295806,0.46807483
Alternative_Metal,-0.24777552,-0.95741624,1.027149,0.39206904,0.6734191,0.5446538,0.27754924,-0.25496742,-0.51422834,0.22579356,-0.80611837,-0.31854564,0.94254607,1.6845098,-1.7568305,-2.3141599,1.7945243,0.4252561,-0.931866,0.6914679,1.4791435,-0.9512687,-0.730681,0.65606165,0.18321796,-0.75956225,0.32548204,-0.32082182,-1.9268762,0.9807684,-3.1694162,1.5472202
Italo_House,-1.2791444,0.30238858,0.35607427,-0.801806,-0.6574962,-0.19109175,0.8880145,0.10734156,1.6485686,1.4006048,-3.0989554,0.12705337,-2.1443152,-0.012469735,0.46127766,0.49638784,-0.40114754,-2.3052986,0.5758745,-0.2506762,1.078415,-0.35162473,0.01672577,-1.6367375,0.71721965,0.44378936,0.8483973,-1.1167705,-0.8629808,-1.8983651,0.84570515,-1.7627763
Alt-Pop,0.87869346,0.52655816,1.227632,0.83544093,-0.13444501,-0.6075988,-1.9740058,0.43509546,-0.41458428,1.5506709,0.24587624,0.04935233,0.051797073,0.58111036,-0.071221575,0.4812361,-1.1819576,0.08975102,0.3277753,0.12128695,0.8070636,-1.9343784,-0.71343946,-2.2998116,0.17279364,-1.1419095,1.1108197,0.21375336,-1.1035078,0.62773436,0.8643792,0.09599107
Jump_Blues,1.5707926,-0.14270462,-0.83480144,0.45029894,0.30637822,-1.3335261,0.424078,0.55425835,-0.3222453,-1.7213676,0.5378194,-2.5205789,0.25839004,0.4533898,2.4039118,0.17896453,0.85279685,0.4176605,0.019786827,0.5635553,1.993674,2.4908767,-0.122076474,1.1805539,-1.1593262,0.049783226,0.67426974,2.128252,2.8489914,-0.48900586,-0.33718064,-0.49064055
Modern_Electric_Blues,-0.0024739883,0.264918,-0.55887187,1.4432509,1.2524917,-1.084071,-0.32001078,-0.31058735,-1.0283047,0.095701225,-0.5593842,-2.4471815,0.68574965,0.636175,0.80809975,-0.15504886,1.3749427,1.3930631,0.04374794,-0.6559514,0.07928012,1.6689634,0.6312768,1.9244022,-0.1566065,-1.0550628,0.89197505,1.7730143,1.1406751,-0.5280804,0.39034387,-0.23279272
Jangle_Pop,1.540943,0.027998997,1.2274247,3.1413817,-0.03540611,0.61802655,-1.5765849,0.84348583,-0.4399298,0.75103265,2.8439696,0.18256909,1.1304456,1.1771146,0.11450505,-0.8706175,0.2321205,0.0011018488,0.5973851,1.1834611,0.8842723,-0.6004398,-0.023468452,-1.6945201,0.36188975,-2.7357473,1.3629029,0.2719037,-0.8907567,-1.2465987,1.1745275,0.07180235
Concert_Film,0.111646235,-1.0840528,1.5981606,0.0048412555,0.41983435,-0.011986962,0.08785974,0.9961143,-1.969551,-0.3692206,-0.1552081,-0.80202794,-0.7668352,1.10899,-2.0121746,0.55692357,0.5640222,0.8727781,0.09935929,0.67843676,1.352017,0.4152488,-0.3991763,0.2324798,-0.40251085,-0.30614138,0.24629663,0.3889779,-0.42106447,0.3585909,-0.82245296,0.4957162
Illbient,-1.7302843,2.0279975,-0.5049772,-0.5775391,-0.5566992,0.8038823,-2.1432345,-0.52272445,1.0198631,-0.2902208,-0.69869214,2.168175,0.9538252,-0.17072207,1.9226301,0.30438963,-1.045772,-1.0047505,-1.228757,-1.0174679,-2.3789358,-1.7226804,-0.88742465,-0.17737594,-0.68659115,-0.3967207,-0.5314588,0.47474515,0.36043653,2.9891784,-0.99240315,1.472316
Industrial_Metal,-1.1144296,-1.0422288,1.4494256,-0.5434655,1.2259645,1.0800445,-0.6338546,-0.43858355,-0.20624846,-0.021210885,-0.4388396,-0.047961388,0.117408685,1.0230108,-0.9151718,-0.61407924,1.6747597,-0.791913,-2.3218887,0.88270605,0.18194592,-0.12964903,-0.24674228,0.11870895,-0.36239043,-0.3582055,-0.7660134,-1.3912092,-0.7314607,1.7235458,-2.7411628,1.5370134
Pachanga,0.7893091,-0.82245916,0.51612204,-0.5746558,-0.3930531,2.1935842,2.601936,-2.047598,1.3288352,0.47427154,0.44598216,-0.5725908,0.2279139,-1.1747109,0.6178435,0.69349504,0.3544341,-0.68489116,-1.0670725,-0.87976,2.0985432,0.79301006,0.59061825,1.4016113,-0.32391348,0.20856445,1.6823057,-0.5238237,0.59667295,-2.5580423,0.79987687,0.3206906
Horror_Rock,0.839013,-0.05829332,1.0902624,1.1621718,0.12797676,1.678476,0.47915956,0.62736803,-1.1105399,-1.1901947,1.9136201,-0.34301054,0.21809137,1.3283314,0.19856559,-0.31474984,0.5591427,-0.71463615,0.11908908,2.1941185,1.9161916,1.4360918,0.9644789,0.96197647,-1.1698092,-1.4344586,-2.0307362,-0.32992148,-0.07343444,0.61408097,-1.2750988,0.76641226
Gypsy_Jazz,0.729588,0.3588035,-2.9804807,-1.5218545,-0.4539443,-1.5770228,1.058093,-0.3111781,-0.5832905,-0.17932646,1.1600913,0.6962215,-0.1181267,0.7701287,0.7729511,-0.0084786285,1.0983156,1.789272,0.32053277,-0.6685011,0.51836693,0.30338854,-0.08851641,0.9596002,-0.6522438,1.8558059,2.2209697,0.838634,0.68330914,-0.43517587,0.05260554,0.33051944
Hillbilly,-0.17223303,0.13947952,-0.5963763,2.1261106,0.8624274,-0.4923471,0.9924569,0.09193233,-1.2670116,0.40158823,1.5796056,-0.9719574,0.9610089,0.27062777,2.0659695,-1.1406292,-1.4659911,-0.022032542,1.1256506,0.2560073,1.0507821,2.6119153,0.66764575,0.1562506,-0.4774879,1.6424797,-0.31223714,1.5293314,0.66794854,0.69037247,-0.7555729,0.855139
Dansband,0.8217586,-0.7146506,-0.5824375,-0.11158369,-0.13818003,-0.06808896,1.3853949,0.37054485,-1.3644261,0.25703752,0.46363345,0.9170765,-0.82150495,0.5098849,0.60431,-0.5659275,-1.5706974,0.54375994,0.87363976,-0.10636333,0.55805916,2.0757687,1.8662717,-1.6939969,-0.6073683,0.6486312,-0.05301621,0.6848093,0.39912182,-0.27306992,-0.014364319,-1.0726529
Harmonica_Blues,-0.08234454,0.09693042,-0.8465659,1.5557665,1.9463445,-1.5032239,0.7654845,-0.16816732,-0.93995976,-0.14041483,0.017340641,-2.9080305,1.095163,-0.1987135,1.4915125,-0.6755689,1.6634938,0.4386378,-0.60388905,-0.7688879,0.1451037,2.423384,0.96520793,1.3461684,-0.2356063,-0.22614314,0.45952845,2.699484,0.9726561,-0.6004837,0.04448805,-0.239324
Mass,-0.5472504,-0.7188465,0.6507459,-0.1940296,0.94902205,-0.4616591,1.8885756,-0.851694,0.18622163,0.91362214,-0.8521632,-3.62836,0.47571358,-2.193406,-0.41446894,-1.450414,0.20327458,-1.6107013,1.2552365,0.07196518,-0.70829356,-0.79521185,2.7514672,-0.6647284,2.36583,1.3602135,-3.5545278,2.3057678,1.8696964,-2.3346329,-3.688579,-0.0075181844
Technical_Death_Metal,-0.81922525,-0.3615569,0.49728578,-1.4743363,0.3500932,-0.9781235,1.5216508,-1.2124552,-0.85396487,0.21755484,-0.52440554,0.55542284,-0.29064408,-0.82737243,-2.375348,-0.19936807,0.872085,-0.44057468,-2.520985,0.115134686,2.0200052,0.3167995,0.9560114,1.5124716,-0.07029034,-0.6270838,0.9041619,-1.77893,-0.0061152563,0.7828704,-2.8208215,1.9750322
Jumpstyle,-0.9677623,-1.7750046,-0.047539312,0.23689026,0.79831696,0.120376535,2.3412137,0.41018677,2.3476825,-0.71049833,-0.18167138,-1.5777979,-0.8847633,0.11448161,1.5929426,-1.2161897,-0.3666422,-3.057646,-1.7891576,-0.69172055,1.3539082,0.017164042,0.26310462,-0.92217934,0.25188917,0.75856274,0.30065912,-1.6160665,-1.1481223,-0.18374576,-0.5428731,-1.5111898
Deathrock,0.755934,-1.104786,0.915284,0.80698407,1.0166829,1.8280857,-0.4139248,-0.090199344,0.11982982,0.1971619,1.5041658,-0.08730833,0.40561065,1.6952562,-0.28117657,-0.4463621,2.827067,-1.8780091,-1.1835814,1.8931079,1.3200142,0.5539997,0.75622857,-0.6614553,-1.363529,-1.2870811,-0.58470356,-1.6207092,-0.18352483,0.18082063,-1.9432186,2.2598348
Charanga,0.9667364,-0.122535296,0.49410436,-0.702316,-0.84893686,1.8451543,2.416711,-2.3487222,1.5133196,-0.123505384,0.2939281,-1.1737556,0.27003685,-1.4736336,0.13794677,0.9209283,0.35009065,-0.29640543,-1.9070097,-1.4027672,2.4898858,0.67588466,0.82560605,1.1529859,0.20781748,0.31710652,1.1756243,-0.49377894,1.5160208,-2.2357616,0.3761382,1.0053536
Cloud_Rap,-0.045307733,2.0466938,2.3035886,0.13777313,1.0137709,-1.428254,-1.0238328,-1.4597112,1.6724643,0.14181592,0.84846216,-0.83876383,0.36461845,0.35340872,0.07561546,-0.016390726,-1.9892946,-2.1751833,-0.861171,-0.16684355,1.219863,-2.3404408,-1.3507949,0.68867904,-0.21755415,-0.3094055,0.7321066,1.5332686,-0.44046417,1.9020282,-1.1125842,0.80380416
Depressive_Black_Metal,-1.0481938,-1.4231954,0.51736665,-1.1397021,0.26398885,-0.72268313,-0.2939839,-1.8454283,0.23418206,1.2662235,1.3654675,-0.18786989,1.1585262,-0.1820003,-0.12050349,0.038204864,0.07337394,-1.4810987,-1.6240746,0.9901255,-0.5160763,-0.63938445,2.366492,-0.031834066,1.0188773,-1.4319879,1.09283,-0.6902425,0.9877825,0.98938924,-2.6236522,1.0708907
Promotional,0.6694512,0.99606603,-0.3770756,-0.009578469,0.30990696,-0.077727206,1.7320659,0.6302992,-1.1307641,-1.5840522,1.0880647,0.6355894,-1.7821597,-0.86004907,-0.48835146,0.92692804,-1.004531,-0.45752475,-0.04517762,-1.1916524,0.35075432,1.2001665,0.22260101,0.45946753,-0.0045237322,0.53163975,-1.0754905,1.5165682,-0.035757355,-0.25386387,0.52141315,-0.78342164
Post-Modern,-0.43087155,2.2866807,-1.6150192,-1.502853,0.27552295,-0.53179824,-0.49348098,-0.64681375,-1.0951798,-0.68053824,1.0322754,0.51214945,-1.7581631,-1.9106708,-1.1812354,-1.1878968,0.8881198,0.07373566,-0.23111786,0.025413182,-2.0453966,-0.21778913,0.750521,-1.3363041,0.01865304,0.5408573,-1.8164071,1.2187408,-0.89663774,0.9897309,-1.6215055,1.9240005
Ballet,0.36508012,-0.29552832,-0.5044247,-0.9795714,0.057324085,0.35422704,1.1515605,-0.15521382,0.24345651,-1.6064268,1.1405538,-1.9676415,-1.8345459,-2.6743705,-0.5196076,-1.4228753,0.31371883,-0.33183697,0.8748501,-0.112171285,-0.12718993,0.650434,0.4950645,-0.3163244,1.1121824,1.3405832,-1.3496127,0.72562736,0.27026477,-0.71069795,-2.3024032,0.97148806
Vallenato,0.7516562,0.24083817,1.4886832,-0.6861188,-0.3349856,1.2980704,2.3227565,-1.8344201,1.3225421,1.5573246,-0.49412447,-0.64502025,0.8126959,-0.8827576,0.15785335,0.97200173,0.42873338,-0.6730846,-1.3607675,-1.1509733,2.1012478,0.66077286,0.92313915,-0.323138,0.36431494,0.48983344,0.5851175,0.46132168,0.69262254,-2.5748966,0.89439154,1.6267705
Andean_Music,0.11813127,-0.35078248,-1.6192209,0.44961414,0.47926632,0.10381666,1.6209162,-1.0987272,0.4039522,1.4235865,1.7015694,1.4881951,1.5997674,-0.71016043,-0.33889306,0.50635904,-0.007814458,1.2272819,-0.7764669,-2.1003027,-0.11237966,-0.11185335,2.1833985,-0.25687978,1.2151574,0.9241635,0.7962463,-0.5217417,1.0187215,-1.2993473,0.21764475,0.15067884
Sound_Art,-0.4064373,2.8544905,-0.33783707,0.19624367,1.4575295,-0.37074074,-0.9664148,-0.54843754,-0.4841861,-0.74213725,0.77604634,1.4892507,-1.1955895,-2.3198936,-0.5143587,-0.51793474,-0.88991815,-1.2538091,-2.3241878,-1.5898856,-2.7222414,0.4446926,1.2070954,-0.007445111,-0.5435484,-0.40334868,-1.4914299,1.2248557,-0.63506025,1.2403557,0.12539192,1.2710649
Texas_Blues,0.23047687,-0.22357868,-1.018365,1.9192501,1.5781795,-0.77446765,1.2785481,0.10736493,-0.8521853,-0.22051734,-0.13861735,-3.09625,1.2354167,0.3705863,1.3082728,-0.9992384,0.9748978,1.2689055,0.1262324,-0.30596069,0.49376735,2.8471525,1.1851418,1.6056381,-0.43763405,-0.32234627,0.54662657,2.155967,0.9534766,-0.23212722,0.07200891,0.043603297
Therapy,-1.4401162,1.7185289,-0.2115826,0.9784402,0.8436628,-1.798656,1.2507577,-0.79254603,-0.38382155,0.12553807,1.2954074,1.4117234,-2.0090933,-0.5968611,-1.0894048,0.5394244,-1.4689367,-0.3617171,-1.1989923,-1.9318506,-2.9138951,-0.92046356,1.30949,0.5595339,0.33871514,0.25223047,-1.833221,0.13465163,1.1470721,-0.0037874237,0.42088696,-0.04456415
Karaoke,0.22430034,-2.1524715,1.48221,-0.81643957,-0.60541517,0.19517758,0.52683544,1.7020223,-1.0344436,-0.083293274,1.1777388,-0.8218623,-1.5061362,-0.1782984,-1.2186654,1.064646,-1.175808,0.06374776,0.7742053,0.8290988,0.6599037,-0.9133255,-0.54251456,-0.1035748,0.082696475,1.2971637,0.9807099,0.5646078,0.033948094,0.4663553,0.7085406,-0.40739167
Latin_Pop,1.2752517,-1.3271918,1.3543621,-0.41188875,-0.21487246,0.16830853,0.9529994,-0.39755335,0.20615199,1.6261472,-0.1315126,-1.1101635,-0.76469845,-0.3486503,-0.034203105,1.2059247,-1.2826902,0.6579157,0.7824554,-0.37133238,1.8405486,0.07166613,-0.24922314,-1.1197591,0.88801974,1.1632285,1.9775518,-0.4327715,0.2573532,-0.7311668,1.474322,0.17800854
Special_Effects,-0.36332783,2.0371,-0.32055303,-0.12854701,0.364466,-0.23465946,0.65378743,0.07659965,-0.4503752,-1.3862083,1.3991752,1.0767654,-1.3626944,-1.8415579,0.029697314,0.37885705,-1.3089222,-0.68013996,-1.4669539,-1.8725613,-1.6482384,0.7156643,-0.13537252,0.9792097,-0.27468917,0.41490367,-2.0511458,1.7954444,-0.14321275,0.9298138,0.37281007,-0.2887064
Beguine,1.7407478,-0.8930305,-0.7220513,-3.097347,-1.6764426,1.1498848,2.6363475,-1.2354124,-0.1347383,0.40758792,1.323194,0.77481824,-0.39265212,-0.96887624,1.4437637,0.6457863,-0.22389644,0.93060976,-0.10652385,-0.28738275,1.2155852,1.452945,1.0421785,1.1749084,-0.50839144,1.3115551,1.1420273,-0.6281361,1.3200527,-2.2161353,0.58913237,-0.18220086
Zouk,1.1593235,-0.45396143,1.1495577,-1.1857909,-0.15499213,-0.046528302,1.0697137,-0.89426345,0.41397846,1.6945788,-1.0272107,1.1159434,-0.17699641,-1.126129,2.0091047,1.4882832,0.90311307,0.33368367,0.03708083,-0.41848025,0.17820649,-0.06262443,0.20537837,1.7763858,-0.17158625,1.9024409,0.83081716,-0.6108561,0.23961198,-2.4642024,0.8932899,-0.16888642
Boogie_Woogie,0.6418537,-0.26929563,-1.6163939,0.06923245,0.25438604,-0.60867137,1.0199981,0.027032439,-0.78585607,-1.2586104,0.90400696,-1.9268402,-0.035118565,0.7443197,1.4735609,-0.22367102,0.5249595,0.37683886,0.014908055,0.00048271145,1.1465331,2.334335,0.60839504,1.131269,-0.9037721,0.4887383,0.6274146,2.0241823,1.9134862,-0.09481773,-0.11443317,-0.38892612
Halftime,-2.2183425,-0.118392654,-1.2646469,-0.29168618,-0.154257,1.8565116,-0.42102993,-0.057034433,2.1381075,0.1959266,-1.112864,0.5728107,0.9888281,-0.9941082,1.3209931,-0.13370588,-1.8394996,-0.0523096,-1.0790582,-1.5906223,0.44437245,-1.3769131,-1.8439844,-1.2193537,-0.6836257,1.6891655,0.5798673,0.9938758,-0.20203623,1.1549042,-1.7393664,1.5466149
Groove_Metal,-1.2996391,-1.0828575,1.1322821,-0.22450656,0.5263738,0.39047456,1.3586354,-0.6049738,-0.35515365,-0.5212929,-1.0682524,-0.0935662,0.38365635,0.32753152,-1.62307,-1.509596,1.3584623,0.7247052,-1.4944938,0.5339289,2.1765265,0.27008513,0.17677975,1.7514995,0.72359866,-0.15407811,0.040032428,-0.8259792,-1.0242667,0.68019503,-2.999743,1.4548681
Western_Swing,-0.015492697,-0.09702307,-0.74359375,1.0418137,0.00040217937,-0.7994152,1.531707,-0.028889123,-0.6947458,-0.36842787,1.6369995,-0.8267267,0.8084782,0.6488317,2.019112,-1.2929518,-1.2656609,0.87388355,0.73258287,0.3243389,0.6085801,2.1151586,0.31751755,-0.10695834,-0.63619816,1.5950755,0.2661624,1.4257293,0.658252,0.50292706,-0.6487498,0.55991495
Cajun,-0.04557889,-0.52908343,-0.85643464,1.6932665,1.4700841,-0.7460572,1.2038729,0.21298763,-0.98931324,0.34164163,1.170447,-0.9604205,1.6311858,-0.1300747,2.4004264,-1.1831158,-0.21947105,0.7624044,0.36595201,-0.1120384,0.12352972,2.1245637,1.0818108,1.2701122,-0.4621052,1.382122,0.26448175,1.5827026,0.45166513,-0.54327065,-0.46668896,0.6063028
Bhangra,-0.66176015,-0.46208313,-0.4509115,-0.67271036,1.1757724,-0.96218294,0.5395298,0.33573553,1.5190493,1.0426652,-0.82603616,0.98023367,0.22214298,-0.49815667,1.4653951,0.9162538,-0.590742,1.1885701,0.37104976,-0.7425319,0.1625499,-1.0728837,0.31681523,0.5529239,0.6884677,0.9886108,0.35539237,0.25553155,-0.15505055,0.90412784,0.62845343,-0.86657417
Louisiana_Blues,0.37282515,-0.05435285,-1.3209385,1.1326425,1.2676485,-1.4651544,0.7320866,-0.15812846,-1.2023429,-0.38813615,0.15571779,-3.0741293,0.9660971,0.15797059,2.0825753,-0.40333214,1.060397,0.56402147,-0.4008663,-0.4383599,0.5670651,2.352858,0.6571512,2.0567324,-0.46668154,0.08366215,0.81204957,2.0574994,1.4796392,-0.6882857,-0.3169559,-0.629436
Tejano,0.6914897,-0.82380134,0.7769539,0.4774174,0.022024538,0.78362083,1.8553358,-0.40126947,-0.1246971,0.21189633,0.40870476,-1.7437735,1.8579848,-0.45372567,0.84638613,0.6526816,-0.8864034,1.1230974,0.09601762,-0.8343578,0.9902653,1.170611,0.75867355,-1.0858581,0.17651203,0.9140077,1.8347381,0.9365851,1.1543243,-1.709632,0.41935176,1.6184908
Ethno-pop,0.871789,-1.1423889,0.24745771,-0.3266139,1.2607466,-0.4461065,0.6860582,0.41303185,-0.65950036,1.389842,-0.5856481,0.62145966,-1.1290421,0.89143157,-0.19050157,0.6543127,-0.77390105,0.81505424,0.82094324,-0.29603192,0.43742585,-0.40010673,1.0595676,-0.44034716,0.43268323,1.2685305,1.1777242,-0.11492562,0.5043569,-0.303231,1.976824,-1.2024957
Theme_With_Variations,0.6656676,-0.667653,1.0001422,-1.1045036,-0.52453077,-0.15462363,1.3428049,-1.228339,2.175698,-1.2281004,-0.15972143,-1.7959969,-1.716008,-1.374709,-0.086376354,-1.5364889,1.8636215,-0.25260454,-0.6314256,-0.22643816,-0.28598157,0.46317288,-0.71678543,-0.9459111,1.5807524,0.4054606,-1.1854961,1.1918402,0.29064038,-2.067244,-3.1477537,0.2901203
Copla,0.6279366,-0.6497486,-0.95465475,-2.1004865,-0.17085168,1.1134398,2.8011515,-0.66257906,-0.33021295,0.21393792,1.0294279,0.42870557,-0.3311095,-0.7774282,-1.458712,0.2549771,-0.21581155,0.7741365,-0.08455421,-0.82070166,0.24194181,-0.4197383,1.9461237,0.9140344,1.0193183,1.4008157,1.0177019,-0.82010317,0.47611898,-1.0350176,0.42720136,-0.09406609
Reggaeton,-0.081103325,-0.16585429,2.431007,-1.1909535,0.43296808,0.10450756,0.95021325,-1.4887097,1.9144375,1.6350276,-1.8054575,-0.023502994,0.17609803,0.28034344,1.004174,1.37348,-1.8657854,-0.57492924,0.3982053,-0.79016733,2.4727151,-1.8137639,-0.42479524,0.09870713,0.6922173,1.655955,2.0107439,0.5322455,-0.21673544,-1.0065563,0.5898039,0.75897217
P.Funk,0.62804234,1.0678658,1.6147623,0.18399987,-0.62415296,-1.0086087,-0.29462266,0.67934716,-0.43593004,0.3911448,-1.6192193,-1.5463476,-0.3940439,-0.16976649,1.318403,1.4713967,0.10073242,0.33512655,-0.15042302,-0.030616198,0.23881194,-0.35596386,-1.3740691,1.8573244,-0.21419814,-0.44418266,-0.6360725,-0.11778506,-0.24270976,0.010804255,0.67791855,-0.73772395
Screw,-0.608031,1.1832632,1.9813867,-0.36759594,0.21554436,-1.3553348,-1.2448385,-1.2419668,1.1730036,-0.58062994,0.13809311,-1.0151901,-0.5861815,-0.09961039,1.0762237,-0.06351421,-0.6682908,-1.751255,-0.47705826,-0.21201383,0.09800381,-2.0794125,0.12033816,0.81576854,-0.66398716,-0.38731688,-0.4636688,1.093342,-0.04198268,1.4980234,-0.9236622,0.8087895
Electroclash,0.09641597,0.49790344,1.6407317,-0.1272572,0.089788966,0.9448311,-1.2368026,1.0688665,0.7465942,0.23605795,-0.92105955,-0.01663068,-0.41914633,0.67657995,0.820704,0.29562202,-0.7305446,-1.0269736,-0.54417366,0.3902769,0.016174331,-0.8430536,-0.570352,-2.4479873,-0.9523165,-0.79171884,-0.79799616,-0.98881793,-0.4959228,0.6201686,0.5207287,0.35260442
Juke,-1.8058126,0.9003864,0.74107796,-0.047615234,-0.29620185,0.4276453,0.24722537,0.5606999,2.720394,-1.2384726,-2.411988,-0.134125,1.2174133,-1.2668262,1.2723212,1.0084467,-2.8601565,-1.5706675,-1.662124,-1.5178484,0.06781286,-0.58332264,-1.0987647,-0.20604745,-0.930518,0.8273584,0.7275881,0.60733277,0.2575507,1.8211217,-1.2164667,0.6154493
Overture,1.1647282,0.10212011,-0.67659724,-1.3769128,0.3347198,1.2537149,1.2485548,-0.44388288,1.6537974,-1.9853069,0.39542148,-2.0712972,-1.4387109,-2.039863,0.8879864,-1.8076174,0.32250437,-0.09852557,0.8184354,0.48457778,0.35482076,0.33976626,1.0149509,-0.1704293,1.5912579,1.0186104,-1.3079673,0.8812668,-0.14598997,-1.0750781,-2.5345156,0.8479153
Népzene,0.45028064,-0.19490531,-1.4536047,0.31718296,1.2641628,-1.877466,1.1937965,0.2663868,-0.5784253,1.1608741,1.4423661,1.1894077,0.42259774,-0.685694,-0.33973256,0.43076852,0.24119633,0.3114028,-0.050035328,-1.0039585,-0.17494178,-0.8100973,2.326195,-0.3248653,0.55713505,1.9377394,-0.5639181,0.279429,0.007817734,0.18399957,-0.102607735,-0.14140694
Bassline,-1.8771615,-0.3226198,0.8158992,0.08706737,0.06338476,0.17700365,0.08008024,0.60370666,1.8807712,-0.08124338,-2.5112326,-0.6904795,0.7267849,-1.0800726,1.2560837,-0.45359802,-1.9753243,-0.78403866,-0.69108427,-1.4471645,0.5803191,-0.7316671,-0.8248588,-1.4331492,-0.37305683,0.80991143,0.5136808,0.19674297,0.26768604,0.50194806,-0.6487272,0.6017888
Balearic,-0.9391508,1.1277921,0.10751987,-0.46049717,-1.6597954,-0.15464593,-0.7675635,-0.20970696,1.0265633,1.4712591,-1.7230966,0.48047143,-0.15341628,-0.27562124,0.77582145,1.2401166,-0.045977365,0.36388138,1.2009698,-0.19211692,-1.3158022,-1.5431988,-0.2195725,-1.0985388,-0.013364148,-0.79742664,0.019722791,-1.0398523,1.1096959,-0.8757308,0.99954545,-0.93610984
Forró,0.86187667,-0.7983244,-0.124448925,-1.9729726,-0.8353156,1.3749715,1.0443603,-1.0199918,-0.85374886,1.9673299,-0.51255065,0.6182798,0.94801825,-1.2110152,1.7598606,0.5638449,0.049715944,1.7923257,0.96830004,-0.4386223,-0.33382034,1.2312231,1.0407025,-0.2723724,0.6649229,0.23659518,1.4350249,-0.20258433,-0.15654269,-0.35650286,0.20190562,1.3329653
Bakersfield_Sound,-0.35103709,-0.28052714,0.075395845,1.6975969,0.032167096,-0.6068721,1.3022463,-0.029365972,-0.99805,0.051246706,1.1345818,-1.0209044,0.6415261,0.06819575,1.5139948,-0.98305136,-1.218875,0.42546955,0.84615916,0.37104845,0.6360833,1.8388487,0.50944,-0.5484323,-0.19901282,1.6154008,-0.21700154,1.7483952,0.19671033,0.2841701,-0.68723583,0.38658097
Sunshine_Pop,1.0273172,-0.52305526,0.39776266,1.6176404,-1.199776,-0.44663745,-0.6973402,0.915211,-1.087965,0.48833907,1.956478,-0.2976617,0.08803172,0.57891035,-0.49387392,-0.18149652,0.39061934,1.3022089,1.462991,-0.123867445,0.3765723,0.40094388,1.0945126,0.4434961,1.3124595,-1.2830005,-0.100535065,-0.28095624,0.5799507,-0.4728613,1.506175,-0.9754899
Bleep,-1.9641525,0.23287661,0.24382602,-0.36400837,-1.4027684,1.1626072,0.4872365,0.26347017,0.7600772,-0.43996802,-2.1401973,0.6014184,0.7803747,-0.6734981,1.276961,-0.5806047,0.5036474,-1.7894841,-0.9175903,-1.0172108,0.75168574,0.13670835,-0.60786855,-1.3156072,0.19156031,0.7902772,-0.5140927,-0.12649417,-0.073165305,-0.053956516,-0.1599824,-0.80783343
Crunk,-0.008516226,0.9610463,1.8700465,-0.37836817,0.49574623,-1.0380045,0.16644454,-0.81704,1.0671538,-0.27680823,-0.7369648,-1.5403558,-0.5251185,0.29884726,1.2557544,-0.089121446,-1.0528536,-0.9623355,-0.5047222,-0.42858604,1.7222029,-1.3589422,-0.7404396,1.3728292,-0.28132284,0.6828057,-0.8582851,1.2541807,-0.62525654,1.3624687,-1.2382416,0.62246037
Pasodoble,1.0203578,-0.79244685,-1.3830315,-2.3507357,-0.57950795,2.2643566,2.6732845,-1.2847004,0.0071073165,-0.18176875,1.5428278,0.5182708,0.38374484,-0.6580702,0.15572225,0.4588157,-0.3101679,1.1032364,-1.2036172,-1.0128648,0.88399506,0.47120115,1.9437923,0.10708332,0.5447831,1.8717316,1.3680705,-0.9440627,0.07342674,-1.1271678,0.20963515,0.69652885
Rebetiko,-0.54946154,-1.05842,-0.20871429,-0.89881885,0.35903504,-0.9178338,2.2164643,0.15848659,0.1579726,0.3088583,1.1638981,0.70267004,1.0383297,0.107667275,-0.6002992,-0.01995929,-0.894929,0.6009333,-0.046776757,0.36529696,0.5883265,0.27044532,1.8405702,-0.62986076,1.0782701,0.5661849,0.91022897,0.70130295,0.60755616,0.5085782,0.118167795,-1.4505563
Swingbeat,0.30072266,-0.202036,1.3011407,0.0041847243,-0.26403335,-1.1663083,-0.3988014,0.4404464,-0.31298077,0.8906085,-1.8348848,-1.4604219,-0.8220514,0.23261227,0.9147382,1.447401,-0.57789737,-0.32396212,1.7152264,-0.89683044,1.3455064,-0.59337604,-0.90158087,0.39178383,0.039212383,0.58311415,0.74217397,0.4173806,0.63777727,-0.5472843,0.90856075,-1.4611001
Hokkien_Pop,0.08849605,-2.2397802,0.80446005,-0.5426001,-0.12003354,-0.08970887,0.57417154,0.6991819,-0.5444387,0.9442189,0.9753694,-0.59094137,-1.0451591,-0.10119648,-1.0000566,0.58072585,-1.6847942,0.54520667,0.27484277,0.31075406,0.7959972,-0.60777575,0.5760606,0.0917251,0.12418473,1.185101,0.7277342,0.064551346,0.75299424,1.2426506,0.8233356,-0.35847244
Public_Broadcast,0.8876744,0.42372409,0.48168218,1.2685478,1.4927453,0.5706778,1.300645,0.87262607,-1.1940182,-0.8579151,0.28075913,0.50687796,-1.150077,-0.3468999,-1.1848925,0.32100144,0.8643562,0.22608659,-0.34195966,-0.8077224,-0.112262584,0.76239127,0.23752138,0.815737,-0.26208252,0.049787242,-1.2091156,1.4029298,-0.7841412,-0.047726054,1.0525551,-0.01202127
Danzon,0.23721015,-0.36827764,-0.15020669,-1.2408271,-0.6654778,1.629933,2.3418746,-1.974494,1.5066767,0.0613177,0.7980157,-1.0570245,0.20017214,-1.7675117,0.04334675,0.6897507,0.14415981,0.58733493,-1.4954193,-1.2467233,2.2437546,0.9368957,0.75317115,0.6018889,0.10473862,0.29955655,0.9772958,-0.9299198,0.96733046,-1.6756226,0.42626628,0.4679074
Dances,0.616051,-0.48395067,0.5765234,-1.4909399,0.025399247,0.48509222,1.202147,-0.6442857,1.9553448,-1.5769532,0.39111742,-1.9867679,-0.95175374,-1.3747209,0.36258686,-1.6446061,1.3174659,0.12510121,0.29201475,0.6171134,-0.5214577,0.30721843,-0.20247933,-0.25260505,1.5184805,1.0678432,-0.9667896,0.9280117,0.45683715,-1.457527,-2.4148238,0.7978942
Chinese_Classical,-0.47028604,-1.3160722,-0.9091701,-0.8933613,-0.53202343,-0.22070418,1.4588232,-0.113785766,0.54408234,0.46319595,2.4361877,0.604198,-1.1905411,-1.0633802,-0.6476477,0.14140373,-0.65104,1.5164657,0.81829107,0.45429343,-0.5292941,-0.4831021,1.1294802,0.84641737,0.09675974,0.96074736,-0.38066128,0.422795,1.3610783,0.27869526,0.98673636,-0.3883714
Dark_Electro,-1.13907,-0.18622714,1.4594538,-0.94859815,0.412551,1.5987787,-0.9568395,-0.042987965,0.10030244,0.119020686,0.25688267,0.27622917,-0.7960991,0.7040393,1.0479268,0.27472,0.7162965,-1.3504318,-1.2632113,0.91725975,-1.1287106,-0.9084543,-0.6599553,-1.0685747,-0.62611765,0.043922342,-1.4203581,-1.5715166,0.3015193,0.4842389,-0.56272036,0.9967513
Doomcore,-1.41092,-0.6691122,-0.1625646,-0.4263817,0.51712483,0.50003797,0.5287336,0.9909573,0.67590916,-1.176678,-0.36149967,1.1132333,0.2532963,-0.5505237,1.1016039,-0.37156096,1.2157447,-2.57112,-2.1158974,0.0859814,-0.5928356,0.38760352,-0.6444716,0.028506823,-0.008230286,0.87650937,0.0044900817,-0.7554811,-0.08168011,1.2095132,-0.8023401,-0.19709073
Miami_Bass,-0.032724135,0.87263733,1.5726843,-0.8914395,0.1749433,-0.12963112,0.5746311,-0.096556574,1.3770158,0.1453586,-1.8576872,-1.9657011,-0.404117,0.05327581,1.7776079,0.6442955,-0.7768276,-1.3182626,-0.317193,-1.040938,1.6507666,-0.86174446,-1.2846061,-0.023333149,-0.81759983,0.63763386,-1.1920719,0.72693944,-0.983691,1.3479007,-0.31854498,0.44959688
Concert_Band,0.4096267,-0.040521324,-0.5568197,-1.6153255,1.2941607,0.49577278,-0.5459906,-1.456754,0.90492845,-3.2892532,2.488469,-0.5690712,-1.6742661,-1.0183247,2.8846822,-0.32855973,-0.52932286,1.1258094,0.22033726,-0.34247229,1.0245082,0.8347657,1.224728,-0.31131527,2.4084663,1.1497002,-1.0129738,1.7442303,0.24963294,0.5459114,-2.2439744,-0.36432105
Aboriginal,-0.89057857,0.030913727,-0.63822365,0.37415022,0.58240926,-0.7549255,0.035968285,-0.24255499,-0.26848814,0.8109928,0.6514271,1.007753,0.86118734,-0.5604345,0.0037090476,-0.2524359,-0.47394973,1.2619066,-0.03884026,-1.644401,-1.8001504,-0.90657544,1.6849238,0.42896745,0.40825716,1.206368,0.116454765,0.528514,0.22458485,-0.20587727,0.7517946,0.14759512
Conjunto,0.58076566,-0.79621196,0.3620044,-0.24203782,-0.015962418,0.8246072,1.7886438,-0.87726474,0.1372325,0.23458432,0.7076688,-1.327053,1.5415143,-0.55657375,0.770525,0.25586006,-0.20240232,1.0104631,-0.33307353,-1.3826586,1.1438448,1.0788931,0.85479903,-1.0452156,0.47369236,0.7057423,1.4987514,0.37437794,1.0224755,-1.4362266,0.38039023,1.5659642
Ghetto,-0.90480757,0.8806381,1.0553714,-0.2846316,-0.074834995,0.4052586,0.0867746,0.45340577,1.7121243,-0.38712952,-2.259185,-0.7545266,0.26624185,-0.5914763,1.4367485,0.2128942,-1.3303252,-1.6254386,-1.5314019,-1.3462669,0.64173555,-0.99756855,-1.1129858,-0.29028907,-0.61283255,0.7882058,-0.69615704,0.44251284,-0.3162562,0.49063498,-0.22104345,-0.116866
Harpsichord,0.68879896,-0.7630313,0.8265138,-0.30077395,-0.084218085,-0.6219126,1.1915625,-1.0933185,1.9704266,-1.0194024,-1.0002482,-1.3328891,-0.83682144,-1.1819321,0.1031346,-1.0115677,2.5575972,-0.3618945,-1.1703062,-0.043878045,0.54917026,-0.26849884,-0.54116416,-0.8994869,1.7292581,0.69270426,-1.5876285,1.3792299,1.5397698,-1.4233826,-2.5799034,-0.34381646
Turntablism,-0.37019193,1.383812,0.4410515,-0.12909256,-0.7497651,0.58153015,-0.5122106,-0.9122024,0.5317549,-1.3746519,-0.54825187,-0.24899305,-0.4393885,0.22850068,2.0697968,0.35673463,-0.8749197,-0.5749667,-0.2703699,-1.6325119,0.5655998,-1.2579613,-1.9562527,1.9869403,0.41151947,-0.45616585,-0.12824346,0.8625338,-0.42928293,2.0041246,-0.8883994,0.29754135
Batucada,0.7173902,-0.30567878,0.20198509,-2.3799837,-0.5887378,-0.19322947,1.0897002,-0.83024174,-0.31419343,1.482525,-1.0475358,0.3037862,-0.11124729,-1.0606297,1.5116425,0.18377805,0.35437647,0.9541447,1.5092181,-1.9957707,0.02926544,-0.053275507,0.6111526,0.55881417,0.6831445,-0.021581538,1.298908,-1.0954486,0.28917006,-1.2644409,0.4992971,1.1743908
Donk,-1.1332198,-1.5629854,-0.68137926,0.024427965,0.4978158,-0.09358459,2.311574,0.23730642,2.2560863,-0.1421081,-0.35288957,-1.641502,-0.7533675,0.22744112,1.1242571,-0.901509,-0.30704767,-2.386081,-1.1759934,-0.5173871,0.77800834,0.33050057,0.538009,-0.93783057,0.0028460468,0.5238428,0.5382808,-0.6578228,-0.91792786,-0.39081958,-0.5137477,-1.3956136
Unblack_Metal,-0.84038955,-0.9868694,0.84749126,-1.0710645,0.117019646,-0.11678698,0.37999582,-1.0081497,-0.43230236,0.37925923,0.32109806,-0.26407146,0.6967573,0.47509003,-0.65110093,0.6603092,0.054808434,-0.8805876,-1.9723938,0.04320407,0.57758605,0.9914158,1.8284966,0.58370495,0.22100128,-0.4756091,0.24060829,-0.67595017,0.8799463,0.7920384,-2.1369197,1.2530519
Prelude,0.6100754,-0.32582238,0.9611411,-1.4654711,-0.52347744,-0.0679529,1.0620694,-1.0357636,2.364536,-1.2386748,-0.22008911,-1.6445874,-1.6049008,-1.2463256,0.19381532,-1.5842592,1.9318998,-0.10098333,-0.0019362309,0.3711999,-0.2196362,0.5458225,-0.55477244,-0.68618375,1.721515,0.375208,-1.4516121,1.2049273,0.64095396,-1.7066516,-2.6636183,0.71584344
Plena,0.72252154,-0.31264654,0.7288621,-0.7042557,-0.86088896,0.99023116,2.2291799,-1.8669574,1.2809224,0.26925358,0.55571043,-1.006044,0.26431245,-2.04513,0.13616665,1.1605816,0.36946288,-0.49415526,-1.5045562,-1.3206651,2.711588,0.463829,0.4813026,0.39962068,0.31559446,0.39910784,0.59207726,-0.58460575,1.3809547,-2.3349721,-0.121422365,0.7492515
Progressive_Breaks,-2.566201,-0.39139977,-0.8963107,0.17411266,-0.69347197,0.32366693,0.24356757,0.4152286,2.2617273,0.650107,-0.36310565,-1.060652,0.30713108,-0.2740382,1.0131745,-1.3748455,-0.40726662,0.11315073,0.06491567,-0.04472327,0.10682373,-1.2055978,-0.85703343,-1.8735552,0.7817496,0.33615598,-0.033165876,-0.49520323,0.28539768,0.09003736,0.4726092,-0.3502079
Program_Music,-0.34005538,-0.7611627,0.58509785,-0.9736716,0.7584859,0.022515953,0.8007281,-1.4077044,1.0986804,-0.4262628,-0.3381604,-1.3858396,-1.0655005,-1.8456198,0.44843176,-0.95085895,0.7560933,-0.49801296,-0.3490563,-0.13915399,0.043224756,0.712885,0.19014479,0.2165419,1.348062,0.16303876,-1.4749085,1.7680166,0.7929749,-1.0880435,-2.5501752,-0.1406405
Baroque_Pop,0.9757138,-0.06845155,-0.01473839,1.4984174,-0.41732088,-0.12479554,-0.86116785,0.6719985,-1.027853,0.0429559,1.9223092,-0.4202531,0.2980324,0.4843666,-0.8861177,-0.15250486,0.71261555,0.97462434,0.4052077,0.55382884,-0.108446345,-0.41271362,0.8846238,-0.6174853,1.0578382,-1.6076902,0.7032258,-0.02974738,-0.17818429,-0.20306455,1.2035635,-0.4552413
Spiritual_Jazz,0.66404516,1.0986011,-1.5234555,-0.7945448,-0.8786783,-2.2646844,0.28577822,-1.5511508,-1.271754,0.22439525,0.59519356,-0.32072344,-0.9323688,-0.887614,0.15934888,0.023624782,2.998561,0.7077068,-1.3299124,-1.1671963,-1.252781,0.46374032,-1.3867695,1.2514625,-1.0822744,0.69390464,1.0442371,1.0555393,0.30585432,-0.97994274,-0.7882534,0.4213652
Enka,0.3169927,-1.8984975,0.82298887,-0.6695692,-1.4269339,0.28727478,1.0757625,1.2798567,-1.8545485,0.6028785,1.0459529,-0.7832483,-0.7953465,-0.15969165,-0.7277526,1.0969564,-1.2817192,0.27389896,-0.3758029,1.1504846,0.35641518,-0.8673967,-0.20751756,0.40885246,0.05611308,0.39728805,-0.055625904,-0.41017976,0.72266096,0.7103515,0.034085773,-0.50048405
Plunderphonics,-0.37673232,1.3751998,1.1765513,-0.19893192,-0.35112932,-0.39100116,-1.3168725,-0.2964462,0.90899104,-0.4089858,0.108923264,0.8040592,-0.8394939,-1.0853938,0.058517247,0.43356636,-1.4540702,-2.204075,-0.4440871,-1.1301061,-0.6335181,0.13390711,0.10570445,-0.0054291887,-1.1013261,-0.64446914,0.55056006,0.5546724,-0.3215928,1.7381281,0.49260002,0.3491851
Ghetto_House,-1.3902175,0.8743093,0.62525684,0.10767775,-0.8328987,0.52478635,0.9053106,0.03791151,1.1870989,-0.026366634,-2.0424027,-0.82696867,0.26475748,-0.926229,0.9491387,-0.02455236,-0.7878866,-1.4707888,-1.2130855,-1.2740116,0.4880285,0.24885806,-0.6634466,-0.995818,-0.25107333,1.1630964,-0.20696409,-0.08630398,0.039803267,-0.74241185,0.092028245,0.27420348
Nueva_Cancion,0.597407,-0.38651252,-1.1386766,-0.15058783,0.725842,0.48734632,1.4880582,-0.96742356,-0.7691659,1.2039602,1.0367106,0.73535496,0.6964752,-0.7449987,-0.57216954,0.97845256,0.026693001,0.66552067,-0.94923586,-1.6663914,0.69667345,0.13808736,1.7719367,-0.1444941,0.9734004,0.6444326,1.2753294,-0.014306274,0.40310067,-0.69820106,0.95798725,0.6729231
Catalan_Music,0.35026368,-0.45292544,-0.95370954,0.037163317,0.56512225,-0.50700253,1.2597122,-0.26051915,-1.0485922,0.73113614,1.3244941,0.807784,0.03295961,-0.79757625,-0.8342837,0.3498333,0.058151893,0.45492694,-0.31875136,-1.1487951,0.33308646,-0.4254962,1.6719623,0.09340378,1.0900478,1.2773075,0.1999068,0.50028783,-0.1363891,-0.78199846,0.2079271,0.034699015
Funeral_Doom_Metal,-1.1807237,-1.0126969,0.89542705,-1.0105238,0.47809583,-0.6976036,-0.07351232,-1.1914564,0.21392688,-0.017216668,0.5302895,-0.48964453,0.8771055,-0.23426431,-0.7833035,-0.0026643737,1.1877352,-1.0490339,-1.4313921,0.24683288,-0.2997116,0.24928005,2.078658,0.4700321,0.3152647,-1.0581688,0.4048445,-0.74150866,0.6154458,0.70268226,-2.0593383,0.61931896
Keyboard,0.035669565,-0.26922098,0.7039786,-0.9443723,-0.5790552,0.3048336,1.1265874,-0.3039758,1.6793864,-1.9694088,-0.04116497,-1.929963,-1.1225704,-1.5638119,-0.54481757,-1.4616632,1.8791496,-0.05058087,-0.35642067,0.048661966,-0.29575923,0.4925833,-0.14108634,-0.49474022,1.4872253,1.2016282,-1.5933992,0.89150006,0.8435316,-1.3598213,-1.7551987,0.42861426
Free_Funk,0.5378719,1.1959465,0.07384114,-0.25419974,-0.80041766,-0.44701955,-0.9678192,-0.43107966,-1.0073031,0.46472222,-0.81580603,0.07765498,-0.16196445,-0.29223788,0.88031584,1.0196917,1.5915463,1.1903316,-0.5954704,-0.47054315,-0.8380001,-0.53607726,-1.3685944,1.5275902,-0.55435246,-0.7725855,0.3441227,0.102670774,-0.08723116,-0.18829782,0.61587334,-0.17445596
NDW,1.2637949,-0.22077009,0.9558936,0.22296648,0.26575324,1.250364,-0.65454406,1.6037077,-0.38717952,0.47797704,-0.021558996,1.0542655,-0.9863378,0.89933693,-0.50740653,0.74403507,0.67793584,-0.231571,-0.09679164,1.3061312,0.17811604,0.56170255,0.16770974,-1.4777603,-1.1215113,-0.16744176,-0.480255,-0.7978893,-0.3912333,-0.8351202,0.7841413,0.3451762
Schranz,-1.5417067,-0.57185286,-0.42188805,-0.6277177,-0.19021282,1.589649,1.1466668,0.57328403,1.2106386,-0.9357889,-0.41228363,0.48676452,0.30073026,-0.104335785,0.12185834,-0.59287715,0.6097378,-1.4874955,-2.1909711,-0.7962058,-0.41811985,0.14733839,0.5657672,-0.6174248,0.4070866,1.513929,-0.4134367,-0.8721089,0.28778514,-0.62970585,-0.16324383,-0.24295522
Toasting,0.19787906,-0.54661393,0.9440441,-0.17779382,1.0111827,0.5337682,0.16290809,-0.4732745,1.6035049,0.50095826,-0.28953204,0.9778495,1.9781138,-0.16381317,1.2898754,0.44541854,0.3239252,1.2567635,-0.03973234,0.36398268,0.7621972,-0.48273954,-0.31539267,1.7471172,-0.2162286,2.3119075,0.40194055,1.0312583,0.9069406,-1.0127697,-1.471072,-0.3783461
Lied,0.3898665,-0.29507923,0.030670019,-0.7568926,0.0462143,0.5075838,1.1060113,-0.61606866,1.053478,-0.6959508,0.48124292,-2.0488317,-0.9941648,-1.3947543,0.46313497,-1.2816503,0.509436,-0.43251604,0.383061,0.08801366,-0.26246285,0.21810706,0.36668894,-0.2701792,1.1440548,0.9230554,-1.2614746,0.92538863,-0.34975013,-1.4673756,-2.1671488,0.6661907
Sermon,0.06912183,0.7563271,0.9269094,0.54959255,2.305052,-1.5398129,1.1773332,0.15183315,-1.5709158,0.66637677,0.7222541,-0.2816835,-0.048935402,-1.3893192,-0.24131365,0.54107517,-0.7927206,0.03973047,-0.07057258,-2.0836267,-0.5063187,-0.33384445,1.0349098,0.08738688,-0.32854554,0.48347616,-1.9380476,1.2080481,0.7701711,-0.7007016,0.09156764,0.7342727
Serenade,0.20219345,0.33093107,0.35201746,-1.2845439,-0.29194435,0.85180366,1.4121802,-0.64524126,1.4581934,-1.1523715,0.18596199,-2.4917998,-0.8077066,-1.8929394,-0.2853948,-1.7863791,0.90857804,-0.4118612,0.3094756,1.197191,-0.92715144,0.61992514,-0.44315672,-0.19963221,1.03773,1.4391539,-0.9935445,1.1169478,0.23407349,-1.5470338,-2.2550108,0.74705017
Klezmer,0.6873999,0.08135223,-1.6668714,-0.44427893,0.7038769,-0.5895189,0.88247555,-0.5791445,-1.1182158,0.77204406,1.1217827,1.4427674,0.33967352,-0.088528775,0.4144075,0.4856062,0.2569958,0.8742132,-0.052912526,-0.3561696,0.102632016,0.15516715,0.4514963,0.22279714,-0.31539473,1.416476,1.2284718,0.4970407,0.0651165,-0.6264889,-0.33610392,0.06575089
Tropical_House,-0.56774193,0.015705472,1.1754079,-0.66641986,-0.26197925,-0.5050946,-0.35154855,0.32209966,1.9488608,1.2586924,-1.4626377,-1.0240945,-0.20830223,-0.42826697,0.8109803,0.316475,-1.3086112,-0.55475,0.4962194,-0.42456615,0.4369366,-1.0323532,-0.16721252,-1.7230258,0.03689416,0.37109697,0.9496706,-0.55424505,-0.06702447,-0.698211,0.9178501,0.037848603
Quechua,0.19939756,-0.12598357,-1.2094251,-0.008647183,0.24786532,0.21489806,1.3125035,-0.74973863,0.30425018,0.8654058,1.7452339,0.8053277,1.2527825,-0.72840434,-0.09834394,0.66964215,-0.20184152,0.7959872,-0.59543884,-1.6326118,0.19916412,0.00955318,1.8416522,-0.03690759,1.2313203,0.7865969,1.0480663,-0.11094739,0.67332846,-1.5059828,0.4976688,0.17464267
Fantasia,0.27704304,-0.14254348,0.9326535,-1.1643386,-0.56412506,0.3588649,1.0645396,-0.4771729,1.9151192,-1.3257782,-0.045587182,-1.7570742,-1.1360321,-1.0793333,0.18280877,-1.4983499,1.2914796,0.0055444264,0.1465376,0.49874833,-0.4243904,0.5998602,-0.20530029,-0.21336934,1.64183,0.6699393,-1.3181252,1.0794368,0.63419807,-1.681851,-2.0194228,0.7996979
Appalachian_Music,-0.41547635,0.17178738,-0.94984597,1.1961722,1.2357856,-1.3019844,0.5293047,0.4268974,-1.0285572,1.0738342,1.6453505,-0.23241425,1.2910529,-0.20330863,0.86880314,-0.6799148,-1.0646076,0.48892692,0.057653725,-0.9151633,-0.35275504,0.7954276,1.1188475,-0.1045354,0.3062933,1.2799501,-0.49898034,0.92472845,-0.0015512258,0.20890045,-0.4962524,0.6558923
Erotic,0.75972736,0.4874253,-0.30632585,-0.06256184,1.0998055,-0.2133086,1.135151,0.31763768,-1.2644118,-0.3420692,0.9889143,0.76715344,-1.3390882,-0.5217654,0.2688185,1.0182278,-1.2557397,-0.44738993,-0.7056431,-0.49636152,0.50748014,0.8952039,0.3137256,1.0995846,-0.23736912,0.6434485,-0.50988746,1.2398612,0.1537669,0.008567515,0.5439927,-0.31368488
Exotica,0.5004674,1.4393357,-1.7829646,-0.6890792,-1.9158556,0.33935508,0.6645634,-1.3539898,0.22486877,-0.6627901,2.9978192,0.9556484,0.36787856,-1.2036182,1.1410625,0.30755687,-0.7534249,1.0265485,0.50396883,-0.109422214,0.2943168,0.30386096,0.16010389,1.4533535,0.8903444,0.32839006,0.3684087,0.5102153,1.5677811,-0.88649124,-0.033670824,-0.6488464
Blackgaze,-0.60040236,-0.7962568,0.68517166,-0.90956825,-0.07352013,-1.3813013,-0.24748395,-1.3398216,0.59523565,1.2898275,1.2377263,-0.0623855,1.5810754,0.22070035,-0.73478436,-0.5634729,0.540586,-0.6892682,-1.1449687,1.2256701,0.4609479,-0.65122676,1.4399407,-0.31073788,0.9784149,-1.1359947,1.2731192,-0.31708157,0.6243968,0.64278287,-2.1028564,0.85248405
Bachata,0.80918396,-0.6575137,0.91918397,-1.2966852,-0.36693645,0.55407727,2.0268438,-1.6131393,0.95988214,1.3449812,-0.44861478,-0.77695894,0.2663112,-0.6693604,0.42492384,0.92060316,-0.18465577,-0.09373216,-0.65935427,-0.7728392,1.9884124,0.024654977,0.60044503,-0.07391505,0.57628226,0.53694475,1.1626763,-0.11697434,0.19219093,-1.1490425,0.6055623,0.43154654
DJ_Battle_Tool,-0.927346,1.2786076,0.10232331,-0.023089847,-0.58387655,1.0712116,0.04223385,-0.5652391,1.7272594,-1.1591928,-0.8700454,-0.6919221,-0.6627569,0.11922211,2.5336246,0.42876145,-1.0861586,-0.5580261,-0.19479765,-1.5446358,0.612155,-0.27991676,-1.7205014,1.3346301,0.44521645,-0.10657031,-0.32765707,1.0660044,-0.46791768,1.1241541,-0.04990564,-0.5558164
Hyperpop,-0.054029804,-0.23820728,1.9140853,0.020203356,0.28858986,-0.06503367,-0.5149786,0.40606236,1.1436385,0.20845239,-0.19780579,0.15895855,-0.10852283,-0.1329199,0.52953875,-0.48870194,-1.930029,-1.5800314,-1.0306793,0.12387136,0.6745046,-0.5901797,-1.2965372,-1.4922009,-1.0898199,-0.12490112,1.2933477,0.16373998,-1.4837347,1.5182836,-0.030695412,0.5584786
Sea_Shanties,0.546093,-0.17652373,-0.86625,-0.3925639,0.7502688,-0.14067684,0.80999786,0.42989916,-0.8383582,0.19611904,1.5101492,1.0195371,0.042413644,0.069846444,0.31960246,0.24439482,-0.82630354,0.37314245,0.27676657,-0.3344486,0.52934617,0.66543275,1.7850688,-0.5026513,0.42546636,1.1570852,-0.53174675,0.4925165,0.068603225,-0.14809811,-0.09316455,-0.47116694
Pornogrind,-0.0026604554,-0.41571218,1.1815786,-0.74633366,0.22561058,-0.85074437,0.7194481,-0.16121165,-0.54117763,-0.9129086,-0.60279363,0.3619254,-0.3236973,-1.0129957,0.0085156625,0.14786549,-0.12812696,-1.6245189,-3.207782,0.27846536,0.87771744,1.0384047,0.76442486,0.7631288,-0.664027,-0.5638618,1.1055143,0.013807442,0.4112756,-0.0024031815,-1.2270851,0.9266934
Carnatic,-1.377691,-1.127325,-0.90338874,-0.18415938,1.0868806,-1.0050278,1.2179782,-0.26860118,0.18866125,0.8094369,0.5867881,0.6474451,0.0013668076,-1.1725585,0.56973296,-0.13938135,0.74412686,1.4588375,-0.11337051,-1.1368965,-1.0264916,-0.4519918,-0.046609346,1.1589035,0.5142137,0.1561258,-0.7018113,0.7773381,1.2479677,-0.30108455,-0.6174842,-0.79884285
Health-Fitness,-0.53882194,0.8948943,0.04224739,0.351745,0.5812987,-1.0933025,1.1407913,0.14078014,0.25031593,0.086648844,0.7465036,1.0469198,-1.8020827,-0.9036551,-0.39336902,0.97934866,-0.4353137,-0.14955616,-0.22696172,-1.1755714,-0.7694283,0.26998964,0.21498914,0.37133014,0.24620748,0.65216297,-1.1088487,0.74762803,0.17266536,-0.44881734,1.2090586,-0.6827767
Samba-Canção,0.51512975,-1.441592,0.014246644,-2.464424,-1.6899161,1.1526227,1.1113476,-0.67103887,-0.8329072,0.79411876,0.56622934,0.36194646,0.2936653,-1.0361274,1.2993045,0.4596619,0.14243333,1.2667165,0.71198153,-0.938426,0.51584727,1.0333825,1.0025004,-0.4218368,1.0426308,-0.3072289,1.6442214,-1.0812418,0.32720813,-0.26775226,0.06665052,1.3195137
Early,-0.6331863,-0.30635905,-0.49011448,-0.097993754,0.9592879,-1.035107,0.87997013,0.38508546,-0.81512207,-0.042589374,0.7093372,-0.63111645,-0.2040926,-0.6367108,-0.902391,-0.13690214,0.33056208,0.18721806,0.2496064,-0.50507283,-0.9405712,-0.6585187,1.4551421,-1.1988556,1.6358424,1.3117748,-2.0647285,0.9357317,1.045741,-0.79095703,-1.8044955,0.22526355
Levenslied,1.1027275,-0.2324714,-0.26853123,-0.45236287,0.11308802,0.087129496,1.0413446,0.2982304,-1.1064043,0.0030190637,0.8925679,0.3740426,-0.9792908,0.004709773,0.31160364,0.12321313,-1.2528033,-0.11345368,0.5126402,0.19823633,0.8917278,1.1096964,1.2494828,-0.78511494,-0.004167488,0.52255356,0.19350879,0.2847416,0.29658327,-0.47884908,0.51627284,-0.9266968
Art_Song,0.23286164,-0.11893902,-0.04448424,-0.99453604,0.07365399,0.20699428,1.0034024,-0.39473942,0.8108244,-0.95460975,0.5956175,-1.6357666,-1.1904054,-1.6638695,-0.18346184,-1.3307387,0.7213442,-0.15314382,0.9647295,0.16547698,-0.51027274,0.40461594,0.4329694,-0.7028711,1.2438631,0.7516113,-1.4380251,0.88306445,0.14266357,-1.0112294,-1.9920424,0.5874952
Shidaiqu,0.8023673,-0.7178327,0.18102725,-1.7039146,-0.7637531,0.2687359,1.7739823,-0.9074758,0.96837044,-0.58863896,3.5673,-1.2609856,-0.33832377,-1.9811136,-0.31685722,0.18186963,-0.07067286,1.1267388,0.23436151,1.2337853,0.23910305,0.353136,1.8405205,1.4347919,-0.5709117,0.7506538,1.2055553,0.09672063,1.1035179,-0.09406001,2.713828,-1.3430991
Baião,0.64496976,-0.88935405,-0.32366094,-2.066509,-1.1748343,1.2792032,1.5872102,-0.6514923,-0.7153812,0.5755872,0.8215403,0.521755,0.41045967,-1.2084142,1.3193723,0.030147728,0.07127474,1.1146169,0.68216115,-0.6063082,0.5421871,0.75981665,1.0634956,0.1395226,0.68242896,0.08434142,1.0672854,-1.2090313,0.5673405,-0.56281704,0.34894037,1.420722
J-Core,-1.6995175,-1.6019752,-0.7088373,0.022286339,-0.12633024,1.7958254,2.22868,0.5057072,1.7924507,-1.8216492,0.1328708,1.5757647,-0.18764135,-0.93116003,0.38014627,-0.19394909,-0.70520055,-2.0113897,-1.3005947,-1.061617,0.66703874,0.8193148,-1.437173,-0.16201113,-0.31373176,0.918437,1.3989818,-0.091671914,-1.1836653,1.1188776,-1.1378429,-1.3840288
Screamo,-0.4921704,0.19143617,0.81550914,0.8578726,-0.3313433,-0.77342796,0.51319695,-0.6664507,0.47591135,0.32105476,1.0638894,1.4743866,0.9908273,-0.022116832,-1.1305327,-1.3120534,0.22248317,-1.0163894,-1.2002995,0.592103,1.6239359,0.85739195,-0.5783211,-0.40644583,-0.24146059,-0.13592997,1.4242156,0.43276563,-0.98624414,-0.19894606,-1.8692273,0.71701145
Huayno,-0.19474553,-0.41543084,-0.94862455,0.31610435,0.5538334,0.4260113,1.1550524,-0.6134461,-0.27958745,0.99984396,1.2170786,1.129303,1.4048265,-0.7796527,0.2690469,-0.0039014795,-0.45074397,0.632622,-0.937826,-1.3634446,0.015965704,-0.21240231,1.7215016,-0.43854976,1.2470733,0.7300803,1.2296855,0.016381258,0.7785504,-1.9970851,0.27232522,0.1669301
Woodwind_Instrument,0.2068937,0.21339431,0.9793865,-0.748039,0.0028140421,0.16006254,1.125662,-0.9800345,1.8719963,-0.7684453,-0.32861918,-1.1886014,-0.41961467,-1.1415536,0.099948764,-1.3075169,1.5351139,-0.21178737,-0.05749706,0.6067975,-0.4271581,0.38374346,-0.8287531,-0.56070673,1.0148518,0.73584265,-1.1722627,1.3730491,0.6812953,-1.2633684,-1.9738253,0.4528245
Bounce,0.05089077,0.8862703,1.5576397,-0.31298587,0.28120422,-0.79224837,0.015355071,-0.87394893,0.960097,-0.13573727,-0.8418457,-1.199048,-0.47985783,0.10937796,1.320463,0.29697567,-0.576697,-0.7208288,0.097855225,-0.6133207,1.310292,-1.2448972,-0.6659662,1.5763109,0.19350529,0.7640112,-0.47710794,1.2041007,-0.6272732,1.0894697,-0.6122506,0.14594597
Bomba,0.5436827,-0.09196332,0.588783,-0.6016079,-1.0152487,0.6275007,1.8417444,-1.8193817,1.1428308,0.19524743,0.09572225,-1.0298855,-0.012894295,-1.4402729,0.48532227,1.1113442,0.5764429,-0.37750113,-1.369077,-0.7545344,2.3205962,0.66711664,0.05266022,0.48683524,0.59873235,0.32627463,0.5468899,-0.38934892,1.0372931,-1.7200528,-0.07283253,0.67581695
Compas,1.0805657,-0.64280957,1.0083623,-1.3834751,-0.5935931,0.3959257,1.3661469,-1.4317473,0.37886256,0.9771133,-0.39643237,0.41129568,0.13397734,-1.0032386,1.4648997,0.9588076,0.7248708,0.4726188,-0.5917766,-0.5534652,0.85522944,0.3987417,0.44364792,1.5487002,-0.24725549,1.0935789,0.55529237,-0.47604814,0.8540962,-2.4470158,0.10757343,-0.057429083
Steel_Band,0.42646945,0.064258486,0.6450915,-0.8710963,0.30398935,0.023973074,0.9920183,-0.4147803,-0.16581,0.38711408,0.27716294,0.86810225,0.017204145,-1.246857,2.1542008,0.8813539,0.22059454,0.8546574,-0.13527231,0.37243617,0.57750165,0.68505013,-0.4978071,1.6934736,-0.20398977,1.4045317,-0.084730186,0.14989112,0.6274682,-2.0464406,-0.21441528,-0.5475566
UK_Street_Soul,-0.27661783,0.0159942,1.0272487,0.29831675,-0.77908045,-1.2442129,-0.6663461,0.14597696,0.4474641,0.8310637,-2.1425781,-0.90464544,0.26264927,-0.40556654,1.0402836,1.3984264,-0.32095852,0.15164627,1.3381824,-0.9293511,0.7076283,-0.95298153,-0.5095049,0.7463102,-0.072464734,0.41226098,0.34361356,0.5780844,1.0091172,-0.2561112,-0.020409416,-1.2337832
Motet,-0.06328117,-0.9140483,0.49737033,0.11538968,0.8274513,-0.90246284,0.97675014,-0.27524042,0.43986785,0.49366984,-0.59806085,-1.602434,-0.14140134,-1.1948943,-0.06478479,-0.5588628,0.57117224,-0.61148226,0.6145199,-0.5977817,0.06552266,-0.42250025,1.7374502,-0.80504525,1.8478072,0.5734977,-2.5750616,1.4633195,1.4266373,-1.2875404,-2.3929534,-0.07861185
Footwork,-1.7293708,0.14124322,0.82407194,0.06589652,-0.27260235,0.63416034,0.63190556,0.08899757,1.613634,-1.0944567,-1.6590537,0.33427516,0.56643784,-1.213907,1.1970326,-0.17842546,-1.5877193,-1.2656592,-1.1634839,-1.3094345,-0.16641332,0.033554118,-1.3090471,-0.31162632,-1.0948578,0.66916734,0.69157594,0.9548331,-0.01315443,1.2265003,-0.8534959,0.8723111
Bayou_Funk,0.7198486,0.24731229,-0.15854666,0.5033929,0.17536557,-1.2963414,0.39996022,-0.17675486,-1.1986387,0.22456883,-0.86729974,-1.7965454,0.379559,-0.12346714,1.9508495,0.3845409,0.9520346,0.81496066,0.21399239,-0.71899724,-0.13754201,1.0701466,-0.039900165,2.0304067,-0.11397051,0.06316729,0.1531512,0.6144763,1.2096641,-0.5525146,0.2681275,-0.26755446
Zydeco,0.3782316,-0.18333577,-1.0363411,1.123453,1.6137325,-0.6969404,0.97949654,0.1285552,-0.70223135,0.66787773,0.3858319,-1.3742591,1.3097695,-0.05853215,1.9575737,-0.5160641,-0.17520665,0.53759235,0.36374503,-0.2621127,0.13700852,1.8352731,0.7767913,0.8616961,-0.55205333,0.6406567,0.08672548,1.433352,0.80782014,-0.49252006,-0.45915484,0.0014096464
Technical,-0.4409607,1.35995,-0.67727304,0.26347375,0.6519508,-0.48019502,1.5081663,-0.14186141,-0.6869189,-1.1175417,1.1408256,0.43772295,-1.3556095,-1.5933441,0.29192683,0.18661039,-0.70233715,-0.55823684,-1.1960032,-1.2449079,-0.74675155,0.91628355,-0.11245753,0.6220325,0.28303495,0.7998667,-1.4860363,1.9967695,0.068653956,0.022670241,0.01248792,0.32688776
Fado,0.35960147,-0.5936812,-0.9324518,-1.0949566,0.09329306,-0.062708676,1.0518516,-0.2954513,-0.8888806,0.75508296,0.946281,0.5765619,0.10958157,-0.30945382,0.16424422,0.7597796,-0.076531194,1.0314028,0.28344265,-0.4824891,0.0953168,-0.14270176,1.2036438,0.056474186,0.5941237,0.5469231,0.8367219,0.29967275,0.34747198,-0.5019293,0.5539349,0.28150547
K-Rock,0.2181619,-0.5291195,1.2411633,0.78693247,-0.66393757,-0.5764708,0.11920654,0.7035681,-0.91503215,0.046956673,0.42991924,-0.90747744,0.39449194,0.61527014,-0.8063252,-0.21988471,0.38720316,0.47715005,-0.013693915,0.5244188,0.58741397,-0.55557936,-0.18920946,0.03013369,0.98837,-1.2219056,0.4010662,-0.061808914,-0.36210802,0.10563152,0.19192281,-0.32734123
Music_Video,0.20242473,-1.0308927,1.2836627,0.27609017,0.2826581,-0.25545958,-0.094324775,0.93601143,-0.35254344,0.10959376,-0.46637878,-0.7426967,-0.6369331,0.51030004,-0.9763343,0.40932307,-0.30337632,0.19675604,-0.2574803,0.55672973,1.0358946,-0.5583324,-0.90193194,-0.033349343,-0.28151923,-0.031313177,0.30447966,0.3448692,-0.7779426,0.72419316,-0.8063685,0.2937492
Tone_Poem,0.22458209,-0.26984888,-0.2340192,-0.88392955,0.34727892,1.2674718,1.0589808,-0.660393,0.8481736,-1.0089451,0.23231816,-2.4907343,-0.958446,-2.114489,0.20435639,-1.7075295,0.28758156,-0.5873464,0.84246254,-0.024843534,-0.12654378,0.7131685,0.316873,0.06628999,0.6169844,0.71103626,-0.69686717,0.53925955,-0.10027063,-0.67012227,-2.1106884,0.8170992
Kolo,0.39667448,-0.24924639,-1.3797117,-0.42557687,1.1748968,-0.81152594,0.64867955,-0.105278105,-0.35426196,0.48048246,1.3623375,0.7853797,0.41439384,0.13314004,0.695342,0.38787866,0.00320179,0.36117303,-0.35837686,-0.6177879,0.272382,0.19711395,1.7051747,-0.1964812,0.5545544,1.827591,0.23650733,0.2318363,-0.27768514,0.3283848,-0.52248836,-0.04502046
Swamp_Pop,0.539874,-0.054168876,0.14849992,1.9351841,0.8130345,-0.2559014,0.38603547,0.17726758,-0.36928684,-0.06128997,0.2605966,-1.3033068,1.2115636,0.52831054,1.2589417,-0.6746388,0.1089467,0.36179802,0.43045986,0.56800604,0.47559425,1.4537225,0.80142075,0.33090147,-0.45135427,-0.697435,-0.15003687,1.0644529,0.7046869,0.06352404,-0.17825176,-0.031084998
Requiem,-0.523141,-0.296731,0.4377764,-0.08910563,0.28095144,-0.07977055,1.214667,-0.38346827,-0.10967844,0.2126631,-0.06127396,-2.2143836,0.08374201,-1.4267311,-0.039163567,-0.75858575,-0.16418713,-0.87266487,0.7533301,0.0034746185,-0.29165083,-0.08270976,1.644155,-0.12711628,1.4168439,1.1175207,-2.206657,1.2641447,0.68198633,-1.4215517,-1.9292135,0.39539906
Indo-Pop,0.673097,-0.33330524,0.4972519,0.08092902,-0.21575965,-0.956913,0.14670163,0.3581805,-0.4127008,0.6037681,0.43142906,-0.7106691,-0.32756808,-0.38847926,-0.21676774,0.4882301,-0.07413647,0.79468286,0.1473821,0.518556,0.16026644,-0.027347144,-0.4597438,0.32692772,0.40780225,0.28545868,0.4839678,0.047480177,0.4415903,0.26771563,0.5906336,-0.3789989
Concerto_Grosso,0.6205722,-0.428416,0.016170654,-0.3299093,0.73545,-0.10738392,0.5167501,-1.1860412,1.4204946,-0.57301444,-0.7986571,-1.7834363,-0.6203751,-2.2450316,-0.80406696,-1.0792291,0.78275627,-0.10013815,-0.11082333,-0.21287563,0.34902152,-0.10406138,0.027978577,-0.4067576,0.27924743,0.38868502,-0.90893173,1.1290531,0.556337,-0.9961447,-3.0341742,-1.1349716
Lambada,0.5821699,-0.6192796,0.76643085,-1.7659434,-0.5709782,1.11671,1.1726778,-0.9591369,-0.06925643,1.4657755,-0.5746487,0.20019154,-0.48808417,-0.7182788,0.9184088,0.9199813,-0.05964213,0.4143811,0.60399044,-0.6046081,0.7093344,0.9144176,0.9311415,0.26713023,0.83729213,0.33300212,1.1432374,-0.44036123,0.06749162,-1.3562578,1.164832,0.83491814
Pipe_&_Drum,0.25117585,-0.7615928,-0.68198776,-1.0273112,1.4391985,0.1687778,0.60031915,0.33463395,-1.3296548,-0.4653203,1.7739928,0.7084282,0.26503846,0.28451353,0.7036735,-0.049972754,-0.23741555,0.22016725,0.007873139,-0.8660317,-0.11426345,0.0472206,0.85031277,-0.007216203,0.43613377,2.1700768,-0.3766351,0.3644534,0.2620856,0.07961852,-1.1756997,-0.11138653
Beatdown,-0.45930642,0.9078929,0.29784924,-0.27550462,-0.93824756,-0.330546,-0.7321883,0.2935495,0.9272889,0.67608315,-1.7109603,-0.68073696,0.20191948,-0.29985043,0.75821805,0.41309234,-0.43994188,-0.33210593,0.004134442,-0.53604347,-0.57317734,-0.5272342,-0.33252376,-0.4382157,-0.16257083,-0.40893167,0.1449854,-0.3363005,0.50942415,-0.52188003,0.11519579,-0.09732126
Slowcore,0.25551113,0.16172802,0.32306582,0.95606464,0.18055914,-0.71480054,-0.6853203,-0.4140558,-0.046627413,0.70981437,1.3179263,0.4329007,1.4937112,0.3579504,-0.48521343,-1.7229048,0.125802,-0.43587917,-0.3593321,0.8906455,0.09699061,-0.7894483,0.3928763,-0.8465632,0.5797619,-1.2681237,1.4109609,0.8558074,-0.62350607,0.23218593,-0.8775151,0.5768322
Movie_Effects,-0.5272192,1.1936444,-0.17979102,-0.11510159,0.68486625,-0.3096912,1.0054005,0.47870162,-0.22242403,-0.8761989,1.3791753,0.86754155,-1.2079241,-2.0774508,0.14849888,0.5889844,-1.2325531,-0.4060883,-0.8866375,-0.9778672,-1.1385394,0.43548667,-0.25153363,1.2935973,-0.4186413,0.15221882,-1.5128216,0.7748514,-0.11540976,0.80688006,0.0072922236,0.035574764
Glitch_Hop,-0.86582994,0.8606155,0.7922659,-0.097071,-0.3960013,0.08869671,-0.58724964,-0.27717334,1.4180156,-0.2880403,-0.90699404,-0.7244919,0.6443914,-0.24366008,1.2811584,-0.50611216,-2.0326724,-0.46746904,-0.27893743,-0.8176793,-0.065759726,-1.4489639,-1.0166476,-0.044629596,-0.37518388,-0.1131196,0.26219353,1.0347004,-0.20641264,1.7111583,-0.70130056,1.2893003
Neo_Trance,-1.3199831,0.24177766,-0.27001432,-0.34749985,-0.41542673,0.52466846,0.32628343,0.50011945,1.0922134,0.20840588,-0.8333111,-0.5427477,0.074061714,0.013849791,0.7031918,-0.62635094,-0.17452542,-0.29305625,-0.79920566,0.004043853,-0.3717065,-0.73236305,0.07330038,-1.3834565,0.57357484,0.29888833,-0.66252315,-0.94443935,0.30412444,-0.64684075,0.207921,-0.06428184
Choro,0.48785308,-0.66647196,-0.58061856,-2.2957082,-1.4663477,0.7004038,0.9351301,-0.7338604,-0.7736622,0.5611044,0.33824027,0.37331295,0.15522504,-1.0321921,1.0124592,-0.2474027,0.32221615,1.3645973,0.90914774,-0.60822946,0.018673517,1.0734537,0.6695737,-0.34578934,0.90249336,0.11167523,1.5571514,-0.6431564,0.22830859,-0.38188744,-0.41759866,1.4331478
Passion,-0.022031179,-0.71285385,-0.021372924,0.1847862,0.5740008,-0.7090078,0.4166051,-0.38281143,0.50183344,0.69614905,-0.7443451,-1.0843315,-0.3594275,-1.1854948,0.19875933,-0.13351457,0.32508487,-0.35684368,0.35354492,-0.43843997,0.67260563,-0.076720916,1.7303685,-0.69338673,1.7280425,0.29376975,-1.9765695,1.3517188,0.6881132,-0.9172928,-2.2415936,-0.7276861
Musette,1.0319201,-0.34177184,-1.29888,-1.5755144,-0.44812557,0.5483356,1.340293,-0.30230626,-0.5301361,-0.24882835,1.4250667,1.0295963,-0.35726514,0.03794107,0.6343954,0.5688929,-0.13915451,0.6207006,-0.16588157,-0.18089753,0.66799563,0.16224694,0.85284084,-0.29511842,0.31466076,1.1085744,0.7684443,-0.044876624,0.4522964,-0.39653394,0.22509532,-0.1638397
Música_Criolla,0.6105299,-0.4888221,-0.7027715,-0.65198696,-0.218198,0.88017374,1.6183488,-0.9949059,0.17612754,0.5604772,1.0085636,0.4055898,1.0572869,-0.93861765,0.15966195,0.6347329,-0.097386576,0.8869894,-0.8286296,-1.2980835,0.8664473,0.17444655,1.4768751,-0.26393953,0.8982106,0.62516207,1.2683166,-0.43661237,0.6523725,-1.3891988,0.46628526,0.7479512
Cabaret,1.0030345,0.18386437,-0.75167143,-0.5301312,0.51453036,-0.0525392,1.2958864,0.4717226,-1.39504,-0.4878755,1.3233439,0.4865135,-1.281426,-0.36536708,-0.4044919,0.5822071,-0.82996714,-0.3365813,-0.25588757,0.22695617,0.3966952,0.5050768,0.75845855,0.26047838,-0.062614955,0.4834838,0.15509051,0.5447288,-0.3921532,0.079764105,0.31539825,-0.4964213
Group_Sounds,0.723731,-0.575025,1.090069,0.7992871,-1.5338959,0.8199666,1.1137522,1.1167321,-0.91116905,-0.9619851,1.4651874,-0.7820503,0.6747749,0.36552373,0.0873514,0.7294738,0.42754468,0.3601241,-0.4513313,0.804888,0.3445875,-0.64168483,0.7253757,0.6490789,0.27790576,-1.6351668,-0.5841054,0.5041863,0.36728185,-0.70878917,1.496208,-1.0957596
Rhapsody,0.31229398,-0.30450186,0.4833819,-0.906783,-0.18703295,0.68388087,0.72709155,-0.6908564,1.7106482,-1.2211479,-0.012461548,-1.614641,-0.9698252,-1.3568393,0.032933697,-1.422539,0.9698373,-0.17460595,0.18653888,-0.101248145,-0.20254566,0.6235991,-0.32821557,-0.10173127,0.8115836,0.4487316,-0.605832,0.63570774,0.24208418,-0.866334,-1.8748642,0.62971574
Raï,0.004262742,-0.52658486,0.10929575,-0.52565163,0.4690937,-0.3596041,0.319692,-0.47611326,0.32766968,1.5086119,-0.9141146,1.3051268,0.25429207,-0.034384772,0.96895653,0.2748199,0.37083477,0.5798979,0.13514642,-0.79771465,-0.4660833,-0.92004883,0.5657922,1.156901,0.3569134,1.0954146,0.58358246,0.2590723,-0.1794932,-0.6126011,0.6153323,-0.3443436
Plainchant,-1.0737516,-0.9365407,0.36825335,-0.011534443,1.0721154,-1.173465,0.9434733,0.15046243,-1.1757704,1.3847224,-0.026831226,-0.6887867,0.044074133,0.49155644,0.1609958,0.32922927,-0.3441192,-0.07295988,0.047783684,-0.67728984,-0.1301716,-0.50602525,2.3109393,-0.827541,1.7683985,0.5874505,-2.7486155,0.9178151,1.6065695,-1.1831514,-2.3067687,0.1594704
Séga,0.95920604,-0.48472726,0.075165495,-0.61568266,0.45043254,-0.134004,0.9694829,-0.16492079,-0.469903,1.1440481,-0.1569983,1.3595217,0.018175187,-0.31661582,1.0073606,0.51101923,0.65939003,0.64305156,-0.20807879,0.12183062,-0.63364214,-0.1721122,0.62242126,1.2106465,-0.14805503,1.3340027,0.4263934,0.3130091,-0.004209658,-1.5298406,0.39067212,-0.29377705
Zamba,0.336413,-0.7472207,-1.1403232,-0.6001594,-0.04508295,0.8878736,1.3529726,-0.5549914,0.040220264,0.840782,0.9431286,0.76691544,0.919911,-0.58708584,-0.012787358,0.2504631,-0.024380589,1.0564797,-0.7464505,-1.203275,0.52389145,0.32970256,1.6135108,-0.527085,0.94099647,1.0051084,1.5010303,-0.7684911,0.3046385,-0.84968674,0.48678204,0.63423425
Ghazal,-0.41224968,-0.95300996,-0.32742804,-0.44226632,1.4325067,-1.2377347,1.4499812,0.21424168,0.124685414,0.6691654,0.5405572,0.89489514,0.15774906,-0.8948053,0.6940127,-0.26668963,0.31127912,1.2464728,-0.19062372,0.19732827,-0.94957125,-0.44611216,0.39123464,1.332757,0.59028995,0.3297914,-0.45108557,0.42595476,0.6587934,0.5446747,-0.12893157,-1.3190634
Skiffle,0.85059315,0.09183981,-0.25650814,1.0057722,0.278559,0.28156194,0.26086244,0.47748291,-0.5401291,-0.45627326,1.3045106,-0.5105017,0.34605247,0.5876306,0.7037224,0.05577996,-0.31472293,0.33439845,0.61182207,0.32157454,0.8910638,1.3933425,1.054936,0.7638114,-0.21089211,-0.060773097,0.033863932,0.9459116,0.22815138,-0.12298539,0.65285426,0.0098953415
French_House,-0.53146523,0.4943341,0.885715,-0.16550285,-0.75911266,-0.59452283,0.3456683,0.18366507,0.9033942,0.48211166,-0.85848147,-0.85986286,-0.54309106,-0.4863713,0.44017535,0.052465487,-0.87162554,-0.91144305,0.12733825,-0.14156246,0.20527591,0.009574842,-0.2699023,-1.3136305,-0.51374066,0.33073285,-0.029744957,-0.6066094,0.22566085,-0.61882055,0.3071341,-0.19380656
Twelve-tone,0.036344092,0.6183452,-0.3451479,-1.1829834,-0.035305005,-0.120867066,1.1390628,-0.4188282,-0.1975124,-0.316873,0.6578948,-0.6377475,-1.286318,-1.4335963,-0.63699824,-0.86243486,0.75248986,0.016390882,0.5762405,0.06161687,-0.643981,0.41350853,-0.20313975,-1.2077647,0.8289571,0.5152177,-1.1914884,0.8103324,0.23994476,-0.26845825,-1.3639619,1.3511742
Memphis_Blues,0.0042333854,-0.17640987,-0.7240803,0.9102245,1.507607,-1.0692852,0.53575987,-0.05171071,-0.47449353,-0.051620193,-0.19758494,-2.3022187,0.63401705,-0.17313114,1.4954022,-0.4593739,0.91168183,0.12201293,-0.339804,-0.7576063,0.1912432,1.4607732,0.63632715,0.9415989,-0.17860311,-0.00041157566,0.2563419,1.7929169,1.0652522,-0.49268475,-0.17728914,-0.2212443
Mathcore,-0.35556412,0.017409097,0.19311725,-0.18117668,-0.44290066,-0.7702637,1.0343877,-0.62104297,-0.0060012853,0.30077758,-0.18882872,0.56474143,0.039635558,0.2375766,-1.3376088,-0.7046228,0.747466,-0.81652534,-1.7490782,0.05982484,1.2615867,1.088482,-0.4946743,0.6837303,-0.021990124,-0.23550658,1.1208359,-0.43379283,-0.86776984,0.025018176,-2.07963,1.2123181
Ghettotech,-0.65911007,0.526619,0.38521674,-0.53311306,-0.20386863,0.2839306,0.37988418,0.6002257,0.95056885,-0.15403454,-1.726066,-0.61618006,0.2420241,-0.3133131,0.8050419,-0.007142902,-0.6580112,-1.1025137,-1.3147027,-0.79151803,0.15065132,-0.10414527,-0.5077548,-0.5805122,-0.4083621,0.3589741,-0.6847085,0.13239507,-0.2502371,0.16073404,-0.35326466,-0.34342775
Etude,0.388664,-0.2453407,0.70933276,-0.9725967,-0.43811917,0.31568256,0.8582892,-0.53955007,1.8018838,-1.3722134,0.11805067,-1.2836924,-1.2712162,-0.9609466,0.10388641,-1.1779951,1.4985762,0.054455973,-0.18665461,0.04243543,-0.18175252,0.54343617,-0.55180776,-0.2616626,1.0544161,0.36541545,-0.63949126,0.55966187,0.26802152,-1.129444,-1.4345373,0.78238136
Kwaito,-0.051214904,0.30150533,1.003039,0.122152194,-0.114805296,-0.99920547,0.61146194,-0.1543889,0.5582473,0.6443913,-1.4799923,-0.21446985,-0.41890985,-0.381209,0.9915765,0.34965074,0.28605124,-0.648304,0.29043534,-0.5002158,-0.23338686,-0.68855226,0.18372637,0.4713601,-0.20223458,0.95685863,0.28414682,0.3294635,0.1515365,-1.2112777,0.61022806,0.13914739
Gaita,0.8014322,-0.13645238,0.6706398,-0.3389219,-0.068454824,0.87500966,1.3649929,-0.9224604,0.69914466,0.4410574,0.12404904,-0.27628818,0.4513408,-0.86052847,0.20769659,0.746885,-0.03229724,-0.16084966,-0.88906395,-0.89643645,1.0768687,0.32868788,0.57932633,-0.08102887,0.3017462,0.030708214,0.82308084,0.12721376,0.6797978,-1.7721066,0.21658409,1.0327001
Chacarera,0.2133051,-0.65584433,-1.3956007,-0.9197568,0.16924858,0.85303575,1.3567339,-0.646352,-0.6324997,1.1662756,0.812229,0.98436767,1.3208268,-0.4610701,0.41697803,-0.1423959,-0.003345821,1.0518808,-0.050992113,-0.91082364,0.031012176,0.4079059,1.5104843,-0.44585192,1.1492691,1.1727294,1.8629568,-0.25324667,-0.30614617,-0.8398147,0.13891819,0.559262
Villancicos,1.0925854,-0.38122526,-0.35822412,0.3601539,0.03869261,-0.48338228,1.0446752,0.45729235,-0.33077928,0.19399971,0.73432314,0.6909857,0.01611331,-1.3720206,-1.0311266,0.2752243,-0.7838175,0.23227683,0.47184467,-1.1961477,0.7023998,-0.4606056,1.6553689,0.102756634,0.8657002,1.4765322,-0.13071567,0.4500962,1.121337,-1.8210572,-0.550526,0.4277856
Go-Go,0.52165073,0.64511544,1.1144933,-0.024585156,-0.54903513,-0.55835646,0.09439754,0.2259321,-0.18002416,0.031190565,-0.6247422,-1.0174665,-0.08545269,-0.121618725,1.181586,0.85892606,-0.19308032,-0.07230362,0.047583792,-0.15840314,0.7204688,-0.38766065,-0.7697748,1.0947745,-0.106286414,-0.21127497,-0.21934168,0.49256587,0.10536332,-0.18915263,0.5702287,-0.041251145
Occitan,-0.10670153,-0.22632341,-0.6264966,0.12709253,0.95466524,-0.747686,0.5562692,0.19611357,-0.6245759,0.58990294,0.91572374,0.45229566,0.16677535,-0.38177234,-0.27657652,0.6597129,-0.16750221,0.19603124,-0.089788415,-0.61138415,0.27621558,-0.27937678,1.51543,-0.2373516,1.0980073,0.90318424,-0.6781129,0.44382712,0.3726723,-0.4238248,-0.42105117,-0.11799541
Minneapolis_Sound,0.4451,0.55686206,1.0482708,0.25641188,-0.31877747,-1.0161197,0.2545198,0.6892594,-0.6368974,0.4601842,-0.7954702,-1.0527266,-0.62725717,-0.07651953,0.7099507,1.0701948,-0.07635923,-0.14574896,0.20539653,0.24943082,0.38733777,-0.020906135,-0.84122497,0.84851426,0.40601653,0.0051847417,-0.24132214,-0.20690525,0.5632585,-0.11157081,0.7733066,-0.2460532
Nocturne,0.42113456,-0.31024012,0.8659678,-0.9548633,-0.65157205,0.34959054,0.77451104,-0.4674014,1.5389733,-1.2141134,0.08218137,-1.4883446,-1.0924287,-0.6734634,0.069620214,-1.411163,1.3058351,-0.08652724,-0.18678892,0.10327848,-0.5089921,0.35539365,-0.6578917,-0.1742635,0.8927458,0.46104512,-0.67429924,0.4895115,0.17521334,-1.1906044,-1.4813083,0.6588247
Sound_Poetry,-0.06579484,1.3921361,-0.09452546,0.11418264,1.1208005,-0.44941065,0.04569118,-0.000872964,-0.6919349,-0.3386447,0.55008566,0.8911992,-0.82547843,-1.3459978,-0.37216038,0.014573995,-0.3267274,-0.66771376,-1.6388408,-1.1153263,-1.3436362,0.2720546,0.23259538,0.15372476,0.043452416,0.19270198,-0.8074134,0.93940085,-0.31624007,0.44455728,0.220919,0.9457815
Spirituals,-0.19196922,0.08041724,-0.37546003,0.39223167,0.994323,-1.4293262,0.42692208,-0.08285059,-0.79153347,0.5058898,0.5954461,-0.94029945,0.04594258,-1.1266191,0.28605986,0.3969666,-0.452629,0.36437184,0.45854485,-0.72423005,0.072839335,0.44057235,1.1548996,-0.007998527,0.21144088,1.1110542,-0.6335945,1.2668874,0.7418357,-0.85645795,-0.39194247,-0.14960276
Memphis_Rap,-0.06771463,0.37918207,1.6152194,-0.6323386,0.44800863,-1.0648766,0.40264454,-1.1644291,0.45882115,-0.6836337,0.5373872,-1.5088269,-0.7182077,0.00065523695,0.8540341,-0.34195665,-0.13480079,-0.8900209,-0.36661825,0.011057597,1.2853876,-1.0643206,0.24762866,1.387499,0.25306314,0.52111804,-0.22365217,0.98326,-0.35980374,0.6194986,-0.9807862,0.44417605
Trova,0.47423178,-0.51015604,-0.28416532,-0.40233532,-0.12240554,0.6387509,1.2551811,-0.8353269,-0.15115036,0.43623582,0.557788,-0.3865481,0.63818127,-0.6641224,-0.29761228,0.35075608,0.19350286,0.5163176,-0.7925597,-1.2485318,1.1382514,0.15236865,0.76083606,-0.25510362,0.6745465,0.28051594,1.1090016,-0.30174568,0.40071875,-0.9983318,0.45117465,0.6318916
Min'yō,0.40592638,-0.32799765,-0.30007526,-0.18073739,-0.27794355,-0.29699847,0.66671336,0.40853748,-1.194418,0.7057818,1.0119753,0.20480026,0.30713272,-0.24709293,-0.16909195,1.2322906,-0.5007334,0.64717805,-0.4781517,-0.26294667,-0.1511549,-0.48122132,0.5256947,0.71042264,0.32398322,0.13720727,-0.4312377,-0.16927844,0.5154593,-0.016180111,0.049789466,-0.19412102
Rock_Opera,0.15924153,-0.30297077,0.098540016,0.640889,-0.06580142,0.55925244,1.0191791,0.70504117,-0.8184237,-0.064097635,0.41722843,-0.18068387,-0.028091332,0.34438044,-1.511234,-0.25394228,0.32068953,0.8771871,0.4046583,0.78376794,0.20390634,0.093051285,0.61324036,0.8226021,0.15928331,-0.74104846,-0.46354273,0.103599526,-0.34979686,-0.039060652,-0.17738125,0.03304179
Axé,0.76458687,-0.8560239,0.7622161,-1.4112456,-0.74088025,0.8964136,0.75315917,-0.6436579,-0.1590016,1.3719723,-0.89645135,0.64637977,0.4855529,-0.8907842,1.1805818,0.23360112,0.010353069,0.7723676,0.8820738,-0.58363134,0.13187042,0.7669683,0.6358548,0.23696032,0.9035297,0.22713111,1.1367354,-0.4592283,-0.022124084,-0.6338991,-0.036509633,0.91970193
East_Coast_Blues,-0.13394149,0.15144314,-0.5764622,0.9543802,1.1891004,-1.0714662,0.5449236,-0.26499817,-0.38102522,0.15098494,-0.007248243,-2.0599194,0.6193947,-0.34114563,1.1751701,-0.36305174,0.52004504,0.15278266,-0.36723506,-0.7321272,0.15724717,1.4078693,0.47148168,0.945516,-0.16601165,0.2496943,0.2459543,1.7367275,0.68605167,-0.5013432,0.04278001,-0.28205436
Madrigal,-0.17368123,-0.64892125,0.07717813,-0.071108736,0.73005795,-0.58819854,0.855036,0.45218527,0.23863213,-0.25396308,0.12309644,-0.6610408,-0.11305348,-0.850314,-0.34095636,-0.15173401,0.8199598,-0.22653763,0.12145629,-0.13268466,-0.22548582,-0.33708644,0.77172697,-0.7985714,1.4658054,0.50279814,-1.3290777,0.8102482,0.95108515,-0.84831005,-1.420117,0.18942975
Timba,0.28052795,-0.23048909,0.40536213,-0.44587585,-1.0425252,0.7765849,1.4090432,-1.7189963,0.45954257,0.41115063,-0.52762365,-0.6733202,-0.17875591,-0.56407756,0.07171749,0.6218193,0.8552188,-0.13618325,-0.7361462,-0.84570384,1.2023574,0.4674325,0.48076302,0.40706596,0.28722677,0.68190134,0.65641093,-0.20083332,0.8068922,-1.4394587,0.1071063,0.74271303
Zarzuela,0.6465503,0.046329364,-0.5485026,-1.2160846,-0.18829893,0.3091857,1.1772958,0.09580575,-0.0799592,-0.88536304,1.1198266,-0.48134276,-1.1851093,-0.69424427,-0.31768483,-0.54882336,0.11223377,-0.017311614,0.33472452,0.36286893,-0.06622251,0.05041793,0.97332984,-0.75468206,1.5012974,0.972246,-0.5531406,0.1763459,-0.10581744,-0.8744475,-0.7925897,0.38681737
Disco_Polo,-0.22051765,-0.8560057,0.025569838,-0.47472957,0.7683223,-0.5755183,1.0483649,0.5141811,0.68697685,0.47148108,-0.13659799,0.4296149,-1.4438221,0.59961396,0.039174117,-0.16620888,-0.1245452,-0.94314873,0.012454848,0.33955878,0.6630958,-0.05555643,0.44785085,-0.31334904,-0.28308514,1.0643264,0.822862,-0.50961435,-0.7277509,-0.5470483,0.51716757,-1.0917393
Gamelan,-0.86190695,0.081375,-0.807764,-0.42605036,0.35839045,-0.42129344,-0.21089926,-0.34161362,0.008865474,0.29591614,0.4463092,0.5425939,0.37043792,-0.92865485,-0.005959402,-0.27580684,0.11923965,0.58877873,-0.71590704,-1.1940335,-1.5954993,-0.4856689,0.7225043,0.4310803,0.38328698,0.5189701,0.07837314,0.4557251,0.26374373,-0.18165842,0.037773233,-0.21263257
Ambient_House,-1.0733849,0.5207043,-0.5916899,-0.18259175,-0.6210268,0.4410919,-0.2710316,0.18940026,1.0929521,0.7089726,-1.0732793,-0.11366615,0.25181055,-0.390528,0.20054635,-0.14405614,-0.6354971,-0.16658606,-0.028871063,-0.26851696,-0.70528173,-0.6727472,0.09275432,-0.635376,0.033064876,-0.24209838,-0.065982595,-0.2696561,0.40775427,-0.4926335,-0.17813961,-0.03363147
Dark_Jazz,-0.21428706,0.65255123,-0.7187737,-0.4107143,-0.19167462,-0.31320024,-0.57722914,-0.66763455,-0.15938312,0.25696477,0.22751886,0.5050785,-0.20221488,-0.45159268,0.27989233,-0.20186162,0.41486257,-0.36253944,-0.3010639,-0.11918616,-1.2271478,-0.32118568,0.30825105,0.29034373,-0.32862788,-0.47081527,-0.0640008,-0.39120325,0.378216,0.52719426,-0.75081056,0.5513972
Crossover_thrash,-0.8920196,-0.5824429,0.79115444,-0.005008248,0.17478895,0.5172795,0.7782475,-0.121751495,-0.27859965,-0.29465115,-0.45429465,0.70713335,0.42208615,-0.5801111,-0.2608919,-0.53417766,0.6745859,-0.35113454,-0.7338939,0.4720211,1.4070779,0.8981173,0.3042782,1.0785363,0.4404024,0.09983074,-0.051457085,-0.39017966,-0.23003998,0.08079373,-1.4028405,0.65394235
Jibaro,0.6081304,-0.007771628,0.26996586,-0.005866318,-0.7108861,0.40593654,1.507112,-1.1464318,0.70532125,0.32370085,0.3799945,-0.37123543,0.4530418,-1.3753926,0.041391626,1.1251647,0.30854008,-0.2034208,-0.9626174,-0.85029894,1.6509647,0.2466228,0.52765936,-0.016935669,0.4848307,0.50819534,0.5055251,-0.36813498,0.9198154,-1.6234753,-0.1344636,0.8022309
Future_Bass,-0.41529852,0.07081809,1.2303681,-0.37140575,0.07134378,-0.5607334,-0.15546697,0.6071517,1.3718163,0.22573574,-0.53697467,-1.0203996,0.07153397,-0.35497004,0.6088144,0.37891322,-1.5920876,-0.9679587,-0.05312647,0.05002634,0.55317134,-1.1514047,-0.5473942,-0.9776852,-0.43880105,0.37104934,0.54514396,0.02996742,-0.20880613,0.9516136,-0.22193514,0.81244755
Capriccio,0.25321886,-0.3421622,0.6252186,-0.85482836,-0.20786673,0.23821878,0.49675313,-0.46376947,0.98146844,-1.0322056,0.0601324,-1.3631073,-0.9979553,-0.614008,-0.074678645,-1.073069,0.99383414,-0.09134145,-0.038929272,-0.18658327,-0.46268833,0.22791532,-0.5854459,-0.1728155,0.812361,0.30569187,-0.42530248,0.36959997,0.14290886,-0.8431672,-1.558655,0.5013911
Chutney,0.14507279,-0.47729978,1.1214876,-0.61377835,0.816916,-0.7511272,1.5321856,-0.31924582,0.09327608,0.28070572,-0.4270322,0.9211791,0.084656075,-0.96994346,1.5342251,-0.08283759,0.24676201,0.3674263,-0.12793465,0.9818171,-0.9126596,-0.23711395,-0.20999414,1.5812869,0.45298463,0.95920086,-0.096022114,0.07268953,0.8534392,-0.84865654,-0.51470876,-1.343116
Griot,0.3085686,-0.28676638,0.038546786,-0.51281375,0.64209956,-0.6240696,0.9695556,-0.2934907,0.03479976,0.9456993,-0.08811066,0.4384666,0.5192578,-0.7565885,1.1469455,0.4043764,0.9222729,0.1570456,-0.53667736,-1.0803607,-1.2834903,-0.5077538,1.157454,1.273195,-0.008123205,1.0823022,0.3452319,0.66583896,0.28800958,-1.6995336,0.40748048,0.50958663
Mizrahi,-0.10608874,-0.85053873,-0.29714897,-0.37787986,0.5758804,-0.43626586,0.9274298,0.18603675,-0.38870022,0.8180641,0.5012309,0.42746395,0.57109463,-0.1307745,-0.4298776,-0.053552214,-0.09023451,0.28190044,-0.11781735,-0.06441828,-0.3560775,-0.18458019,1.0954611,-0.0470415,0.72078913,0.6229482,0.62438035,0.16367382,0.23309185,0.0841282,0.4016209,-0.84958816
Morna,0.2995673,-0.30102432,0.17732707,-0.6764501,0.12398803,-0.42147037,1.2042586,-0.50150084,0.031893212,0.60457045,-0.32298613,0.109672464,0.0061544073,-0.79847246,0.88074535,0.3820973,0.74757373,-0.05240459,-0.34188935,-0.96944815,-0.803524,-0.21241567,0.9511488,0.95664716,0.12605928,0.8993456,0.7373648,0.40966645,0.56551427,-1.7463064,0.39673147,0.55929375
Lento_Violento,-0.6057502,-0.68482375,-0.155397,-0.29563436,-0.46357018,0.19252408,1.0894532,0.20146607,1.7343838,0.8687001,-0.0022310233,-0.020433694,-1.0743977,0.38849476,0.075547874,-0.6180448,-0.074542075,-1.3021421,-0.11072505,-0.22504032,0.108326085,-0.3048125,0.82516766,0.006548856,0.67549396,0.45088667,-0.2529317,-0.59691346,-1.0067576,-0.9117839,0.34661776,-1.1761491
Bouncy_Techno,-1.0095345,-0.6313764,-0.30099517,-0.43186232,0.314173,0.7422938,1.7550718,-0.053304493,1.1860622,-0.92437977,-0.02704856,0.49738443,-0.39488974,-0.15686315,0.4729688,-0.55977124,0.16747776,-1.4303762,-1.045249,-0.25297433,0.7318691,0.9895516,-0.37198254,-0.030412968,0.12847228,0.6333784,0.5462641,-0.18259668,-0.6917381,-0.17144696,-0.43348494,-1.1385468
Sertanejo,0.20224607,-0.8892083,-0.059623703,-0.20712645,-0.33214557,0.26487666,1.4923748,-0.27469987,-0.6971165,0.50314444,0.67671204,-0.15719828,1.0881884,-0.23557523,1.0504664,-0.0710674,-0.52653706,1.121082,0.038701292,-0.5924273,0.23324066,0.77115726,0.8041358,-1.2519293,0.22936398,0.6732006,0.78267837,0.34021366,-0.21371686,-0.007826094,-0.10215977,0.896144
Ottoman_Classical,-0.005101463,-0.37742648,-0.82626647,-0.34051648,0.6565735,-0.3843901,0.56892806,-0.027893735,-0.32544908,0.67870516,0.66477495,0.39134192,-0.13203582,-0.3040492,-0.02830103,0.369838,0.27848458,0.50811833,-0.014754628,-0.42888954,-0.4646012,-0.4587285,0.8064656,0.009713285,0.494182,1.0386128,0.048871737,0.21272473,0.3176093,-0.33889428,0.055818275,0.15770487
Wind_Ensemble,0.14249362,0.27109456,0.21661636,-0.6221158,-0.21873799,0.050147966,0.96474016,-0.35515144,0.79579943,-0.62405187,0.27310997,-0.79895395,-0.8605219,-0.90894216,-0.15216719,-0.86633736,0.93081915,-0.10070546,0.1301111,0.17070659,-0.30648854,0.31477004,-0.4495729,-0.82321775,1.0434495,0.7230233,-1.0175827,0.8796999,-0.037422307,-0.8052056,-1.4339522,0.90779656
Piedmont_Blues,-0.39609772,0.06161351,-0.9872445,0.8443292,1.3733002,-1.0386522,0.7941242,-0.1727265,-0.4854516,0.3049819,0.41298017,-1.4782848,0.9108347,-0.19164103,1.3911991,-0.71800965,0.13274525,-0.053587396,-0.46146724,-0.8113008,0.016597135,1.1537243,0.7187958,0.63846946,0.25018588,0.58067423,0.28457844,1.4596518,0.5551484,-0.38314605,-0.216825,-0.06029947
Drill,0.07663922,0.60279965,1.4194385,-0.46393993,0.66875345,-0.7633887,0.22954345,-0.6502432,0.3270932,-0.33537668,0.307649,-0.9819789,-0.15713596,0.1404989,0.5617507,-0.21489802,-0.6046913,-0.938875,-0.19658889,-0.09292314,1.0840244,-1.3964446,-0.15080132,0.8308432,0.20292921,0.31720352,0.33691302,0.8100125,-0.56034523,0.5280188,-0.590426,0.6793245
Russian_Pop,0.24094275,-0.82031,0.17416145,-0.29348823,0.6306093,0.16664499,0.62596923,0.49607176,-0.2901418,0.4139729,0.3849826,0.17367722,-1.1920912,0.56261325,0.07253525,0.6025846,-0.66767734,-0.23321232,0.5907103,-0.13350867,0.595654,0.0657319,0.1649426,-0.3966514,0.30389175,0.85520756,0.570759,-0.16554803,0.124981165,-0.74342525,0.6635101,-0.5581183
Guarania,0.5645746,-0.7652753,-0.5158551,-0.73876876,-0.2774769,0.84042686,1.8799046,-0.6363948,-0.5107561,0.35714108,0.96663076,0.035628695,1.1441883,-0.2842912,0.90122724,0.08478438,-0.69548744,0.66204816,-0.07305848,-0.76527834,0.5050368,0.70117587,1.2365552,-1.0810378,0.494345,1.16407,1.2476848,-0.09076078,0.31604755,-0.71874636,-0.08849852,1.0935402
UK_Funky,-0.8448448,0.03338604,0.5717412,-0.015359029,-0.15843694,-0.35760432,0.14102381,0.122155435,0.854219,0.33729732,-1.7762339,-1.0434282,0.6504092,-0.8670482,0.6189591,0.007113924,-0.9093867,0.006316572,-0.44208667,-0.968358,0.53639936,-0.27316788,-0.40951884,-0.7199215,-0.07091138,1.0026594,0.5948622,0.22672133,0.31555966,-0.21394221,-0.27992687,0.28431863
Overtone_Singing,-0.29084167,-0.14925908,-0.78327906,-0.34139398,1.0528902,-0.64494854,0.16849166,0.020386238,-0.1438186,0.68307894,0.77583534,0.61566705,0.4680231,-0.4999119,-0.32129437,-0.17039424,-0.12201303,0.33767438,-0.26209766,-1.0625361,-1.0502732,-0.42843297,1.4540468,0.027901422,0.49958754,0.7344975,-0.09593945,0.03979774,0.38432455,-0.02336156,0.03629398,0.095083036
Cape_Jazz,0.32844955,-0.015395281,-0.6888282,-0.9336072,-0.30540475,-1.0868108,0.5868454,-0.7096129,-0.5756895,0.10712841,-0.1436267,-0.106033064,-0.4849682,-0.37972912,0.6706061,0.4150711,1.5846,0.27200612,-0.39672515,-1.0087467,-0.67665493,-0.20729811,-0.31370717,1.0145764,-0.5901447,0.6714296,0.9657682,0.7335753,0.75170577,-1.185852,-0.13039315,0.41057536
Mento,0.69446677,-0.50191855,0.51166254,-0.26531598,0.6017353,0.45104307,0.7460933,-0.14131498,0.0038314408,0.5623937,0.1635207,0.73621535,0.683354,-0.7352056,1.2680687,0.6046884,0.25987643,0.64372045,-0.03272774,0.6264226,0.5877741,0.5322786,-0.3087822,1.3505554,-0.88691914,1.3016814,0.24820854,0.4695606,0.48133096,-1.6793678,-0.684856,-0.5132807
Sephardic,-0.29397637,-0.68220985,-0.5525963,-0.44709104,0.8640185,-0.67620313,0.82070744,0.07238051,-0.54305184,0.57186055,0.7285469,0.67834413,0.30887526,-0.10567858,-0.3211351,0.15221511,0.12686147,0.7043724,0.016018996,-0.56720614,-0.69100803,-0.7011228,1.2668252,-0.09772457,0.8485247,1.1935077,0.04334344,0.45981064,0.33252743,-0.6292241,-0.13087955,-0.4885012
Brutal_Death_Metal,-0.1769476,-0.3086326,0.71634847,-0.8016364,0.14180014,-0.5266875,0.54192233,-0.3358516,-0.2491558,-0.28641537,-0.41397235,0.11450816,0.037768487,-0.42134848,-0.70270604,0.13227616,0.27632973,-0.72955894,-1.5828743,-0.059065115,1.050665,0.75848323,0.6642529,0.6505679,-0.33532807,-0.15406692,0.5604205,-0.58053523,0.17820361,0.12707594,-1.4228429,0.63635445
Joropo,0.4313034,-0.35548037,-0.25011545,-0.8884576,-0.16809988,0.88977027,1.5083847,-0.88787615,0.33144295,0.4563373,0.60617614,-0.1505959,0.6116258,-0.8838816,0.26690668,0.5765489,0.11001027,0.46291488,-0.6680662,-0.766962,0.9162352,0.28199667,0.779744,-0.03588035,0.40792587,0.27171,0.9558462,-0.20998056,0.26826525,-1.2536848,0.49007273,0.7486631
Basque_Music,0.07824032,-0.3746327,-0.7513618,0.0071457545,0.40706456,-0.24558991,0.6841493,0.08441403,-0.57367253,0.65818805,0.44412148,0.42322963,0.17442273,-0.12012261,-0.40461525,0.09723279,0.2199797,0.50694764,0.1325797,-0.2021283,-0.07123721,-0.045203853,1.349145,0.09201404,0.70501953,0.5857261,-0.2719679,0.34977722,0.19897626,-0.24017929,-0.24215905,0.32117784
Post-Grunge,0.10206589,-0.5315689,0.64331514,0.3812945,0.3706327,0.36505312,0.16790485,-0.10972596,-0.20703442,0.13553487,0.14296399,-0.48995033,0.79028,0.28726733,-0.56867677,-0.9559495,1.0722431,0.16101874,-0.12417139,0.19576229,0.6884673,-0.34333372,-0.31204072,0.121311545,0.5608379,-0.5900541,0.279983,0.37063488,-1.0575861,0.21698117,-1.0896269,0.3644301
Chamamé,0.5232922,-0.38569248,-1.2344788,-0.6939345,0.05830196,0.5238659,1.2489754,-0.34267986,-0.3991669,0.87004495,0.81115204,0.51001316,1.0942035,-0.28815496,0.344245,0.09942321,-0.23415315,0.6813583,-0.14701003,-0.4372768,0.23795559,0.38766012,1.3983865,-0.7995508,0.7497253,1.0897052,1.6432306,-0.40298402,-0.07975251,-0.23608282,0.1843359,0.82247704
Liscio,1.0459619,-0.3299167,-0.8013399,-0.8080471,-0.13103345,0.50926065,0.97491676,-0.05369522,-0.04700376,0.24925111,0.9995549,0.5445293,0.017635066,-0.07381265,0.24046129,0.06357152,-0.63398826,0.34831014,-0.41712734,-0.08125444,0.39747158,0.41980135,1.0906279,-0.3946136,0.55687636,1.2064662,0.6279389,-0.15043943,0.15398711,-0.24922223,0.058399327,0.3361634
Reggae_Gospel,0.38737252,-0.12463805,0.82386994,0.45323542,0.79278815,-0.2821022,0.1975159,-0.19933333,0.16880219,0.92051744,-0.4086969,0.18410613,0.7448635,-0.9717664,0.5775162,0.5823854,-0.00093917124,0.78391445,0.69383335,-0.040182542,-0.020362847,-0.26295608,0.1120899,1.1366137,-0.26828986,1.330485,-0.012657457,0.6967771,0.47118872,-0.93421006,-0.31781456,-0.13693117
Phonk,-0.41005698,0.5148565,1.0920658,-0.3018838,0.2262444,-0.6098466,-0.30504403,-0.7148507,0.5697393,-0.45243883,0.47701746,-0.65179414,-0.3601443,0.05757631,0.56428283,0.05832156,-0.43224537,-1.010551,-0.013971659,-0.14923514,0.70751154,-0.7172383,-0.029385358,0.6983097,-0.024542209,0.010910827,-0.0378393,0.58140934,-0.021437071,0.82821774,-0.561888,0.15593764
Deconstructed_Club,-0.11001997,0.6636026,0.92281353,-0.17037985,0.40195367,-0.12694916,-0.29358488,0.050022323,0.51024747,0.40345892,-0.6620794,-0.6244013,-0.01045013,-0.34669572,0.8299017,-0.25098428,-1.5096515,-0.7100521,-0.41994968,-0.25557333,-0.019574234,-0.626742,-0.668669,-0.5957139,-0.5500554,0.16609927,0.070423685,0.54024684,-0.2967877,1.1270877,-0.08618294,1.1874183
Brass_Instrument,0.15475254,0.15931538,0.46773252,-0.6308934,0.0031251793,0.22195573,0.3430222,-0.6504261,1.190192,-1.0705378,0.21298458,-0.8870909,-0.26315695,-0.47930554,0.37100953,-0.7133368,0.7737804,0.05034927,0.25889492,0.034378514,-0.13414033,0.3692745,-0.25914398,-0.07440156,0.9145799,0.5295916,-0.78716016,0.9017496,0.46112487,-0.55653423,-1.3204058,0.4502505
Funaná,0.2785666,-0.36541125,0.54958755,-0.40000963,0.1687575,-0.3083236,0.96377635,-0.0849306,0.11707725,0.503497,-0.5304232,0.1328214,-0.0727681,-0.49449977,0.98480344,0.34191468,0.539743,-0.104597755,-0.28989515,-0.6040925,-0.99010307,-0.42071822,0.73669285,0.8131052,0.10856257,0.8256011,0.43316567,0.41321924,0.33132815,-1.5895426,0.17060524,0.59453887
Nueva_Trova,0.25681895,-0.38199592,-0.5235276,-0.36378935,0.10816849,0.31880197,1.0931501,-0.67105895,-0.101985954,0.5637385,0.65841234,0.053259615,0.4946673,-0.92258906,-0.26433542,0.5350154,0.14099437,0.41166165,-0.7176528,-1.2855005,0.7972884,0.19942047,0.9633469,0.07412554,0.72969866,0.47644076,1.0573409,-0.34926328,0.38628095,-0.87471,0.586457,0.44246867
Barbershop,0.1486611,0.013640795,-0.03630124,0.11953098,0.09711073,-0.5875227,0.29624417,-0.03815053,-0.6186731,0.048139267,0.8426887,-0.26786909,-0.38022482,-0.23961426,0.19753172,0.20797203,-0.6793979,-0.13869387,0.3494569,0.15417135,0.30799878,0.8439799,0.64880925,-0.0034090797,0.22669479,0.58970046,-0.2517702,1.1348823,0.4813374,-0.26458028,-0.3079972,-0.17239709
Comfy_Synth,-0.28087506,-0.61302567,0.07926859,0.08603488,0.30123672,-0.23758726,-0.17399679,0.24730457,0.5658612,0.086035885,0.43690664,0.75311524,0.029320491,-0.56194884,-0.56555337,0.24135084,-0.44023934,-0.59739083,0.32671425,0.38336214,-0.7081164,-0.5739259,0.87549275,-0.3914815,-0.26987192,-0.1843417,0.19521323,0.029308237,0.8979716,0.5289269,-1.0453638,0.15198949
Magnificat,0.22614598,-0.4617692,0.30965802,0.0057345657,0.61023265,-0.61549634,0.5613389,-0.1673628,0.3524348,0.21719164,-0.34240857,-1.0049738,-0.088472165,-0.7684912,-0.058622956,-0.49180993,0.24191718,-0.1854681,0.4480425,-0.54585123,0.030973077,-0.5624099,1.0495894,-0.33720502,0.93105716,0.05977105,-1.6564336,0.7920392,0.8021419,-0.9742355,-1.7665781,0.0023790298
Britcore,-0.21111946,0.61418235,0.74459416,0.043781504,-0.12070013,-0.006202331,0.053763054,-0.8958246,0.78535545,-0.58704346,-0.6036189,-0.34340325,0.11198957,0.10323225,0.8986125,0.21203285,-0.45337114,-0.30792293,-0.26633865,-0.80380565,1.0338184,-0.65742904,-0.7386305,1.1584994,0.40519807,0.5383988,-0.06867979,0.891082,-0.22276098,0.9035591,-0.8352015,-0.25301912
Persian_Classical,-0.16531238,-0.15224098,-0.7040637,-0.65105635,0.64117926,-0.8661736,0.4224204,-0.25461033,-0.3478424,0.6286747,0.47371203,0.5202684,-0.08448358,-0.5903454,0.29000035,-0.12793644,0.27306545,0.5278615,-0.3151217,-0.7836159,-1.3090098,-0.6276509,0.76475954,0.392263,0.41010028,0.78265893,-0.12402527,0.4757339,0.30030304,-0.28776628,0.052117124,-0.039635777
Banda,0.19233169,-0.2853234,0.025585067,-0.1872189,0.17184278,0.64079857,1.0709039,-0.38220483,0.20112541,0.15155742,0.32856348,-0.71698457,0.87750876,-0.15558244,-0.030082207,0.20667696,-0.2871246,0.37398067,-0.32249874,-0.5221897,0.52603227,0.31174603,0.62168485,-0.9899182,0.6220223,0.6736115,1.3830271,0.33193952,0.14520171,-0.5837857,0.105979726,1.2049651
Mbalax,0.15361507,-0.48160437,0.4333151,-0.4998154,0.1549014,-0.40243196,1.0891948,-0.36084777,0.03238788,0.577839,-0.45737854,0.15156414,0.034416594,-0.574757,0.9399807,0.353154,0.80823725,0.03719334,-0.40605938,-0.6619721,-1.0332309,-0.48225245,0.88346374,0.94876415,0.16981626,0.7459191,0.45491347,0.4662529,0.44868848,-1.5696528,0.2957458,0.5330571
Dub_Poetry,0.16023654,-0.084555805,0.4712315,-0.019075967,0.4534575,0.14552224,0.05524977,-0.2284421,0.85202944,0.5608395,-0.58452654,0.9424073,1.0786875,-0.24504006,0.8107652,0.13566183,0.12972854,0.95299846,0.11650037,0.024021495,-0.1243042,-0.69565713,-0.06524313,0.9276839,-0.1806368,1.1333201,-0.10363928,0.40788066,0.52469736,-0.44479775,-0.6361949,-0.046133082
Qawwali,-0.3956647,-0.74684536,-0.11785572,-0.61159724,0.8620672,-0.81913817,1.1869828,0.14415622,-0.038255878,0.5260326,0.32339904,0.6652456,0.18568505,-0.74165,0.49228436,-0.1660254,0.070976004,0.980853,0.09576686,-0.33231843,-0.778691,-0.54857445,0.3590559,0.81026447,0.44118634,0.13650349,-0.6037608,0.40322083,0.68596816,-0.19606766,-0.23588741,-0.53477824
Ryūkōka,0.22752325,-1.0352134,0.5109421,-0.435128,-1.0355641,0.33818457,0.76945096,0.7332543,-1.1665552,0.18216112,0.64872736,-0.4984037,-0.24539621,-0.38573447,-0.38908184,0.55568707,-0.64935344,0.15378058,-0.40804824,0.6254483,0.15718612,-0.389445,0.030852897,0.5029875,-0.18647218,0.4291705,-0.08610054,-0.26515394,0.6845833,0.077709384,-0.030898077,-0.2965683
Divertimento,0.14222471,0.21667701,0.39162293,-0.5481754,-0.14784142,0.44368717,0.9591293,-0.4949342,0.7886199,-0.53990245,0.034212593,-1.1513559,-0.53714764,-1.1145046,-0.29013255,-0.92198765,0.5530804,-0.31590465,0.037980705,0.56232303,-0.42282423,0.5377005,-0.44571188,-0.37254003,0.6509275,0.7337047,-0.6093678,0.80639905,0.21441457,-0.9068765,-1.3270268,0.3973531
Favela_Funk,0.16419463,0.101197444,0.938969,-0.7510019,0.22545841,-0.054923356,0.14654967,-0.25596747,0.44917682,0.5195069,-0.9134471,-0.55312014,0.02666235,-0.1276296,0.74702716,0.5385568,-0.56617445,-0.31287685,-0.041142464,-0.78049177,0.6687003,-0.55144984,-0.54157674,0.36794156,0.095366046,0.30756128,0.40201187,0.38535097,-0.7058771,0.5634433,-0.14007288,0.5931504
Luk_Thung,-0.11415091,-0.1879652,0.5617323,-0.22359353,-0.40764746,-0.115376174,0.7359237,0.18170568,0.10766274,-0.10525715,0.33110565,0.2990979,-0.01701932,-0.64423245,0.093383946,0.20915288,-0.01330515,0.30674648,-0.28241506,0.44740114,-0.130904,-0.27512294,0.18371306,0.71396154,0.13116962,0.40322015,-0.053092256,0.030904165,0.22542544,0.096938714,0.2649159,-0.283067
Hypnagogic_pop,0.29805154,0.25633448,0.75483036,0.41398683,-0.053507406,-0.3418487,-0.8931473,-0.03535664,0.0071017053,0.05972101,0.64775515,0.17689341,0.09006419,-0.30503854,0.014435984,-0.059805803,-0.34600043,-0.13718152,-0.19437073,0.31843588,-0.110576406,-0.7346218,0.30794787,-0.611174,-0.2532613,-0.69190586,0.5395039,0.16212116,-0.06026567,0.059899334,0.17652386,0.26796287
Maloya,0.54187596,-0.2669897,0.10420314,-0.40727592,0.31179214,-0.40368044,0.5788783,0.15314835,-0.33112168,0.7616908,-0.08803301,1.0260378,0.27014866,-0.50095975,0.60612965,0.045557044,0.82302815,0.28507236,0.11012429,-0.38396606,-0.58944875,-0.21915048,0.46009114,1.0783399,-0.1217807,1.0776526,0.57576084,0.00033848773,0.092714794,-1.2547411,0.42738438,-0.38869724
Hard_Beat,-0.5616459,0.026762579,-0.0035884613,-0.30065566,-0.408922,0.63933176,0.6358286,0.20359418,0.53486705,-0.021827752,-0.6041519,-0.106342494,-0.41028515,0.3166394,0.37977383,0.03248399,0.260599,-1.1928098,-0.9625209,-0.119994774,-0.12293886,0.16207457,-0.15114371,-0.77142054,0.048683003,0.6045422,-0.48387605,-0.7091519,-0.22237226,-0.2357039,-0.05198291,-0.73770463
Stride,0.23008054,0.07688586,-1.0190125,-0.6564094,0.22612771,-0.96375525,0.891853,-0.18509087,0.12064133,-0.7358426,0.8803366,-0.62111074,-0.33343756,0.5244799,0.5935915,-0.4898598,0.42859808,0.08661497,-0.1883609,-0.0855976,0.70380527,0.96883875,-0.23225811,0.5081713,-0.47464874,0.7170528,0.5849961,1.1528238,1.0045751,0.055988915,-0.47615317,-0.099853165
Milonga,0.385837,-0.5170108,-0.8545296,-0.8176173,-0.22525279,0.77258044,0.94128937,-0.4662874,-0.22178419,0.46711686,0.75144744,0.4050406,0.4869219,-0.3621236,0.18320717,0.28147474,-0.1596352,0.82861614,-0.27106187,-0.55351096,0.24892206,0.3816045,1.1129425,-0.48312703,0.7271078,0.80176175,1.2025056,-0.21044673,-0.10674067,-0.45675167,0.069783,0.63421595
Electro_Swing,-0.17517765,0.028289167,-0.47499907,-0.7754592,-0.5577076,-0.4767742,0.12713791,-0.20866688,0.3339373,0.122337386,-0.4052017,0.018385997,-0.30242655,0.029284474,0.5557746,-0.07281629,-0.3056273,0.49688667,0.34390768,-0.47769067,0.55835134,-0.005955616,-0.39516214,-0.45288968,-0.50134224,0.20665823,0.9203017,0.042327017,0.12300355,0.15861574,0.04268666,-0.1427978
Hyphy,-0.0451743,0.39445147,1.1369612,-0.28405035,0.5289988,-0.47380838,0.21089378,-0.8076875,0.42397967,-0.39695293,-0.013827192,-1.0618104,-0.29330367,0.14504132,0.54931206,-0.08962535,-0.11936966,-0.43269107,-0.25408378,-0.18233699,0.9931518,-0.93418837,-0.10373865,1.1232522,0.16717668,0.33310962,-0.1895574,0.6888711,-0.49630243,0.5910978,-0.78824687,0.28926668
Sport,-0.122131646,0.7236805,0.40503874,0.32579726,0.71604204,-0.5921293,0.7640062,0.35915878,-0.5431931,-0.16634223,0.6044748,0.36816892,-0.74965465,-0.9597232,-0.0019221959,0.5040202,-0.49990517,-0.4251954,-0.8130385,-1.0289611,-0.18532835,0.51293474,0.16479015,0.59263027,-0.007969345,0.38449627,-1.0143592,0.7842674,-0.35600594,0.093331784,0.41022357,-0.108344026
Andalusian_Classical,-0.15614863,-0.30997813,-0.696658,-0.3826778,0.7922706,-0.4700029,1.0981239,-0.14247021,-0.7877532,0.5020682,0.49034426,0.42484036,0.2288313,-0.50438124,-0.47665173,0.16588034,0.35656998,0.24758278,-0.027521266,-0.7576473,-0.61567724,-0.79832834,1.2166778,0.04298179,0.67969304,1.0311997,-0.0075254897,0.1674921,0.3306853,-0.9713199,-0.28769845,0.09489409
Anarcho-Punk,0.34263188,-0.1714822,0.36680377,0.28919196,0.20244326,0.3244649,0.07581891,-0.06743531,-0.13608743,-0.054116126,0.17049798,0.43166357,0.46340355,-0.06531794,-0.004531322,-0.1459474,0.55251235,-0.7729021,-0.51696354,0.3671802,0.63679945,0.7504092,0.0153418165,-0.041902535,-0.26376092,0.07996209,0.4718842,-0.13916644,-0.06629534,-0.46691722,-0.8116479,0.11819372
Aguinaldo,0.8389813,-0.11553573,0.27872294,0.5599207,-0.41931736,0.075331144,0.8670448,-0.34062895,0.33825383,0.08366925,0.54603195,-0.026105192,0.38896275,-1.8796817,-0.23209134,0.8272515,-0.10726254,-0.106475286,-0.54545605,-0.64006215,1.542972,0.053584736,0.47279885,0.0096246125,0.26675925,1.110397,0.44506136,-0.14743106,0.75228035,-1.4086443,-0.066497944,0.36694634
Nhạc_Vàng,0.60595727,-0.48612583,0.24669825,-0.32792497,0.11875488,0.078013584,0.40197676,0.03420632,-0.23543689,0.20392917,0.5148948,-0.34921902,-0.1073138,-0.2791976,-0.0024617242,-0.12692088,-0.22698769,0.2888488,-0.35668245,0.07797252,0.15008916,0.1338205,0.34185657,-0.16603427,0.14715071,0.31885,0.38262033,0.1047531,0.37950408,-0.1318085,0.524473,-0.22574668
Serial,-0.0823698,0.49834442,-0.4164616,-0.6944077,-0.10410018,-0.3660899,0.4336738,-0.14878967,-0.24622701,-0.507371,0.54654396,-0.5860217,-1.0077721,-1.0690776,-0.51748455,-0.6466971,0.5272644,0.058965974,0.18968417,0.03551468,-0.3379361,0.063334875,0.031581473,-0.7982993,0.59110975,0.49920845,-0.6963011,0.6509769,-0.19800827,-0.26466513,-1.2058153,0.7604939
Caipira,0.107780665,-0.10859244,-0.57912797,-0.30206254,0.41717628,0.43836758,0.71643203,0.048757594,-0.1759702,0.60562444,0.57167023,-0.092962086,0.7091118,-0.5826731,0.57417357,-0.053478565,-0.45027557,0.36609748,0.39434135,-0.0780468,0.31274658,0.5563034,0.80118626,-0.29908746,0.71761966,0.6342569,0.8111038,-0.47573173,0.28231063,0.02917641,-0.0018705719,0.7943192
Galician_Traditional,-0.6109809,-0.37591627,-0.4901066,-0.22081676,0.82052934,0.008003756,0.5825704,0.10757432,-1.0718924,0.55355924,1.2114155,0.59399456,0.4820201,-0.009199636,-0.22806874,-0.3388293,-0.21170728,0.5295716,-0.10164078,-0.49463978,-0.01919845,-0.10466258,0.7914049,-0.029421356,0.43102428,0.98807377,-0.32408044,0.2646501,0.41254675,-0.83517283,-0.43223685,0.029467367
Jota,0.29455265,-0.30287617,-0.8540745,-0.591047,0.49178135,0.24428111,1.1178699,-0.15636455,-0.22692645,0.37679225,0.9986186,0.32002944,0.248739,-0.27204147,-0.3334635,0.16545837,-0.07978099,0.42656583,-0.13798496,-0.7027151,0.15708649,-0.21864702,1.1530927,-0.097212955,0.78136194,0.8387653,0.15375857,-0.12150841,0.16520745,-0.60366017,-0.09325324,0.2101881
Arabic_Pop,0.11792119,-0.53219736,0.08135199,-0.55696917,0.37458304,-0.19337241,0.47554198,-0.25991738,0.2740286,0.66336143,-0.12317019,0.58716196,0.26593778,-0.16694924,0.7703278,0.33562252,0.35143363,0.1945059,0.021048248,-0.47613493,-0.5222989,-0.78785145,0.3219989,0.5818904,0.19154899,0.96488947,0.5644096,0.18482141,0.020155603,-0.49751705,0.30607268,-0.38497648
Hiplife,0.053119138,0.387562,0.9289269,-0.10259419,0.4090146,-0.5118725,-0.002082075,-0.6400761,0.32215232,0.04247153,-0.10888461,-0.34623152,-0.03033834,0.15145807,0.676033,0.2960122,-0.37183762,-0.43685353,-0.10841531,-0.55648005,0.8036925,-0.87009233,-0.36141473,1.2089213,0.32292306,0.5475144,0.029065724,0.8110879,-0.40365785,0.56222135,-0.5589461,0.11483615
Medical,-0.06517323,0.37271142,0.12260299,0.32240722,1.0692277,-0.31806037,1.2101257,0.089080326,-0.15398751,-0.42390013,0.6457262,0.54891485,-0.7465498,-1.0580657,-0.18368846,0.23229557,-0.3297378,-0.4253192,-0.7566053,-1.1736908,-0.08795716,0.2943894,0.5307179,0.40857282,0.2681158,0.42705488,-0.9701234,1.0524849,0.09268046,-0.32568446,0.011684237,0.080910265
Vocaloid,-0.48126665,-0.7116902,0.7684357,-0.27224955,-0.19911437,0.20356224,0.056651756,0.7564672,0.11387332,-0.25129855,0.44071862,-0.57075477,-0.062490925,-0.1951102,-0.48674047,0.12287216,-0.18829124,-0.26311228,0.260113,0.34711698,0.2790739,-0.7689759,-0.7299924,-0.32650807,-0.21556324,0.05275192,0.6696877,0.3092245,-0.7057829,0.35359022,-0.5739248,0.3693282
Future_House,-0.7035694,-0.21153837,0.40760183,-0.21698345,-0.40483376,-0.1556994,0.14231573,0.3787551,0.85309887,0.3948699,-0.45838428,-0.8120299,-0.13143845,-0.3423993,0.5759064,-0.31065038,-0.6461738,-0.52824366,0.18111718,-0.04901643,0.43787667,-0.11145217,-0.22840606,-1.1950552,-0.023989733,0.08178788,0.2391171,-0.2567604,-0.17412509,0.050978236,0.07739641,0.08758743
Nerdcore_Techno,-0.7748045,-0.8375636,-0.07567461,0.09828763,-0.2930816,0.7093694,1.0470707,0.3335951,0.6088259,-1.0849138,-0.27255228,0.6628547,0.099168815,-0.6737119,0.42345762,-0.074661314,-0.2767066,-0.6839496,-0.6079911,-0.4341328,0.3567289,0.5241903,-0.49997124,-0.00012567625,-0.0269719,0.58866566,0.882183,0.11194965,-0.3125757,0.589337,-0.6488041,-0.65176344
Candombe,0.3403286,-0.41323555,-0.34685504,-0.46524957,-0.27244845,0.66534305,0.8636801,-0.42926025,-0.44858775,0.72668284,-0.10705582,0.35090095,0.4151203,-0.34407303,0.12770423,0.2837699,0.40621644,0.8123766,0.3168295,-0.60680425,0.025216185,0.41494232,0.68309397,0.33172828,0.45300752,0.34301707,0.8885538,-0.37487876,0.12869437,-0.6490904,0.28428963,0.6627472
Cretan,-0.020901024,-0.24254864,-0.5275121,-0.30858043,0.8109999,-0.53553873,0.77451247,0.28606617,0.043213345,0.38677347,0.81028056,0.28645343,0.42839956,-0.12143438,-0.27537116,0.35978574,-0.40247557,0.4489187,-0.28524968,-0.10751495,0.32196558,0.03954691,1.0039573,-0.11588844,0.35174465,0.5633462,0.2065701,0.16981325,0.2459422,0.1209535,-0.11929434,-0.13241884
Cantorial,0.66654557,-0.035532128,0.31336445,-0.13731828,0.6195742,-0.82163,1.009928,0.18110353,-0.48386535,0.41597116,0.5964874,-0.2902421,-0.0810918,-0.1706622,0.06581401,-0.11893135,-0.37035784,0.0891174,0.41224942,-0.9023583,-0.18156984,-0.37217748,0.76021636,-0.25959146,0.29809016,0.21035022,-0.84491503,0.46044707,0.5460005,-0.9004529,-0.6118194,0.488022
Vaudeville,0.5217498,0.11015973,-0.3821633,0.04597402,0.646144,-0.21780786,0.90631676,0.15179874,-0.57436216,-0.305234,0.7993619,0.062089372,-0.6416647,-0.25775337,-0.032782126,0.35479018,-0.85817635,-0.14436013,-0.3132233,-0.058619108,0.4421018,0.6628385,0.47612932,0.43889877,-0.28514788,0.46340084,0.058132887,0.6140037,-0.0796416,0.09092049,-0.22604346,-0.2197185
Te_Deum,-0.023359252,-0.45393062,0.012202744,-0.089396,0.16553208,-0.46805835,0.41555384,-0.40194193,-0.090719,0.30914956,-0.14803171,-0.7796972,-0.43797386,-0.68226576,0.06491318,-0.25165355,0.007486229,-0.30334887,0.19377561,-0.27212462,0.080011494,-0.016448092,0.8408973,-0.29342163,0.8972523,0.40513712,-1.127942,0.861564,0.35780147,-0.7056528,-1.4316311,-0.23970598
Marimba,0.20160563,-0.2542954,-0.081096604,-0.8056095,-0.38659105,0.56568325,0.86921054,-0.64045084,0.16593301,0.38567266,0.50743127,0.22614056,0.5478198,-0.35948962,0.43644196,0.36506808,-0.23176034,0.6341163,0.10965249,-0.67125887,0.4588834,0.34471723,0.52497965,0.070478834,0.48424667,0.42068672,0.8814407,-0.032123175,0.43029442,-0.6075712,0.38552874,0.89954776
Midwest_Emo,-0.12667778,0.3121945,0.34933022,0.5855888,-0.29420584,-0.23022921,0.19426525,-0.4311374,-0.03430007,0.26170716,0.73969585,0.48029378,0.6275365,-0.042645436,-0.8055997,-0.68518865,-0.055598475,-0.18895231,-0.35047853,0.46523273,0.791573,-0.13084991,-0.25060368,-0.59845585,0.024154209,-0.17758526,0.9358043,0.6349403,-0.47059062,-0.41309544,-0.85189736,0.06967094
Beatbox,0.0318766,0.2526295,0.47697085,0.06553468,0.2558575,-0.13745971,0.24771893,-0.23595473,0.17540526,0.02828557,-0.046510495,-0.40586215,-0.050429735,0.0690979,0.52986723,-0.015240931,-0.37698266,-0.3098078,0.16148336,-0.38606727,0.56298,-0.25742558,-0.23030417,0.6466419,0.0118900025,0.3031621,-0.005160674,0.6373581,-0.35581714,0.3119038,-0.19584692,0.05684712
Jersey_Club,-0.48267972,-0.07614797,0.67241246,0.057130266,0.16339242,0.052214913,0.54626596,0.19020402,0.76227814,-0.31358227,-0.30724317,-0.0893865,0.09500336,-0.516101,0.37815937,0.13556103,-0.98168314,-0.5595632,-0.24661025,-0.37048134,0.4536358,-0.28339434,-0.67755944,0.01807586,-0.20663013,0.41343632,0.66708046,0.225912,-0.31480804,0.6578886,-0.28199586,0.22536251
Classical_Guitar,0.14111558,-0.17622668,0.08837037,-0.45215008,-0.23087206,0.06285336,0.6991256,-0.28825334,0.2796869,-0.55721277,0.13844016,-0.7620246,-0.60763043,-0.65381646,-0.3112578,-0.61172515,0.68252605,-0.095803075,0.056609903,-0.18349448,-0.26771995,0.25520188,-0.13310121,-0.67389387,0.8388394,0.43559167,-0.59101975,0.4659999,0.25643083,-0.5343677,-0.94815344,0.56512064
Marcha_Carnavalesca,0.4147439,-0.61413044,0.122115195,-1.2807981,-0.7865688,0.6840127,0.6936941,-0.1396204,-0.395112,0.41644102,0.302242,0.37185833,0.12544881,-0.7503282,0.7038193,-0.03599379,-0.088207945,0.42937598,0.3615853,-0.40803933,0.25108755,0.7437795,0.7078334,0.0598916,0.6879805,0.0890232,0.7793189,-0.45692262,-0.04712111,-0.24972735,0.01913236,0.65543145
Zemer_Ivri,0.40079913,-0.26931092,-0.2813084,-0.117928885,0.3091121,-0.21106948,0.4438196,0.14454214,-0.18241103,0.36237085,0.66644645,0.13696718,-0.08137442,-0.111809924,-0.06216294,0.16689254,-0.13941604,0.16131055,0.010629707,-0.0075279395,0.16896115,0.25102144,0.7857083,-0.013381442,0.50806886,0.5582823,0.1911468,0.015486926,0.0987141,-0.069851935,0.2235651,-0.17141178
Break-In,0.5859213,0.54337794,0.37561923,-0.0077200774,0.32986858,0.11542506,0.918021,0.01258865,-0.6814406,-0.23907608,0.7365459,-0.03232727,-0.8070791,0.17560984,0.62334985,0.51266885,-0.9822485,-0.5886121,0.009041779,0.090105094,0.88480794,0.7918448,0.30582327,0.588597,-0.09786258,0.04696837,-0.58874744,0.65192235,0.17149323,-0.3082272,0.14085735,-0.08888124
Baltimore_Club,-0.583697,0.075754814,0.35127136,-0.1473,-0.28597632,0.25673947,0.38726604,0.0016937034,0.47265115,-0.20734069,-0.8528879,-0.50451875,0.018190764,-0.18042828,0.5751229,-0.19572356,-0.42244074,-0.45171294,-0.19209856,-0.42427328,0.51768786,-0.13672848,-0.5052947,-0.28443488,-0.3383693,0.5294097,-0.038652055,0.5949132,-0.08067323,0.27488357,-0.3391389,0.12042779
Synthpunk,0.238229,0.08051607,0.57610935,-0.04421658,-0.014330509,0.41785246,-0.16136809,0.17618613,0.06752206,-0.10562981,0.10696125,0.18845876,-0.05937504,-0.015251595,0.00026806258,0.15904501,0.36066717,-0.724702,-0.6878285,0.5201115,-0.05811118,0.08783934,-0.24294119,-0.55018425,-0.5885234,-0.010563192,0.13785589,-0.1526457,-0.2098847,-0.11104514,-0.1624835,0.25751248
Mo_Lam,0.062607765,-0.46713552,0.08747638,-0.27909645,0.30367687,0.11064319,0.57952386,0.05655637,0.15942882,0.11783455,0.52525824,-0.098779865,-0.044820245,-0.48398197,0.5067027,0.34709677,0.1939328,0.17132299,-0.31485444,0.12077967,-0.08455474,-0.04939266,0.005209674,0.689153,0.1510212,0.028578494,-0.33254728,0.19798817,0.15411878,0.03784204,-0.3280585,-0.6315702
Gagaku,0.08736688,0.12104712,-0.9028065,0.024578644,0.17881013,-0.6318464,0.18361484,-0.013256268,-0.603263,0.25134742,0.7331496,0.31294554,-0.11220354,-0.7153525,-0.03906249,-0.23688349,0.42564905,0.5470215,-0.43520778,-0.3786441,-0.5032782,-0.28188312,0.8780215,-0.1356654,0.27008417,0.90324694,-0.4538517,0.27356607,-0.030579457,0.040969416,-0.14090736,0.46691543
Hyper_Techno,-0.615112,-0.7269843,0.026710749,-0.39357433,0.017226385,0.105709955,0.5475802,0.35207728,0.77076745,-0.072071195,-0.36810058,0.139636,-1.0304366,-0.04102782,0.114528455,-0.18997726,0.17667475,-0.94607544,-0.061764754,0.14735945,0.37023744,-0.0031800899,0.026504602,-0.19260944,0.16138399,0.40995032,0.33332574,-0.21823953,-0.88345134,-0.41760284,-0.18621261,-0.8236015
Skweee,-0.54798967,0.35893282,0.53765285,-0.19673285,-0.011822152,0.034459505,-0.13909537,0.15658148,0.63481754,-0.3686891,-0.40644693,-0.026370367,0.090961695,-0.45208204,0.81931114,0.13988476,-0.7651799,-0.37650183,-0.56934804,-0.16417176,-0.016475195,-0.42078,-0.49191797,0.32085994,0.055922568,0.11901285,0.056139078,0.28523576,0.11383071,0.468733,-0.17183594,0.19267322
Public_Service_Announcement,0.19296959,0.3811014,0.33180428,0.24749435,0.84636354,-0.20616516,0.8518675,0.18594015,-0.44253075,-0.5356377,0.43551895,0.38897875,-0.72376686,-0.7179351,-0.040668063,0.4257751,-0.48891523,-0.4211311,-0.5833032,-0.948101,0.08370527,0.3019387,0.1099117,0.547917,0.054848727,0.48021218,-0.6548116,0.78205794,-0.11009576,0.0073909364,0.07053061,0.29142913
Occult,-0.15151837,0.23004575,0.40621558,0.034400426,0.57152104,-0.50593626,0.50180024,0.1279676,-0.23728068,-0.2080739,0.7339939,0.08174719,-0.05612022,-0.3052601,-0.02614395,0.055998567,-0.141869,-0.27779934,-0.27167594,-0.44627047,-0.17191692,-0.09660777,0.70391816,0.24478143,0.07803853,0.03767194,-0.7133879,0.18239373,0.37894583,-0.055131786,0.047671545,0.44745457
Ballroom,-0.44658414,0.15628412,0.0605625,-0.15516871,-0.08503726,-0.13670482,0.27311242,-0.086739555,0.4940583,0.429969,-0.72200286,-0.7443123,-0.08400323,-0.25362214,0.28329718,0.015012581,-0.35662997,-0.5537688,-0.19343989,-0.42947906,0.2778209,-0.07869329,0.17792894,-0.5655887,0.10844185,0.4474552,0.11706997,-0.34117633,0.18952283,-0.29389113,-0.079213694,0.027549282
Salegy,0.43121973,-0.32390666,0.10023984,-0.41804248,0.30050543,-0.42180797,0.5643011,-0.014557149,-0.19725248,0.4618225,0.13529979,0.44051734,0.11436417,-0.27395654,0.57543826,0.0033431703,0.4138071,-0.039744087,-0.28348354,-0.30080447,-0.4309736,-0.19819131,0.7126282,0.6724104,0.082869984,0.6255225,0.36266166,0.157808,0.16759062,-0.93418497,0.27202708,-0.006120686
Sonero,0.3280716,-0.26792783,0.2559215,-0.47145915,-0.73245233,0.4467773,0.90554076,-0.94437695,0.16688001,0.27894783,-0.2769725,-0.40533528,-0.041336518,-0.39491674,0.11594069,0.39441445,0.4644391,-0.05175143,-0.48043445,-0.6119874,0.69185466,0.18300246,0.32005578,0.15293357,0.36124572,0.28172863,0.4708859,-0.20859112,0.5227831,-0.6683409,0.14795381,0.36842832
Progressive_Bluegrass,-0.12623112,-0.037290186,-0.5694874,0.57997394,0.44115123,-0.66069525,0.34767783,0.21746373,-0.85484433,0.5596811,0.71080554,-0.3359539,0.7445546,0.078277126,0.52964747,-0.53186494,-0.32843733,0.35559812,0.3289974,-0.36734423,0.029266488,0.7342227,0.21964362,-0.022128282,0.14212777,0.68591005,0.13984002,0.31167078,0.1556617,0.09578326,-0.5631191,0.4470295
Cuatro,0.31085652,-0.14285675,-0.019679463,-0.40133172,-0.18631425,0.40860903,1.0822691,-0.7003356,0.33085534,0.39122778,0.42768374,-0.06446508,0.3729769,-0.7788493,0.050822888,0.5473711,0.14279994,0.15280661,-0.4689367,-0.71362895,0.7589982,0.10802476,0.52011377,0.00556638,0.26404637,0.45025945,0.5874258,-0.19217506,0.35711884,-1.0422835,0.015131126,0.6538945
Microhouse,-0.3174335,0.39866567,-0.5296639,-0.16019821,-0.22024025,0.505311,0.12835044,0.29468837,0.69115555,0.72700113,-0.63558996,-0.71117985,0.06170597,-0.16195229,0.09019688,-0.10774386,-0.4123417,-0.19269001,-0.40655145,-0.15169768,-0.45565528,0.335164,0.29386654,-0.8193996,-0.0014430428,0.12487595,-0.4661435,-0.2026614,0.30984724,-0.50023603,-0.096038505,0.18098193
Future_Pop,-0.3839859,-0.2791407,0.67760664,-0.514389,0.1432272,0.45821735,-0.33428648,0.26842928,0.051035445,0.13065805,0.2761303,-0.31682792,-0.4611803,0.18024415,-0.057091326,0.25328565,0.16111706,-0.4230706,-0.38115254,0.044556506,0.093246385,-0.3914405,-0.12188248,-0.49262148,-0.24014194,0.116307825,-0.06248917,-0.49017766,0.019383222,-0.19193661,0.12576194,0.47641024
Euro_Trance,-0.17984352,-0.59857976,0.10654501,-0.5415198,0.45302987,-0.17477207,0.9581373,0.120527506,0.57346743,0.38551906,0.12917234,-0.40259603,-0.6418622,0.19953115,0.37199175,-0.40673116,-0.1649984,-0.733707,0.11190425,0.057793744,0.4036769,-0.017770555,0.30419603,-0.41698164,0.23879582,0.39008257,0.36309415,-0.37521482,-0.3827931,-0.5097104,0.19847286,-0.5557826
Seresta,0.22254416,-0.51995295,0.085830845,-1.108722,-0.47285795,0.6588343,0.7222866,-0.27273586,-0.36098635,0.44169605,0.15283842,0.115988985,0.25720677,-0.4739163,0.5485527,0.09430993,0.033339936,0.44906044,0.42021355,-0.34900558,0.12740596,0.595081,0.5796792,-0.31984586,0.6584105,-0.18052459,0.75934947,-0.4396824,0.11509985,-0.03152521,-0.05712515,0.6819486
Waiata,0.09645077,0.47714734,-0.11272802,0.16766472,0.1118671,-0.27092665,0.42349625,-0.40633655,-0.13002694,-0.06508118,0.9172214,0.4926823,0.37878266,-0.5536236,0.5861544,-0.15339574,-0.76692283,0.61424977,0.26380128,0.120760135,0.45418668,-0.2230707,0.60355496,0.64578223,0.9517692,0.76450884,-0.25340948,0.4869214,0.34552473,-0.37816483,-0.52085656,-0.2836266
Carimbó,0.30250636,-0.3228444,0.3490449,-0.9097882,-0.30381504,0.61123395,0.80051494,-0.34528178,-0.21774542,0.63915086,-0.17587161,0.12945364,0.29255968,-0.5931088,0.69411784,0.14028129,0.030887928,0.351657,0.3510293,-0.38297036,0.054972954,0.36934012,0.6449251,0.12568328,0.48253626,-0.19179608,0.6017327,-0.20100625,0.16663297,-0.7249961,0.12789324,0.8527258
Shibuya-Kei,-0.3556562,-0.48094252,0.4088265,-0.16220637,-0.61349905,0.0765963,-0.25005594,0.3177798,-0.23093659,0.1450906,0.651546,-0.054755736,-0.21715373,0.0018333613,-0.25416964,0.19831105,-0.25699174,0.29545197,0.44665667,0.25639755,0.399082,-0.6919508,-0.6888334,-0.53119266,-0.15766479,-0.05383893,0.6896198,0.16873764,-0.3009307,-0.14503552,-0.19416839,0.030861648
Manila_Sound,0.3562405,-0.13247637,0.3873904,-0.0392258,-0.13273239,-0.18268853,0.2130561,0.21162967,-0.03956737,0.13990161,0.32060188,-0.61369175,-0.34552333,-0.095357694,0.015432968,0.18233767,-0.27247205,0.15912245,-0.11121181,0.2656161,-0.14542042,0.43195662,0.19965197,0.24935111,0.14010207,0.3544118,0.1316184,0.035692714,-0.07252166,-0.20569034,0.2585043,-0.3486216
Incidental_Music,0.14968698,-0.1364191,-0.101842724,-0.4782211,-0.035206694,0.19232735,0.38709307,-0.20026538,0.32078633,-0.46233654,0.17140515,-1.034987,-0.5649993,-0.74557644,-0.0020679333,-0.53827304,-0.026925433,-0.16223615,0.25487834,-0.025012137,-0.19847004,0.0960793,0.24726905,-0.042904247,0.5036056,0.45581803,-0.5310587,0.40023798,-0.00087548234,-0.47133222,-1.0228661,0.17170443
Jug_Band,-0.042833768,0.004015376,-0.6238764,0.38984662,0.79088575,-0.44829094,0.5640141,0.0905898,-0.34174564,0.040523995,0.30074355,-0.6943988,0.3371253,-0.11124677,0.6736767,-0.33450142,-0.13060156,-0.043051355,-0.23181364,-0.2543426,0.15888537,0.7289577,0.39661494,0.44754675,-0.034008916,0.26472226,0.28187627,0.8050963,0.35565528,-0.1446171,-0.1348803,-0.101466216
Desert_Blues,0.16490817,-0.40801525,0.041116886,-0.28844523,0.3219382,-0.28528792,0.8217124,-0.28710568,-0.10149337,0.39813825,0.0062011494,0.14767583,0.42792755,-0.41028696,0.84081286,-0.03255846,0.6925932,0.20502236,-0.4264519,-0.5911043,-0.71180254,-0.18827683,0.77006924,0.85171044,0.045684148,0.74155694,0.40424982,0.5199826,0.12401904,-1.1297301,0.29220414,0.09048803
Néo_Kyma,-0.23492225,-0.64352006,-0.16746807,-0.58274424,0.5822649,-0.5361996,1.089027,0.48423573,-0.17686146,0.32786027,0.55922025,-0.002065803,0.2419973,-0.03657968,-0.6161934,0.10349522,-0.69946307,0.40701976,-0.14966372,0.26512584,0.15170345,-0.028755074,0.75482005,-0.40090784,0.49528652,0.6227668,0.56556326,0.2186972,0.26407263,0.06517784,-0.19485,-0.54035455
Bengali_Music,-0.10200076,-0.21573997,-0.14859009,0.047572643,0.5676819,-0.6423658,0.5541952,0.071148686,0.011659717,0.26689148,0.6798234,0.3940292,0.055538785,-0.5419566,0.24484546,-0.034015186,-0.045615293,0.40025845,-0.12802343,-0.24239716,-0.29676905,-0.14696525,0.27165946,0.31489635,0.18822713,0.31438825,-0.2787084,0.19222324,0.21832168,0.24566068,-0.028950095,-0.2599762
Mugham,0.18996131,0.07012657,-0.4207043,-0.21874863,0.44144744,-0.4385669,0.39739203,0.010219681,-0.1288018,0.32931018,0.47873455,0.29371846,-0.039229713,-0.17968993,0.04576348,0.1538563,0.1804286,0.2201689,-0.067842014,-0.31600285,0.14462331,0.18431509,0.6471649,-0.09728812,0.24331263,0.5272935,-0.13164337,0.21312046,0.19826078,0.0109409345,-0.0810897,0.040400457
Lowercase,-0.2104688,0.61723423,-0.18621601,0.108206585,0.21900405,-0.017758215,-0.1378429,-0.16801412,0.40986022,0.11026257,0.18515684,0.048371527,-0.11737289,-0.4206632,-0.14714506,-0.055836197,-0.30746797,-0.46552774,-0.4321765,-0.31213143,-0.8200089,0.15446034,0.5806911,-0.029578447,0.036803264,0.056428943,-0.20422389,0.13198303,0.33299237,0.12526128,-0.106497176,0.3620208
Bambuco,0.23151936,-0.34147477,-0.0019947542,-0.4112474,-0.16616791,0.51585037,0.965855,-0.44327658,-0.0012599907,0.011143368,0.43243805,-0.072613604,0.31115636,-0.42508897,0.15559071,0.34753674,0.058012426,0.25880858,-0.29412735,-0.738374,0.34399518,0.038873024,0.52650744,-0.39374003,0.33716196,0.050954536,0.6306354,-0.12481955,0.31882304,-0.74177814,0.065251596,0.5920937
Yemenite_Jewish,-0.09489361,-0.3208274,-0.20862061,-0.31242186,0.6619905,-0.39317542,0.62832135,0.23721884,-0.15025671,0.44698596,0.48674566,0.09368309,0.22198184,-0.13100067,-0.2067482,-0.009630534,-0.0062859594,0.29035398,-0.33194172,-0.3949479,-0.12512356,-0.29870555,0.6455833,0.005124414,0.26687697,0.5420666,-0.06448527,0.24099623,0.20253614,-0.28253436,0.0856928,-0.29619813
Sámi_Music,-0.04221988,-0.107761055,-0.52807635,-0.16469538,0.5056667,-0.41980025,0.22826757,-0.26391643,-0.39688024,0.5167311,0.5263002,0.32389373,0.18089665,-0.067061394,0.014363542,0.17792949,0.17575282,0.16930538,0.06084892,-0.26809597,-0.42025578,-0.22407016,0.67074794,-0.23765048,0.23795705,0.78423595,0.3882308,0.09177067,0.09157636,-0.18634054,-0.19326079,0.11454358
Minimalism,-0.27495924,0.46011242,-0.19484207,-0.54591787,-0.10946256,-0.21790588,0.0361446,-0.13120995,0.14035596,-0.29592976,0.2853184,-0.19323705,-0.54156363,-0.63872343,-0.28609037,-0.51601064,0.5110356,0.24426839,0.13464698,0.22837503,-0.34262255,-0.14667621,0.12704764,-0.45810512,0.23068431,0.4613628,-0.3975238,0.35150528,-0.1805515,-0.20074977,-0.66439086,0.4745749
Bitpop,-0.33448383,0.11506421,0.6435873,-0.29959464,-0.26727146,0.011260909,-0.1339163,0.26732564,0.41052845,0.08099739,0.3850011,0.14581223,-0.18736307,-0.3687191,-0.1537779,0.04116982,-0.56319636,-0.5071475,0.2025879,0.5528823,0.021810235,-0.36957833,-0.18096313,-0.13693543,-0.20325072,-0.2622153,0.12318141,-0.06970675,-0.08168508,0.28757954,-0.32094342,0.10625582
Champeta,0.29151818,-0.106058106,0.6961939,-0.30348468,0.0335426,0.3309261,0.54169685,-0.4610327,0.5140067,0.5919881,-0.49788767,0.04263351,0.22761168,-0.46379888,0.3262997,0.34689957,0.16804805,-0.04531663,-0.17528838,-0.78549814,-0.18606374,-0.074551515,0.33098513,0.33324608,0.17961043,0.09368336,0.48104376,0.13424909,0.5107818,-1.3869212,0.36620435,0.64907825
Moombahton,-0.12161646,-0.3262722,0.7788671,-0.15397812,0.15635322,-0.23318377,0.30860785,-0.06245282,0.7305844,0.1459331,-0.23247424,-0.55174154,0.08029038,-0.17748028,0.62256116,-0.0017154235,-0.5053602,-0.24916692,0.0028332549,-0.22467743,0.6009467,-0.4966903,-0.13373299,-0.35777298,-0.11808453,0.47923964,0.09374034,0.05295772,-0.043470286,0.03227134,-0.26468784,0.217038
Kaseko,0.14208083,-0.21147323,0.37233663,-0.40723807,-0.041481342,0.01940876,0.69148445,-0.18892376,0.00030135276,0.28535894,-0.32309264,0.09252708,-0.06776023,-0.3935786,0.638505,0.426583,0.18483984,0.07721232,-0.08322302,-0.23846057,0.07474322,0.020901054,0.03426397,0.5813971,-0.020728752,0.39188147,0.03655812,-0.01505439,0.4132095,-0.80673695,0.07649566,0.0034001656
Kizomba,0.24339984,-0.29224262,0.42181796,-0.35692725,0.24821557,-0.29048708,0.5681127,-0.16536573,0.12734827,0.5038054,-0.32848993,0.14342494,0.005269822,-0.2789669,0.6365555,0.25028956,0.2897214,0.016484288,-0.17605494,-0.42837924,-0.4868241,-0.30572572,0.4008099,0.6132657,0.06015951,0.6641254,0.38627762,0.44529703,0.07182157,-0.97949743,0.0633691,0.25983942
Geet,-0.40791178,-0.47128722,0.026604857,-0.13573518,0.65304565,-0.43844873,0.8577654,-0.01522761,-0.04388172,0.22359839,0.19881585,0.35936046,0.08421826,-0.37742326,0.515579,-0.25879925,0.20204583,0.4434459,-0.08577721,0.19072965,-0.56248045,-0.23877928,0.016890522,0.4794576,0.36163142,0.13473137,-0.07820258,0.24592532,0.4108525,0.13068186,-0.27211565,-0.70750946
Gwo_Ka,0.19038554,0.00634206,-0.100035615,-0.35580087,-0.107924454,-0.25458133,0.30695465,-0.22251041,0.005690538,0.49004802,-0.1071953,0.28432798,0.049210243,-0.36733282,0.32401568,0.14829664,0.47021008,0.060438383,-0.120311394,-0.24138664,-0.133133,-0.101987146,0.27942994,0.6032552,-0.20348327,0.6088904,0.19303498,-0.01667986,0.0010365322,-0.66130805,-0.12524748,-0.08086016
Hill_Country_Blues,-0.30528915,0.015246365,-0.23171273,0.47828147,0.78554046,-0.5717177,0.3637736,-0.034040228,-0.18375355,0.25835758,0.05911842,-0.8582106,0.38001764,-0.34295133,0.6437563,-0.35616276,0.23219144,-0.12804049,-0.30416253,-0.4960117,-0.18093778,0.4467989,0.3608139,0.33252478,0.053204723,0.22819452,0.16036554,0.7395759,0.2535171,-0.37349612,0.0073660105,0.0389133
Nintendocore,-0.18608744,-0.06981519,0.37739792,-0.031840622,-0.35004246,-0.15668325,0.30318815,-0.09524735,0.053722437,-0.14157714,-0.05721786,0.6727251,-0.35488766,-0.18175374,-0.29430023,-0.2033604,-0.2775333,-0.7966989,-0.81264275,0.42172307,0.40995643,0.26767918,-0.32253814,0.061470404,-0.2546137,0.014563364,0.5913532,-0.1179651,-0.30357736,0.22187057,-0.7395111,0.44006306
Anatolian_Rock,0.03939519,-0.062003374,-0.02442329,0.25853872,-0.05944473,-0.052989025,0.4190655,0.12876175,-0.0986784,0.040545244,0.2166504,-0.11245041,0.32007453,-0.036120184,-0.066654414,-0.075683616,0.459654,0.34545845,-0.3363155,0.030196775,-0.21812561,-0.095012106,0.5278247,0.26543036,0.10771941,-0.24980481,-0.12002049,-0.037199643,-0.14569771,-0.18277214,0.045190237,-0.1720076
Philippine_Classical,0.20315681,-0.14555147,-0.05490878,0.1414511,0.13475077,-0.2855437,0.34794533,0.08434068,-0.16619101,0.06136374,0.5994919,0.03978315,0.012335995,-0.33583128,-0.11052679,0.18163504,-0.17985779,0.16515842,-0.019277183,-0.1725582,0.22209573,0.17548995,0.44328383,0.08570277,0.24669783,0.46002376,0.119813226,0.17021282,0.16374385,-0.09215676,-0.044607718,-0.15525956
Neo-Classical_Metal,-0.2624489,-0.23218304,0.20194268,-0.27797106,0.12327322,0.14749135,0.6226787,-0.058403734,-0.12876411,0.12824208,-0.17780289,-0.42512754,0.07016899,-0.0018409854,-0.6603527,0.107146785,0.34878537,-0.01657784,-0.014928704,0.025711859,0.27676105,0.1695309,0.3379317,0.33105952,0.3523423,-0.012597684,-0.17712583,-0.24662942,-0.010681602,0.21962899,-0.6781351,0.18083498
Crossover_Thrash,-0.36654836,-0.31431183,0.32698038,-0.005175077,0.03471491,0.29087168,0.38712758,-0.07527272,-0.2313319,-0.08581349,-0.15998957,0.27913082,0.020104388,-0.47986495,-0.034018524,-0.2020517,0.25740442,-0.077665515,-0.344678,0.36775154,0.60881597,0.4381873,0.1941274,0.4033373,0.29838404,0.16138758,-0.02410488,-0.032730266,-0.08441578,0.010876344,-0.6191576,0.41115525
Mouth_Music,-0.18339957,-0.09510945,-0.3284579,0.028209822,0.48368832,-0.39418513,0.327692,-0.09795956,-0.36177,0.29641223,0.6262243,0.2335211,0.22059056,-0.15208597,0.16085662,-0.16873808,-0.117365785,0.21349673,-0.044937607,-0.48650473,-0.43537533,-0.12844072,0.61999315,0.040728953,0.1543415,0.594524,-0.14145006,0.17644641,0.20481168,-0.21508181,-0.21230692,0.07581035
Gnawa,0.11786924,-0.3078362,0.027965328,-0.20858422,0.1705655,-0.25293478,0.543083,-0.05626453,0.12519796,0.36392522,-0.06419383,0.1781562,0.02555135,-0.35797036,0.5064739,0.13350782,0.44776592,-0.038110353,-0.15362516,-0.443904,-0.5219417,-0.41723132,0.6055049,0.50574625,0.1860283,0.6228131,0.2895246,0.28807425,0.18641077,-0.8243902,0.08745327,0.33009684
Dangdut,0.095651835,-0.15097845,0.080810174,-0.15424873,0.06291613,-0.06916468,0.4244693,0.11718535,-0.10623757,0.12244175,0.39651433,-0.05474947,0.11815222,-0.24644093,0.21387441,0.08663572,0.09972403,0.23325527,-0.014812106,-0.080018334,-0.07199765,-0.21899323,0.18806472,0.11924769,0.032578427,0.11303854,0.0011454164,-0.08461077,-0.116881564,-0.14249052,-0.0015187802,-0.24921574
Cobla,-0.030601356,-0.20769072,-0.3311251,-0.06678075,0.457568,-0.023216998,0.7243744,-0.020512968,-0.3282991,0.35104582,0.62727267,0.31613097,0.15765655,-0.27016145,-0.14196554,0.29632726,-0.16216497,0.07145001,-0.30099362,-0.42501637,0.13770175,-0.120897524,0.69794804,-0.030557431,0.29188538,0.42466486,0.17813492,0.20597802,0.11350905,-0.4904607,-0.09380161,0.063591585
Piobaireachd,-0.29855686,-0.23176776,-0.25205842,-0.26191217,0.5521813,-0.025878599,0.4824909,0.16470347,-0.59589356,0.14366183,0.76318944,0.40840688,0.42630893,0.09037438,0.11131423,-0.22540937,-0.19492295,0.31045416,-0.031201111,-0.36028558,0.05942092,-0.09833358,0.47528753,-0.008546675,0.10310168,0.8106413,-0.14423214,0.08967337,0.23666707,-0.3319461,-0.3948183,-0.07276449
Phleng_Phuea_Chiwit,0.17760843,-0.11607566,-0.18566188,-0.05259235,0.3391306,-0.10540529,0.35889342,0.06274407,0.08415797,0.3212154,0.35676107,0.09871131,0.20812769,-0.13608362,0.0755111,0.15014881,0.00081829994,0.11342548,-0.19380102,-0.18121745,0.20236515,0.07719024,0.5284823,-0.05711825,0.25630528,0.3749032,0.006714194,0.032996986,0.07422181,-0.055005345,-0.077603854,-0.00078184734
Junkanoo,0.13805647,-0.07242598,0.27276045,-0.12164025,0.12736149,-0.07841597,0.45094073,0.039451957,0.08407062,0.08363931,0.1090329,0.21816674,0.13749346,-0.3130309,0.49980646,0.1608601,0.06426018,0.16212831,0.01994944,0.05411116,0.2146768,0.21581943,-0.1286965,0.5129786,0.062447228,0.4668503,0.05317597,0.12533775,0.23538761,-0.38788998,-0.19401507,-0.16092753
Kuduro,-0.12512693,-0.10973896,0.26411417,-0.063616335,0.09093818,0.057377867,0.27194315,-0.052946184,0.35674855,0.07696403,-0.6270164,-0.30847815,0.09171652,-0.23786446,0.45475432,-0.037367783,-0.05808851,-0.23261376,-0.30774364,-0.24643224,-0.05555824,-0.2957553,0.068698294,0.04453137,0.036734473,0.3468565,0.17011428,0.2227327,0.06983097,-0.22120297,-0.2966211,0.3892979
Rune_Singing,0.10644671,-0.106384635,-0.3490234,0.0110840835,0.45897257,-0.28410542,0.36732054,-0.100400805,-0.2270186,0.25841984,0.521411,0.2497067,0.16507281,-0.17999195,0.0075337035,0.14507444,-0.016342007,0.018193835,-0.13552321,-0.14252236,-0.3454228,-0.2357604,0.6481657,-0.15326461,0.35163346,0.7096255,0.21582519,0.20420076,-0.000986116,-0.08309102,-0.15516683,0.043003753
Neopagan,-0.22998649,-0.18682893,-0.12983084,-0.0843934,0.5146238,-0.24032983,0.28709075,-0.019269366,-0.3702633,0.28125954,0.49209312,0.009947336,0.16016982,0.015711306,-0.25499198,0.07367812,0.05070886,0.07092591,-0.13887025,-0.2855923,-0.08312333,-0.070096076,0.58587533,-0.09199928,0.29838967,0.43064803,-0.26317358,-0.061789718,0.25901124,0.05191822,-0.38315815,0.15618806
V-pop,0.303347,-0.29026714,0.22011942,-0.10747787,0.01912638,-0.040151086,0.25382844,0.09451075,-0.1359045,0.21059786,0.3635882,-0.25769803,-0.15212898,-0.26322776,-0.026575876,0.086862005,-0.1787859,0.027632406,-0.08348048,0.07754001,0.15691686,0.16273287,0.1497381,-0.26172253,0.21095872,0.19627188,0.2856315,0.1336273,0.14403237,-0.13385598,0.13288313,-0.1480009
Antifolk,0.08152344,-0.025818909,0.12132078,0.18747014,0.2445586,-0.11695891,0.028621256,0.016409362,-0.08485639,0.11968124,0.39368847,0.07093891,0.13723323,-0.10293904,0.12112507,-0.14301744,-0.083595626,-0.01814099,-0.11912942,-0.039339602,0.11688234,0.04098226,0.3042069,-0.1937129,0.0300093,0.07913869,0.18776776,0.17505847,-0.04752835,-0.04290851,-0.123726934,0.079558
Lullaby,0.16395393,-0.14764178,-0.09789332,-0.10063583,0.018507931,-0.2740962,0.36989567,0.07428207,-0.14316034,0.036775503,0.68154275,0.15339227,-0.3558316,-0.40213817,-0.05421763,-0.038659878,-0.28244308,-0.08581501,0.010388334,-0.2230156,-0.025511837,-0.24435745,0.43923613,0.08703877,0.12871934,0.19602889,-0.26492488,0.38247955,0.007992588,-0.16535869,-0.056245998,-0.053553466
Percussion_Ensemble,-0.040197153,0.10615989,-0.10076081,-0.2975181,0.07715085,-0.08515528,0.121318735,-0.498917,0.29755777,-0.15345836,0.34786445,-0.19951129,-0.268177,-0.46781677,0.3879644,-0.07642287,0.26948854,0.21233973,0.08249281,-0.22200786,-0.05382098,0.04872162,0.1769237,0.21466604,0.24917036,0.27763277,-0.05568379,0.41695535,0.056483913,-0.35742912,-0.28664538,0.0553481
Duranguense,0.23652202,0.072439924,-0.0100788055,-0.08009537,0.0012679,0.38558275,0.49282262,-0.10125224,0.03174243,0.077521056,0.1342492,-0.06701287,0.33734858,-0.020275602,0.06811648,0.07677328,-0.280052,0.0072370092,-0.054407254,-0.1717974,0.030341525,0.14516722,0.28581083,-0.54453576,0.04027938,0.27313074,0.48403382,0.09527691,0.20514831,-0.3189839,-0.074609965,0.5759854
Tamburitza,0.22550207,-0.096496776,-0.23083179,-0.024089603,0.3327523,-0.25880828,0.37743464,0.122973055,-0.04759075,0.20454203,0.42021987,0.19050007,0.07665254,-0.14403225,0.076079585,0.12055153,-0.037611708,0.08387403,-0.12995206,-0.15640312,0.24001768,0.08750635,0.4888642,-0.07184815,0.22453831,0.5519993,0.14634863,0.1598729,0.10297036,-0.05369886,-0.01689596,0.0065218094
Thai_Classical,-0.062370792,-0.11086487,0.012479351,-0.11852347,0.18981862,0.03510301,0.30796358,-0.040077247,0.06707768,0.0086236615,0.34434783,0.10855938,0.13726114,-0.43451667,0.1711435,0.1333251,0.0026038012,0.16835348,-0.17159395,-0.3314534,-0.22341378,-0.20887238,0.27162004,0.31329712,0.2213228,0.14930223,-0.16567639,0.17258014,0.17442496,-0.16638827,0.044923782,-0.17779277
Funkot,-0.3469226,-0.40162137,0.12124586,-0.0989556,-0.09710613,0.34655792,0.5956964,0.19069111,0.24313273,-0.37763387,-0.05099624,0.20181336,-0.014134569,-0.32003996,0.127723,-0.16734704,-0.053561665,-0.3868615,-0.17669362,-0.20269231,0.1256331,0.18948233,-0.13528207,-0.06252698,-0.06337607,0.18983535,0.24352679,0.11284083,-0.100933075,0.1897345,-0.25459278,-0.13902333
Pagode,0.26773205,-0.40231973,0.16015089,-0.7541322,-0.45171207,0.2096733,0.35640213,0.07593528,-0.2224314,0.24090713,0.12047053,0.23360848,-0.023799418,-0.4819274,0.49345067,-0.09266334,0.031965896,0.13213348,0.28277484,-0.28454664,0.10035265,0.434646,0.43322706,0.05210333,0.47651917,-0.023711938,0.39914027,-0.15366045,-0.05210774,-0.08861984,-0.13226277,0.43825066
Gusle,0.23450106,-0.01795205,-0.17451814,0.0450696,0.44055524,-0.24904218,0.36779773,0.09034133,-0.07309756,0.18936493,0.47867194,0.2099983,-8.673387e-05,-0.19662702,-0.006323307,0.3007139,-0.015355022,0.08697939,-0.2211173,-0.31711152,0.22620404,-0.012000115,0.46866474,0.022422882,0.15067965,0.2966553,-0.06581198,0.24736992,-0.013265184,-0.01631899,-0.026304718,0.029412577
Gqom,-0.10812343,0.13357487,0.27136216,-0.09720756,0.090626426,-0.16318315,0.34266546,-0.08856719,0.20303245,0.045895763,-0.5055452,-0.18047324,0.056932196,-0.18538046,0.49816722,0.073370904,-0.002862266,-0.23517959,-0.16554917,-0.34880894,-0.071494594,-0.40470394,0.15994905,0.20709758,-0.04850698,0.35675812,0.112228066,0.36287662,0.13269424,-0.37976223,-0.083267935,0.42959142
Keroncong,0.031249065,-0.04005758,-0.08654616,-0.14458337,0.15822242,-0.18430513,0.25886196,-0.035416063,-0.15223052,0.118090644,0.2875967,0.071621045,0.0134349195,-0.10723845,0.12724043,0.03237055,0.09282382,0.21085925,0.0264107,-0.099244066,-0.06891107,-0.042743362,0.25120667,0.114582695,0.18773766,0.22595352,0.11992655,0.2352535,0.14687419,-0.16724913,-0.11082417,-0.17431723
Zhongguo_Feng,-0.09631015,-0.6923857,0.25647256,-0.12363811,0.19520922,-0.15354985,0.18173204,0.12995453,-0.2564861,0.17628828,0.24464636,-0.361334,-0.17158519,0.07221285,-0.103566065,0.06527118,-0.20693827,0.13291386,0.1460934,-0.10269052,0.3469646,-0.31509513,0.12304498,0.038982544,0.026992755,0.18596679,0.29953957,0.40696347,0.28729355,0.23170625,0.033429466,0.22745697
Tamil_Film_Music,-0.0488703,-0.14141265,0.057072937,-0.1655355,0.2395654,-0.17873044,0.531506,0.103392035,0.00753701,0.1840796,0.33003455,0.101048805,-0.09085931,-0.36240873,0.17015941,0.06441144,0.05436733,0.2683591,0.0019093937,-0.09274618,-0.13252418,-0.056622926,-0.017360551,0.21567927,-0.025232747,0.118832484,-0.21584484,-0.026128134,0.03175339,-0.008779239,0.024118137,-0.14044732
Snap,0.016597152,-0.03135448,0.47867644,-0.12479205,0.24258679,-0.21327546,0.29781693,-0.2603766,0.24266244,-0.05703903,0.12345474,-0.4915703,-0.20609443,-0.07928784,0.23210602,-0.067344226,-0.124798805,-0.27265334,-0.18501252,-0.110134795,0.45721716,-0.21601592,-0.05433016,0.36203358,0.06219612,0.26800713,-0.12919332,0.35764048,-0.11424487,0.18408693,-0.4470157,0.0487693
Rapso,0.012367655,-0.1804706,0.2327887,-0.16020922,0.21897635,-0.057129107,0.38626835,-0.21839307,0.2131293,0.1663923,-0.02726814,0.28682917,0.13641599,-0.17844094,0.37488922,0.13350351,0.1110148,0.2007339,-0.03224481,-0.047812004,0.10812966,-0.082531594,0.07338041,0.4290199,0.110351205,0.5122911,0.089265965,0.12531398,0.17514266,-0.40429544,-0.19150326,0.016031427
Shaabi,0.05733803,-0.100776,-0.02079842,-0.11825594,0.17041402,-0.049006447,0.28218198,-0.0524117,0.08378861,0.13197406,0.15065524,0.025878439,0.040254362,-0.12770368,0.10458373,0.04056568,0.15503341,0.04692253,-0.15303172,-0.22693503,0.00821899,-0.009635589,0.2681444,0.049266562,0.057906292,0.29408485,0.06870129,0.13880795,0.033428315,-0.060200337,-0.101070695,-0.120320454
Sean-nós,-0.1877958,-0.06185998,-0.043764357,-0.117310606,0.27865055,-0.08859037,0.31513974,0.1583905,-0.27022052,0.09865357,0.49923792,0.14936373,0.16642258,-0.10206202,-0.04371334,-0.04168864,-0.075717054,0.16627662,-0.028561702,-0.24415697,0.10527894,-0.020750059,0.31484097,0.03365312,0.17743467,0.3616866,-0.10018242,0.113140404,0.14650035,-0.24952193,-0.20910871,-0.0055793566
Taarab,0.16078666,-0.11400477,0.016339308,-0.30723247,0.18455677,-0.106614724,0.53240013,-0.15817724,-0.022879701,0.33515197,0.009702119,0.20866606,0.12696962,-0.28117853,0.4015406,0.020937948,0.2335686,-0.038505282,-0.26600358,-0.29961348,-0.2781611,-0.17033069,0.5254483,0.4041075,0.11317964,0.6080812,0.1904408,0.23353788,0.074814126,-0.61791235,0.048827745,0.13793612
Guggenmusik,0.33303988,-0.1278971,-0.15128449,-0.297814,0.16516706,0.02948178,0.4141061,0.041444834,-0.26303616,-0.10097056,0.40088618,0.15941656,-0.024586698,-0.10449794,0.32474697,0.0647471,-0.1246177,-0.05126503,-0.054837633,-0.13984434,0.18693915,0.18657713,0.43110538,-0.086360514,0.19534844,0.6747316,0.0050984235,0.06544675,0.050794862,-0.06611895,-0.35404482,0.017584275
Bubbling,0.016698988,-0.123659305,0.3450249,-0.09709296,0.26578557,0.03969611,0.14226955,-0.036142714,0.3234935,0.1371226,-0.042075235,0.053697936,0.24779265,0.015829721,0.13098869,0.15237555,-0.024991972,0.13631879,0.0034563863,-0.05384609,0.1076618,-0.26000857,0.015040486,0.31272027,-0.07299765,0.476351,0.04141034,0.19845654,0.093987115,-0.27162397,-0.31503177,0.0054039825
Korean_Court_Music,0.073526196,-0.117961004,-0.14437209,-0.021283325,0.23153684,-0.18160914,0.27469382,-0.027182298,-0.0010202584,0.13663109,0.14450851,0.0929081,0.08255809,-0.21775976,0.016415218,0.041583512,-0.022549853,0.11560599,-0.09274557,-0.029164322,-0.018654153,-0.076888554,0.2742927,0.0012443131,0.20370713,0.31755766,0.009258514,0.2216277,0.116998285,-0.031218711,-0.13846074,-0.06113322
Suomisaundi,-0.22949384,-0.1901373,-0.19409758,-0.019517625,-0.028528817,0.12637888,0.20188496,0.021561068,0.32791945,0.015748424,0.31533757,-0.09970494,0.08327534,-0.015234568,0.41351843,-0.47901657,0.08599198,-0.048699334,0.020718412,0.107373476,-0.12132812,-0.22452255,0.2235061,0.05760254,0.3178102,0.1752548,-0.13250768,0.039900426,0.13921249,-0.06382883,-0.21057689,-0.23266457
Bel_Canto,0.19703016,0.014738051,-0.09573454,-0.16514581,0.0679966,0.08876634,0.27362898,0.1423728,0.097702585,-0.21087174,0.081124455,-0.15943332,-0.26858792,-0.21578345,-0.010768184,-0.19186045,0.04411107,0.014424407,0.111660734,-0.028215433,0.08128372,-0.011408912,0.2552914,-0.17273568,0.33185893,0.15721495,-0.1725388,0.18688165,0.024060106,-0.23170388,-0.31817514,0.13379127
Persian_Pop,0.12291134,0.02260337,0.16815256,-0.052838627,0.064250685,-0.11333819,0.32411298,0.0069570392,-0.0475166,0.038523618,0.19507223,-0.14798966,-0.017637478,-0.27934748,0.19743478,0.10931477,0.07871983,0.07096676,-0.22126232,-0.021354448,-0.036682237,-0.08033925,0.27316523,0.22511432,0.23162006,0.16527675,0.07527242,-0.025907295,0.04715312,-0.15814859,0.044209424,-0.13770196
Bangladeshi_Classical,-0.16855812,-0.25449434,-0.10633354,-0.1715571,0.21326263,-0.083314106,0.40380877,0.029251533,-0.09492028,0.11548043,0.23644185,0.09249277,0.04518614,-0.2546476,0.0263016,-0.0066892924,-0.055298716,0.09736804,-0.14792943,-0.1288337,-0.18066649,-0.11216839,0.2032558,0.09292797,0.14588864,0.2295748,0.009848203,0.17185135,0.20721461,-0.22689849,-0.11420735,-0.18423551
Currulao,0.13860941,-0.0027782263,0.1837294,-0.10542583,0.013280834,0.14414474,0.35088256,-0.16958775,0.24013227,0.18967941,0.0788128,-0.085749105,0.081578314,-0.18402128,0.054989744,0.17765592,0.055518948,-0.061101317,-0.23946093,-0.22331852,0.23325804,0.06882278,0.2805464,-0.10435082,0.18422101,0.03997535,0.17045285,0.056472585,0.21086241,-0.42713428,-0.017091759,0.26025352
Lao_Music,-0.13322654,-0.12583053,0.025374088,-0.029743234,0.15212998,-0.22172727,0.32522792,-0.06482639,-0.041447528,0.11517857,0.17928557,0.06594801,0.06482972,-0.19767185,0.184337,-0.0028690884,0.044128798,0.123892985,-0.19803402,-0.031154683,-0.1507618,-0.06909992,0.26003823,0.18504485,0.16038741,0.35620794,0.015970055,0.1353915,0.14948763,-0.13358918,-0.16999038,-0.17906508
Luk_Krung,0.07972635,-0.15649948,0.1057349,-0.12523443,0.079829276,-0.0064561404,0.28205222,-0.049305633,-0.022836655,0.110226944,0.1696184,0.042159688,0.025264878,-0.25621063,0.15400273,0.06286546,0.06757174,0.08506612,-0.13474001,-0.015763724,-0.006858085,-0.08891737,0.10690982,0.24352281,0.06636751,0.15898575,0.04994931,0.083818346,0.15618363,-0.07802764,-0.13637729,-0.08993048
Izvorna,0.024088418,-0.045386504,0.0054727113,0.0019030513,0.12565711,-0.052379165,0.2147241,0.07584964,0.012763457,0.10415301,0.19211143,0.0013783234,0.023265425,-0.07921319,0.0837542,0.046715617,0.0104434155,-0.0009870434,-0.095663965,-0.08711453,0.09315821,0.009183427,0.25904006,-0.0418405,0.09599501,0.18247452,0.03610987,0.1267588,-0.008253239,-0.052894704,-0.114177026,-0.017329987
Frevo,0.046130676,-0.10691077,0.090855874,-0.35123453,0.0034174803,0.18626086,0.2976075,-0.017175753,-0.07945531,0.20215596,0.052632965,0.01929212,0.12015842,-0.12961192,0.21504796,0.03148938,0.0044742906,0.114094,0.06546295,-0.016078835,-0.02891439,0.20951831,0.28167018,-0.025818938,0.18604869,0.08870826,0.19871785,0.03581624,0.052737188,-0.105125874,-0.22602761,0.1532522
Yoruba,0.09344308,-0.11593221,0.13125204,-0.18159185,0.07692229,-0.124601915,0.4524079,-0.119470246,0.028152928,0.23995434,0.074295476,-0.098088615,0.045244902,-0.3104283,0.22104736,-0.036184482,0.24995892,-0.107723184,-0.25595322,-0.27594602,-0.14303075,0.06489543,0.37758023,0.33777535,0.018313875,0.34457535,-0.0009084676,0.21483922,0.11447659,-0.4654807,-0.06539754,0.043034427
Cambodian_Classical,0.012114024,-0.057953093,0.030742012,-0.044087034,0.12310559,-0.06407827,0.27241144,-0.01877275,-0.09321398,0.1729573,0.18970312,0.11405231,0.052989833,-0.09126143,0.037853476,0.03875535,-0.040956344,0.07542,-0.076703355,-0.20301175,-0.15368998,0.022869503,0.300681,0.15683876,0.09101029,0.21534386,-0.07106669,0.057039943,0.09065629,-0.31655198,-0.10114003,-0.006558667
Shomyo,0.08738643,-0.025647141,0.10830625,-0.09422337,0.21821523,-0.24063547,0.36317447,0.024342146,-0.09551243,0.1255937,0.2845735,-0.026345832,-0.023957808,-0.16913389,0.010253461,-0.08197478,-0.09335877,0.043190412,-0.04357308,-0.40850785,-0.04248882,-0.02940929,0.32842982,-0.010784567,0.10358287,0.17698514,-0.30393863,0.20573017,0.19711204,-0.26323763,-0.23474126,0.055581506
Khaliji,-0.0301505,-0.19610877,0.15787221,-0.14702219,0.12259394,-0.018788358,0.27934998,-0.0068404926,0.10204499,0.1837523,0.08157059,0.016837038,0.059050757,-0.20340782,0.08739017,-0.004114861,0.08564681,-0.026490157,-0.11399624,-0.15418816,-0.072412014,-0.09579107,0.28348732,0.0674516,0.15008686,0.35026664,0.14474145,0.14321895,0.091223724,-0.26325804,-0.08983191,-0.07394321
Amapiano,0.016015528,0.039424848,0.09017066,-0.075491086,-0.026741223,-0.049039416,0.24057871,0.003167205,0.043925367,0.081561215,-0.07630782,-0.0863754,-0.0675816,-0.1200027,0.14475317,-0.03756803,0.0808735,-0.08408667,-0.08552928,-0.07047834,-0.07944716,0.02647069,0.18680117,-0.019332888,0.018983984,0.19908881,0.07560979,0.09195983,0.13381012,-0.26862773,-0.04448872,0.04852404
Atonal,0.019445982,0.12110889,0.061457265,-0.20003016,-0.0029525824,-0.010534909,0.20794098,0.030274203,-0.0020270492,-0.06138144,0.21032767,-0.030100925,-0.13823372,-0.19735253,-0.05171958,-0.20796536,0.10700063,0.025890552,0.10925284,0.048441794,-0.042860333,0.059201334,0.08930364,-0.17416312,0.13755178,0.1550597,-0.13179938,0.1512115,-0.056474958,-0.03670955,-0.20648596,0.05546459
Style_Galant,0.022781665,0.09361331,0.02020577,-0.0066020694,-0.021385659,0.034588296,0.0003332743,-0.018906994,0.04151055,-0.039453775,0.00020827222,-0.13617791,-0.09488853,-0.06664407,-0.05283699,-0.05306869,0.016639864,-0.07280558,0.06231878,0.046011154,-0.04816671,0.03666728,0.00085772894,-0.041399088,0.08088481,0.017915614,-0.11483134,0.05790803,0.0141664725,-0.055101007,-0.16730012,-0.009526954
Filk,0.042473707,-0.1019025,0.053478383,-0.061642427,0.11912064,-0.04747224,0.23924711,0.011964725,-0.076505385,0.10660089,0.10770935,0.08553907,-0.042665914,-0.055937514,0.08673454,-0.012560474,0.022430088,0.0067948117,-0.054639123,-0.040339626,0.010978485,0.045120273,0.27437696,0.06612642,0.09060081,0.16019617,0.06069074,0.09005008,0.049273506,-0.08864304,-0.07407453,-0.011987728
Spectralism,-0.061495416,0.02916609,-0.047623307,-0.08121051,0.008402752,-0.09008926,0.20424509,-0.0092361765,-0.13527445,-0.011822445,0.1584075,-0.0097208815,-0.10283648,-0.22667447,0.0015593023,-0.08148036,0.15313767,0.039155163,-0.07484697,-0.020125926,0.043541886,-0.01753685,0.2112362,-0.09657586,0.09309842,0.20525834,-0.033998415,0.12060963,-0.045356695,-0.0772236,-0.2823124,0.08027566
Low_Bap,0.06786025,0.033703372,0.10464382,0.019217458,0.058088664,-0.0816615,0.17755368,-0.08592323,0.006429889,-0.041483417,0.1274406,-0.11133764,-0.058481496,-0.03898857,0.10787143,0.04251509,-0.010192988,-0.010499347,-0.12942381,-0.08181973,0.21092802,-0.028226461,0.11379927,0.17190813,0.18444635,0.21902965,-0.0134871965,0.15734576,0.07430745,0.0051926523,-0.22156198,-0.007684531
Brega,0.07137014,-0.037458804,0.0885842,-0.12309925,0.060472336,0.1057096,0.24968328,-0.008976105,-0.061740614,0.10283482,0.098830655,0.0066192755,-0.0120215,-0.09850993,0.07731649,0.018810686,0.035300355,0.023676164,-0.024933849,-0.041389238,0.06084609,0.09840058,0.17938279,-0.05894793,0.1454556,0.03722511,0.12167851,0.034718517,0.023255648,-0.06407808,-0.1244721,0.083347484
Azonto,0.049242396,-0.0594614,0.092378944,0.054160535,0.17480572,-0.042897128,0.15012549,0.039291147,0.09878823,0.067313835,-0.073166974,-0.009551025,0.05492254,-0.08322902,0.12850082,0.02714902,-0.004472862,0.1125551,0.00091374957,-0.039797228,0.07179519,-0.10086576,0.06872016,0.085001945,0.05673999,0.27122563,0.05903133,0.114622734,0.10800794,-0.1541882,-0.10440807,0.054954797
Rōkyoku,-0.006845778,-0.10377218,0.15131027,0.010156596,0.0140832355,-0.0334649,0.22696522,0.09937748,-0.10247743,0.055397358,0.14826782,-0.05527582,-0.03661833,-0.1431891,-0.048438158,0.04100743,-0.045987424,0.025905762,-0.17219445,-0.025029024,0.06345489,-0.0123076225,0.13109598,0.040844433,0.049623698,0.11823919,-0.038365655,0.046375185,0.058433358,-0.020502385,-0.09192615,-0.025610732
Aleatoric,-0.0004197744,0.13987845,-0.014098688,-0.08294421,0.015813166,-0.017145334,0.07536393,0.022831123,-0.021421405,-0.010676909,0.03208743,-0.028650044,-0.14392723,-0.11918426,-0.04588479,-0.08525187,0.057417832,-0.0119182095,-0.027386205,0.041226853,-0.041796252,0.041732155,0.043065336,-0.14917451,0.06901503,0.049646948,-0.042405356,0.06779774,-0.06709946,0.007214699,-0.12682764,0.117382236
Singspiel,0.07342368,-0.014932367,-0.009845212,-0.038934313,0.0741291,0.09689058,0.12508096,-0.04614889,0.00689557,-0.05665155,0.026975418,-0.17472348,-0.06590469,-0.14543204,-0.009565144,-0.12670428,0.052059483,-0.042383533,-0.0204614,-0.022443712,0.0006901185,0.06758554,0.06886381,0.040860903,0.0295128,0.075632624,-0.029488642,0.08138037,0.07217164,-0.0567682,-0.185253,-0.038505975
Honkyoku,0.03940803,-0.04989317,0.052596193,-0.013623347,0.11239813,-0.0336296,0.23761311,0.031142348,-0.036504455,0.11530857,0.20156358,-0.081062034,-0.02340217,-0.105685815,-0.0018635474,-0.0107531175,0.0131507795,-0.014080176,-0.12173765,-0.12292504,0.048758406,0.058249358,0.22597858,-0.009820109,0.10665378,0.14869611,-0.056759957,0.07686427,0.07228215,-0.09429422,-0.17252414,0.022631746
Byzantine,0.026509682,-0.09230962,0.015128538,-0.07275976,0.10187034,-0.026280923,0.114335954,0.053149056,-0.0068117464,0.09350878,0.12569042,0.010723443,0.01708441,0.006774191,0.004417597,0.018465517,0.02811419,-0.023269828,-0.0642691,-0.06031927,0.02127686,-0.034177873,0.14167355,-0.06298528,0.09084572,0.09435603,-0.0962061,0.0050780056,0.07483088,-0.06847503,-0.14408372,0.11021072
Klasik,-0.04757879,-0.10260492,0.058447562,-0.07146359,0.16398352,-0.06179143,0.23437266,-0.0029101197,-0.08572382,0.16560979,0.11051524,0.037045542,0.078375645,-0.13591273,0.04857928,-0.06458969,0.036798675,-0.002739255,-0.1561494,-0.0992488,0.007273763,0.11337358,0.1895013,0.079385735,0.074726544,0.28908247,0.017571812,0.13018441,0.08272811,-0.15716745,-0.13903709,-0.13392481
Futurism,0.05714976,0.07213202,-0.042396594,-0.052397292,0.030153556,0.046834957,0.16631074,-0.047653206,-0.05197191,-0.054927308,0.048548535,-0.066368416,-0.11604625,-0.09371502,0.03016186,0.0054729115,0.07829805,-0.045340315,0.00021358847,-0.0093309935,0.029726172,0.033461887,-0.04183044,-0.08676552,0.1171891,-0.012749172,-0.00044266193,0.027204504,0.008878881,-0.0400179,-0.100707054,0.12872614
